example_id,split
GEN-1,train
GEN-2,train
GEN-3,train
GEN-4,test
GEN-5,train
GEN-6,train
GEN-7,train
GEN-8,train
GEN-9,dev
GEN-10,train
GEN-11,train
GEN-12,train
GEN-13,dev
GEN-14,test
GEN-15,train
GEN-16,train
GEN-17,train
GEN-18,train
GEN-19,train
GEN-20,train
GEN-21,train
GEN-22,train
GEN-23,train
GEN-24,train
GEN-25,train
GEN-26,train
GEN-27,train
GEN-28,dev
GEN-29,train
GEN-30,dev
GEN-31,dev
GEN-32,train
GEN-33,train
GEN-34,train
GEN-35,train
GEN-36,train
GEN-37,train
GEN-38,test
GEN-39,train
GEN-40,train
GEN-41,train
GEN-42,test
GEN-43,train
GEN-44,train
GEN-45,train
GEN-46,train
GEN-47,train
GEN-48,train
GEN-49,train
GEN-50,train
GEN-51,test
GEN-52,train
GEN-53,dev
GEN-54,train
GEN-55,dev
GEN-56,train
GEN-57,train
GEN-58,test
GEN-59,train
GEN-60,train
GEN-61,dev
GEN-62,train
GEN-63,train
GEN-64,train
GEN-65,train
GEN-66,train
GEN-67,dev
GEN-68,train
GEN-69,train
GEN-70,train
GEN-71,test
GEN-72,train
GEN-73,test
GEN-74,test
GEN-75,train
GEN-76,train
GEN-77,train
GEN-78,train
GEN-79,test
GEN-80,train
GEN-81,train
GEN-82,train
GEN-83,train
GEN-84,train
GEN-85,train
GEN-86,train
GEN-87,dev
GEN-88,train
GEN-89,train
GEN-90,train
GEN-91,test
GEN-92,train
GEN-93,dev
GEN-94,train
GEN-95,train
GEN-96,train
GEN-97,train
GEN-98,train
GEN-99,test
GEN-100,train
GEN-101,dev
GEN-102,train
GEN-103,train
GEN-104,train
GEN-105,train
GEN-106,train
GEN-107,train
GEN-108,dev
GEN-109,train
GEN-110,train
GEN-111,train
GEN-112,train
GEN-113,dev
GEN-114,train
GEN-115,train
GEN-116,test
GEN-117,dev
GEN-118,train
GEN-119,train
GEN-120,train
GEN-121,dev
GEN-122,train
GEN-123,train
GEN-124,dev
GEN-125,train
GEN-126,train
GEN-127,dev
GEN-128,train
GEN-129,train
GEN-130,train
GEN-131,train
GEN-132,train
GEN-133,train
GEN-134,train
GEN-135,train
GEN-136,train
GEN-137,test
GEN-138,dev
GEN-139,train
GEN-140,train
GEN-141,train
GEN-142,train
GEN-143,train
GEN-144,dev
GEN-145,train
GEN-146,train
GEN-147,dev
GEN-148,train
GEN-149,test
GEN-150,train
GEN-151,train
GEN-152,train
GEN-153,train
GEN-154,dev
GEN-155,train
GEN-156,dev
GEN-157,train
GEN-158,test
GEN-159,test
GEN-160,train
GEN-161,test
GEN-162,train
GEN-163,train
GEN-164,dev
GEN-165,train
GEN-166,dev
GEN-167,train
GEN-168,train
GEN-169,train
GEN-170,train
GEN-171,train
GEN-172,train
GEN-173,train
GEN-174,train
GEN-175,train
GEN-176,dev
GEN-177,dev
GEN-178,train
GEN-179,train
GEN-180,test
GEN-181,train
GEN-182,test
GEN-183,train
GEN-184,train
GEN-185,train
GEN-186,train
GEN-187,train
GEN-188,train
GEN-189,test
GEN-190,test
GEN-191,train
GEN-192,dev
GEN-193,train
GEN-194,dev
GEN-195,train
GEN-196,train
GEN-197,train
GEN-198,train
GEN-199,train
GEN-200,train
GEN-201,train
GEN-202,train
GEN-203,train
GEN-204,train
GEN-205,dev
GEN-206,train
GEN-207,train
GEN-208,train
GEN-209,dev
GEN-210,train
GEN-211,train
GEN-212,train
GEN-213,train
GEN-214,test
GEN-215,test
GEN-216,train
GEN-217,train
GEN-218,train
GEN-219,train
GEN-220,dev
GEN-221,test
GEN-222,dev
GEN-223,dev
GEN-224,train
GEN-225,train
GEN-226,train
GEN-227,train
GEN-228,train
GEN-229,train
GEN-230,train
GEN-231,train
GEN-232,train
GEN-233,train
GEN-234,train
GEN-235,train
GEN-236,train
GEN-237,test
GEN-238,train
GEN-239,dev
GEN-240,dev
GEN-241,train
GEN-242,train
GEN-243,test
GEN-244,train
GEN-245,test
GEN-246,train
GEN-247,train
GEN-248,dev
GEN-249,train
GEN-250,dev
GEN-251,train
GEN-252,test
GEN-253,train
GEN-254,train
GEN-255,test
GEN-256,train
GEN-257,train
GEN-258,dev
GEN-259,test
GEN-260,dev
GEN-261,test
GEN-262,train
GEN-263,train
GEN-264,train
GEN-265,train
GEN-266,dev
GEN-267,test
GEN-268,train
GEN-269,train
GEN-270,train
GEN-271,dev
GEN-272,train
GEN-273,train
GEN-274,dev
GEN-275,train
GEN-276,test
GEN-277,train
GEN-278,train
GEN-279,dev
GEN-280,train
GEN-281,train
GEN-282,train
GEN-283,train
GEN-284,test
GEN-285,train
GEN-286,train
GEN-287,dev
GEN-288,dev
GEN-289,train
GEN-290,train
GEN-291,train
GEN-292,train
GEN-293,dev
GEN-294,train
GEN-295,dev
GEN-296,train
GEN-297,train
GEN-298,test
GEN-299,train
GEN-300,train
GEN-301,test
GEN-302,test
GEN-303,dev
GEN-304,train
GEN-305,train
GEN-306,train
GEN-307,train
GEN-308,train
GEN-309,train
GEN-310,dev
GEN-311,train
GEN-312,train
GEN-313,train
GEN-314,train
GEN-315,dev
GEN-316,train
GEN-317,train
GEN-318,train
GEN-319,train
GEN-320,train
GEN-321,train
GEN-322,train
GEN-323,train
GEN-324,train
GEN-325,train
GEN-326,train
GEN-327,train
GEN-328,train
GEN-329,train
GEN-330,train
GEN-331,train
GEN-332,train
GEN-333,train
GEN-334,dev
GEN-335,train
GEN-336,dev
GEN-337,train
GEN-338,test
GEN-339,test
GEN-340,train
GEN-341,train
GEN-342,train
GEN-343,train
GEN-344,train
GEN-345,dev
GEN-346,train
GEN-347,train
GEN-348,train
GEN-349,train
GEN-350,train
GEN-351,train
GEN-352,test
GEN-353,train
GEN-354,train
GEN-355,dev
GEN-356,train
GEN-357,train
GEN-358,train
GEN-359,train
GEN-360,train
GEN-361,train
GEN-362,train
GEN-363,train
GEN-364,train
GEN-365,train
GEN-366,dev
GEN-367,train
GEN-368,train
GEN-369,dev
GEN-370,train
GEN-371,train
GEN-372,train
GEN-373,train
GEN-374,train
GEN-375,train
GEN-376,train
GEN-377,train
GEN-378,dev
GEN-379,train
GEN-380,test
GEN-381,train
GEN-382,train
GEN-383,dev
GEN-384,dev
GEN-385,test
GEN-386,train
GEN-387,train
GEN-388,train
GEN-389,dev
GEN-390,train
GEN-391,train
GEN-392,dev
GEN-393,train
GEN-394,dev
GEN-395,dev
GEN-396,train
GEN-397,dev
GEN-398,train
GEN-399,train
GEN-400,train
GEN-401,train
GEN-402,dev
GEN-403,train
GEN-404,test
GEN-405,train
GEN-406,test
GEN-407,train
GEN-408,train
GEN-409,train
GEN-410,train
GEN-411,test
GEN-412,train
GEN-413,test
GEN-414,train
GEN-415,train
GEN-416,test
GEN-417,train
GEN-418,train
GEN-419,train
GEN-420,train
GEN-421,train
GEN-422,train
GEN-423,train
GEN-424,train
GEN-425,train
GEN-426,train
GEN-427,train
GEN-428,train
GEN-429,train
GEN-430,train
GEN-431,train
GEN-432,test
GEN-433,train
GEN-434,train
GEN-435,train
GEN-436,train
GEN-437,train
GEN-438,test
GEN-439,train
GEN-440,train
GEN-441,test
GEN-442,train
GEN-443,train
GEN-444,train
GEN-445,train
GEN-446,dev
GEN-447,train
GEN-448,train
GEN-449,train
GEN-450,train
GEN-451,train
GEN-452,train
GEN-453,train
GEN-454,train
GEN-455,train
GEN-456,train
GEN-457,train
GEN-458,train
GEN-459,train
GEN-460,train
GEN-461,train
GEN-462,train
GEN-463,train
GEN-464,train
GEN-465,train
GEN-466,train
GEN-467,train
GEN-468,dev
GEN-469,train
GEN-470,test
GEN-471,train
GEN-472,dev
GEN-473,train
GEN-474,dev
GEN-475,train
GEN-476,test
GEN-477,train
GEN-478,train
GEN-479,train
GEN-480,train
GEN-481,test
GEN-482,train
GEN-483,train
GEN-484,train
GEN-485,dev
GEN-486,test
GEN-487,train
GEN-488,train
GEN-489,train
GEN-490,train
GEN-491,train
GEN-492,train
GEN-493,dev
GEN-494,train
GEN-495,dev
GEN-496,train
GEN-497,train
GEN-498,test
GEN-499,test
GEN-500,dev
GEN-501,test
GEN-502,train
GEN-503,train
GEN-504,test
GEN-505,train
GEN-506,test
GEN-507,test
GEN-508,train
GEN-509,dev
GEN-510,train
GEN-511,dev
GEN-512,train
GEN-513,train
GEN-514,train
GEN-515,test
GEN-516,train
GEN-517,train
GEN-518,test
GEN-519,train
GEN-520,test
GEN-521,dev
GEN-522,train
GEN-523,dev
GEN-524,test
GEN-525,train
GEN-526,test
GEN-527,train
GEN-528,train
GEN-529,train
GEN-530,train
GEN-531,test
GEN-532,train
GEN-533,test
GEN-534,train
GEN-535,dev
GEN-536,train
GEN-537,test
GEN-538,dev
GEN-539,train
GEN-540,train
GEN-541,train
GEN-542,train
GEN-543,train
GEN-544,train
GEN-545,train
GEN-546,train
GEN-547,train
GEN-548,train
GEN-549,test
GEN-550,train
GEN-551,train
GEN-552,train
GEN-553,dev
GEN-554,train
GEN-555,train
GEN-556,train
GEN-557,train
GEN-558,test
GEN-559,train
GEN-560,dev
GEN-561,train
GEN-562,train
GEN-563,dev
GEN-564,train
GEN-565,train
GEN-566,train
GEN-567,dev
GEN-568,train
GEN-569,train
GEN-570,train
GEN-571,test
GEN-572,train
GEN-573,train
GEN-574,dev
GEN-575,train
GEN-576,test
GEN-577,train
GEN-578,test
GEN-579,dev
GEN-580,train
GEN-581,train
GEN-582,dev
GEN-583,train
GEN-584,train
GEN-585,train
GEN-586,dev
GEN-587,train
GEN-588,train
GEN-589,train
GEN-590,train
GEN-591,dev
GEN-592,train
GEN-593,dev
GEN-594,train
GEN-595,train
GEN-596,test
GEN-597,test
GEN-598,test
GEN-599,train
GEN-600,train
GEN-601,train
GEN-602,dev
GEN-603,train
GEN-604,train
GEN-605,train
GEN-606,dev
GEN-607,train
GEN-608,train
GEN-609,dev
GEN-610,train
GEN-611,train
GEN-612,train
GEN-613,train
GEN-614,train
GEN-615,dev
GEN-616,test
GEN-617,train
GEN-618,train
GEN-619,train
GEN-620,train
GEN-621,train
GEN-622,train
GEN-623,test
GEN-624,train
GEN-625,train
GEN-626,train
GEN-627,train
GEN-628,train
GEN-629,dev
GEN-630,dev
GEN-631,dev
GEN-632,train
GEN-633,train
GEN-634,train
GEN-635,dev
GEN-636,train
GEN-637,train
GEN-638,test
GEN-639,train
GEN-640,dev
GEN-641,train
GEN-642,train
GEN-643,dev
GEN-644,train
GEN-645,train
GEN-646,train
GEN-647,train
GEN-648,train
GEN-649,test
GEN-650,train
GEN-651,train
GEN-652,train
GEN-653,train
GEN-654,dev
GEN-655,dev
GEN-656,train
GEN-657,train
GEN-658,train
GEN-659,train
GEN-660,train
GEN-661,dev
GEN-662,train
GEN-663,train
GEN-664,test
GEN-665,test
GEN-666,test
GEN-667,dev
GEN-668,dev
GEN-669,train
GEN-670,train
GEN-671,train
GEN-672,test
GEN-673,test
GEN-674,train
GEN-675,train
GEN-676,train
GEN-677,test
GEN-678,train
GEN-679,train
GEN-680,train
GEN-681,test
GEN-682,train
GEN-683,test
GEN-684,train
GEN-685,train
GEN-686,train
GEN-687,train
GEN-688,train
GEN-689,train
GEN-690,dev
GEN-691,test
GEN-692,dev
GEN-693,train
GEN-694,train
GEN-695,test
GEN-696,train
GEN-697,test
GEN-698,train
GEN-699,train
GEN-700,train
GEN-701,train
GEN-702,train
GEN-703,train
GEN-704,train
GEN-705,train
GEN-706,train
GEN-707,dev
GEN-708,test
GEN-709,train
GEN-710,dev
GEN-711,train
GEN-712,train
GEN-713,train
GEN-714,train
GEN-715,train
GEN-716,train
GEN-717,train
GEN-718,test
GEN-719,train
GEN-720,test
GEN-721,train
GEN-722,dev
GEN-723,train
GEN-724,train
GEN-725,test
GEN-726,train
GEN-727,test
GEN-728,train
GEN-729,train
GEN-730,train
GEN-731,dev
GEN-732,dev
GEN-733,dev
GEN-734,dev
GEN-735,dev
GEN-736,train
GEN-737,dev
GEN-738,train
GEN-739,dev
GEN-740,test
GEN-741,train
GEN-742,test
GEN-743,train
GEN-744,dev
GEN-745,train
GEN-746,train
GEN-747,test
GEN-748,train
GEN-749,train
GEN-750,train
GEN-751,test
GEN-752,test
GEN-753,train
GEN-754,test
GEN-755,train
GEN-756,train
GEN-757,train
GEN-758,train
GEN-759,train
GEN-760,train
GEN-761,test
GEN-762,train
GEN-763,train
GEN-764,dev
GEN-765,dev
GEN-766,train
GEN-767,train
GEN-768,train
GEN-769,train
GEN-770,test
GEN-771,train
GEN-772,train
GEN-773,train
GEN-774,dev
GEN-775,train
GEN-776,train
GEN-777,train
GEN-778,test
GEN-779,train
GEN-780,test
GEN-781,train
GEN-782,test
GEN-783,train
GEN-784,dev
GEN-785,train
GEN-786,dev
GEN-787,train
GEN-788,train
GEN-789,dev
GEN-790,test
GEN-791,train
GEN-792,train
GEN-793,train
GEN-794,train
GEN-795,train
GEN-796,train
GEN-797,train
GEN-798,train
GEN-799,train
GEN-800,dev
GEN-801,train
GEN-802,train
GEN-803,train
GEN-804,dev
GEN-805,train
GEN-806,train
GEN-807,train
GEN-808,train
GEN-809,train
GEN-810,train
GEN-811,train
GEN-812,train
GEN-813,train
GEN-814,train
GEN-815,train
GEN-816,train
GEN-817,train
GEN-818,dev
GEN-819,train
GEN-820,dev
GEN-821,dev
GEN-822,train
GEN-823,test
GEN-824,train
GEN-825,train
GEN-826,test
GEN-827,train
GEN-828,train
GEN-829,test
GEN-830,dev
GEN-831,train
GEN-832,train
GEN-833,train
GEN-834,test
GEN-835,dev
GEN-836,train
GEN-837,test
GEN-838,train
GEN-839,train
GEN-840,test
GEN-841,train
GEN-842,train
GEN-843,train
GEN-844,train
GEN-845,dev
GEN-846,train
GEN-847,train
GEN-848,test
GEN-849,train
GEN-850,train
GEN-851,train
GEN-852,train
GEN-853,train
GEN-854,train
GEN-855,train
GEN-856,train
GEN-857,train
GEN-858,train
GEN-859,train
GEN-860,train
GEN-861,test
GEN-862,train
GEN-863,dev
GEN-864,train
GEN-865,train
GEN-866,train
GEN-867,train
GEN-868,train
GEN-869,dev
GEN-870,train
GEN-871,train
GEN-872,train
GEN-873,train
GEN-874,train
GEN-875,train
GEN-876,train
GEN-877,train
GEN-878,test
GEN-879,train
GEN-880,train
GEN-881,test
GEN-882,dev
GEN-883,train
GEN-884,train
GEN-885,train
GEN-886,train
GEN-887,train
GEN-888,train
GEN-889,train
GEN-890,train
GEN-891,train
GEN-892,dev
GEN-893,train
GEN-894,train
GEN-895,dev
GEN-896,train
GEN-897,train
GEN-898,dev
GEN-899,train
GEN-900,dev
GEN-901,dev
GEN-902,test
GEN-903,dev
GEN-904,dev
GEN-905,train
GEN-906,train
GEN-907,train
GEN-908,train
GEN-909,train
GEN-910,train
GEN-911,test
GEN-912,dev
GEN-913,train
GEN-914,train
GEN-915,train
GEN-916,train
GEN-917,train
GEN-918,train
GEN-919,train
GEN-920,train
GEN-921,dev
GEN-922,train
GEN-923,dev
GEN-924,train
GEN-925,train
GEN-926,train
GEN-927,train
GEN-928,train
GEN-929,dev
GEN-930,train
GEN-931,train
GEN-932,test
GEN-933,train
GEN-934,dev
GEN-935,train
GEN-936,train
GEN-937,test
GEN-938,dev
GEN-939,train
GEN-940,test
GEN-941,train
GEN-942,test
GEN-943,train
GEN-944,train
GEN-945,train
GEN-946,train
GEN-947,test
GEN-948,test
GEN-949,test
GEN-950,test
GEN-951,train
GEN-952,train
GEN-953,dev
GEN-954,train
GEN-955,train
GEN-956,train
GEN-957,train
GEN-958,train
GEN-959,train
GEN-960,train
GEN-961,train
GEN-962,train
GEN-963,train
GEN-964,dev
GEN-965,test
GEN-966,train
GEN-967,train
GEN-968,train
GEN-969,train
GEN-970,train
GEN-971,train
GEN-972,test
GEN-973,train
GEN-974,test
GEN-975,train
GEN-976,train
GEN-977,train
GEN-978,train
GEN-979,train
GEN-980,train
GEN-981,train
GEN-982,train
GEN-983,train
GEN-984,train
GEN-985,test
GEN-986,train
GEN-987,train
GEN-988,train
GEN-989,train
GEN-990,train
GEN-991,train
GEN-992,train
GEN-993,dev
GEN-994,test
GEN-995,train
GEN-996,train
GEN-997,train
GEN-998,train
GEN-999,train
GEN-1000,dev
GEN-1001,train
GEN-1002,test
GEN-1003,train
GEN-1004,train
GEN-1005,train
GEN-1006,train
GEN-1007,dev
GEN-1008,train
GEN-1009,train
GEN-1010,train
GEN-1011,test
GEN-1012,train
GEN-1013,train
GEN-1014,train
GEN-1015,test
GEN-1016,test
GEN-1017,train
GEN-1018,test
GEN-1019,train
GEN-1020,train
GEN-1021,train
GEN-1022,dev
GEN-1023,train
GEN-1024,test
GEN-1025,train
GEN-1026,dev
GEN-1027,train
GEN-1028,train
GEN-1029,train
GEN-1030,dev
GEN-1031,train
GEN-1032,train
GEN-1033,dev
GEN-1034,dev
GEN-1035,test
GEN-1036,train
GEN-1037,train
GEN-1038,train
GEN-1039,train
GEN-1040,train
GEN-1041,train
GEN-1042,train
GEN-1043,train
GEN-1044,train
GEN-1045,test
GEN-1046,train
GEN-1047,train
GEN-1048,dev
GEN-1049,test
GEN-1050,dev
GEN-1051,train
GEN-1052,train
GEN-1053,train
GEN-1054,test
GEN-1055,dev
GEN-1056,dev
GEN-1057,train
GEN-1058,train
GEN-1059,train
GEN-1060,dev
GEN-1061,train
GEN-1062,train
GEN-1063,dev
GEN-1064,train
GEN-1065,train
GEN-1066,test
GEN-1067,train
GEN-1068,train
GEN-1069,train
GEN-1070,dev
GEN-1071,train
GEN-1072,train
GEN-1073,test
GEN-1074,train
GEN-1075,test
GEN-1076,train
GEN-1077,train
GEN-1078,test
GEN-1079,train
GEN-1080,test
GEN-1081,train
GEN-1082,train
GEN-1083,train
GEN-1084,test
GEN-1085,train
GEN-1086,train
GEN-1087,train
GEN-1088,test
GEN-1089,train
GEN-1090,dev
GEN-1091,train
GEN-1092,train
GEN-1093,train
GEN-1094,train
GEN-1095,test
GEN-1096,train
GEN-1097,train
GEN-1098,train
GEN-1099,train
GEN-1100,train
GEN-1101,dev
GEN-1102,train
GEN-1103,train
GEN-1104,test
GEN-1105,train
GEN-1106,train
GEN-1107,train
GEN-1108,train
GEN-1109,train
GEN-1110,test
GEN-1111,train
GEN-1112,train
GEN-1113,test
GEN-1114,train
GEN-1115,train
GEN-1116,train
GEN-1117,train
GEN-1118,train
GEN-1119,train
GEN-1120,train
GEN-1121,train
GEN-1122,train
GEN-1123,train
GEN-1124,dev
GEN-1125,train
GEN-1126,train
GEN-1127,train
GEN-1128,train
GEN-1129,train
GEN-1130,train
GEN-1131,test
GEN-1132,test
GEN-1133,train
GEN-1134,train
GEN-1135,train
GEN-1136,train
GEN-1137,train
GEN-1138,train
GEN-1139,test
GEN-1140,dev
GEN-1141,train
GEN-1142,train
GEN-1143,test
GEN-1144,train
GEN-1145,train
GEN-1146,train
GEN-1147,test
GEN-1148,test
GEN-1149,train
GEN-1150,train
GEN-1151,train
GEN-1152,test
GEN-1153,train
GEN-1154,test
GEN-1155,train
GEN-1156,train
GEN-1157,train
GEN-1158,train
GEN-1159,train
GEN-1160,train
GEN-1161,dev
GEN-1162,dev
GEN-1163,dev
GEN-1164,train
GEN-1165,dev
GEN-1166,train
GEN-1167,train
GEN-1168,train
GEN-1169,test
GEN-1170,train
GEN-1171,dev
GEN-1172,test
GEN-1173,train
GEN-1174,dev
GEN-1175,train
GEN-1176,dev
GEN-1177,train
GEN-1178,train
GEN-1179,dev
GEN-1180,train
GEN-1181,train
GEN-1182,train
GEN-1183,train
GEN-1184,train
GEN-1185,train
GEN-1186,train
GEN-1187,dev
GEN-1188,dev
GEN-1189,train
GEN-1190,train
GEN-1191,train
GEN-1192,train
GEN-1193,train
GEN-1194,dev
GEN-1195,dev
GEN-1196,test
GEN-1197,dev
GEN-1198,train
GEN-1199,train
GEN-1200,train
GEN-1201,train
GEN-1202,train
GEN-1203,train
GEN-1204,train
GEN-1205,train
GEN-1206,test
GEN-1207,train
GEN-1208,train
GEN-1209,dev
GEN-1210,train
GEN-1211,train
GEN-1212,train
GEN-1213,dev
GEN-1214,test
GEN-1215,train
GEN-1216,dev
GEN-1217,train
GEN-1218,train
GEN-1219,train
GEN-1220,train
GEN-1221,train
GEN-1222,train
GEN-1223,test
GEN-1224,train
GEN-1225,train
GEN-1226,dev
GEN-1227,train
GEN-1228,test
GEN-1229,train
GEN-1230,train
GEN-1231,train
GEN-1232,dev
GEN-1233,train
GEN-1234,train
GEN-1235,train
GEN-1236,train
GEN-1237,train
GEN-1238,train
GEN-1239,dev
GEN-1240,train
GEN-1241,dev
GEN-1242,train
GEN-1243,train
GEN-1244,train
GEN-1245,train
GEN-1246,train
GEN-1247,dev
GEN-1248,test
GEN-1249,train
GEN-1250,test
GEN-1251,test
GEN-1252,train
GEN-1253,train
GEN-1254,train
GEN-1255,dev
GEN-1256,dev
GEN-1257,train
GEN-1258,train
GEN-1259,train
GEN-1260,train
GEN-1261,train
GEN-1262,train
GEN-1263,dev
GEN-1264,test
GEN-1265,test
GEN-1266,test
GEN-1267,train
GEN-1268,train
GEN-1269,test
GEN-1270,train
GEN-1271,train
GEN-1272,train
GEN-1273,train
GEN-1274,train
GEN-1275,train
GEN-1276,dev
GEN-1277,train
GEN-1278,train
GEN-1279,train
GEN-1280,train
GEN-1281,train
GEN-1282,train
GEN-1283,train
GEN-1284,train
GEN-1285,test
GEN-1286,dev
GEN-1287,train
GEN-1288,train
GEN-1289,train
GEN-1290,dev
GEN-1291,train
GEN-1292,train
GEN-1293,test
GEN-1294,train
GEN-1295,train
GEN-1296,train
GEN-1297,train
GEN-1298,train
GEN-1299,train
GEN-1300,train
GEN-1301,train
GEN-1302,dev
GEN-1303,train
GEN-1304,dev
GEN-1305,train
GEN-1306,train
GEN-1307,train
GEN-1308,train
GEN-1309,train
GEN-1310,test
GEN-1311,dev
GEN-1312,train
GEN-1313,test
GEN-1314,train
GEN-1315,train
GEN-1316,train
GEN-1317,dev
GEN-1318,train
GEN-1319,train
GEN-1320,train
GEN-1321,train
GEN-1322,train
GEN-1323,train
GEN-1324,train
GEN-1325,dev
GEN-1326,train
GEN-1327,train
GEN-1328,train
GEN-1329,train
GEN-1330,train
GEN-1331,train
GEN-1332,dev
GEN-1333,dev
GEN-1334,test
GEN-1335,train
GEN-1336,train
GEN-1337,train
GEN-1338,train
GEN-1339,train
GEN-1340,test
GEN-1341,train
GEN-1342,test
GEN-1343,train
GEN-1344,train
GEN-1345,train
GEN-1346,train
GEN-1347,train
GEN-1348,train
GEN-1349,dev
GEN-1350,train
GEN-1351,dev
GEN-1352,dev
GEN-1353,train
GEN-1354,test
GEN-1355,train
GEN-1356,dev
GEN-1357,dev
GEN-1358,train
GEN-1359,dev
GEN-1360,dev
GEN-1361,train
GEN-1362,dev
GEN-1363,dev
GEN-1364,train
GEN-1365,train
GEN-1366,train
GEN-1367,test
GEN-1368,train
GEN-1369,train
GEN-1370,train
GEN-1371,train
GEN-1372,train
GEN-1373,dev
GEN-1374,train
GEN-1375,train
GEN-1376,train
GEN-1377,dev
GEN-1378,dev
GEN-1379,train
GEN-1380,test
GEN-1381,train
GEN-1382,train
GEN-1383,train
GEN-1384,train
GEN-1385,dev
GEN-1386,train
GEN-1387,train
GEN-1388,train
GEN-1389,train
GEN-1390,train
GEN-1391,test
GEN-1392,train
GEN-1393,train
GEN-1394,dev
GEN-1395,dev
GEN-1396,train
GEN-1397,train
GEN-1398,train
GEN-1399,train
GEN-1400,train
GEN-1401,train
GEN-1402,train
GEN-1403,train
GEN-1404,train
GEN-1405,dev
GEN-1406,train
GEN-1407,train
GEN-1408,train
GEN-1409,test
GEN-1410,test
GEN-1411,test
GEN-1412,dev
GEN-1413,train
GEN-1414,train
GEN-1415,test
GEN-1416,train
GEN-1417,train
GEN-1418,train
GEN-1419,train
GEN-1420,test
GEN-1421,train
GEN-1422,dev
GEN-1423,train
GEN-1424,test
GEN-1425,train
GEN-1426,test
GEN-1427,train
GEN-1428,train
GEN-1429,train
GEN-1430,dev
GEN-1431,test
GEN-1432,train
GEN-1433,dev
GEN-1434,train
GEN-1435,train
GEN-1436,train
GEN-1437,train
GEN-1438,train
GEN-1439,train
GEN-1440,train
GEN-1441,test
GEN-1442,train
GEN-1443,train
GEN-1444,test
GEN-1445,train
GEN-1446,train
GEN-1447,train
GEN-1448,dev
GEN-1449,train
GEN-1450,train
GEN-1451,train
GEN-1452,train
GEN-1453,train
GEN-1454,test
GEN-1455,train
GEN-1456,test
GEN-1457,test
GEN-1458,train
GEN-1459,test
GEN-1460,test
GEN-1461,dev
GEN-1462,train
GEN-1463,train
GEN-1464,dev
GEN-1465,train
GEN-1466,dev
GEN-1467,train
GEN-1468,train
GEN-1469,train
GEN-1470,dev
GEN-1471,test
GEN-1472,train
GEN-1473,test
GEN-1474,train
GEN-1475,test
GEN-1476,test
GEN-1477,train
GEN-1478,train
GEN-1479,dev
GEN-1480,train
GEN-1481,train
GEN-1482,train
GEN-1483,test
GEN-1484,train
GEN-1485,train
GEN-1486,train
GEN-1487,train
GEN-1488,train
GEN-1489,train
GEN-1490,dev
GEN-1491,train
GEN-1492,train
GEN-1493,train
GEN-1494,test
GEN-1495,train
GEN-1496,train
GEN-1497,train
GEN-1498,train
GEN-1499,train
GEN-1500,test
GEN-1501,train
GEN-1502,test
GEN-1503,train
GEN-1504,train
GEN-1505,train
GEN-1506,train
GEN-1507,train
GEN-1508,train
GEN-1509,train
GEN-1510,test
GEN-1511,train
GEN-1512,train
GEN-1513,train
GEN-1514,dev
GEN-1515,dev
GEN-1516,train
GEN-1517,test
GEN-1518,test
GEN-1519,train
GEN-1520,train
GEN-1521,train
GEN-1522,train
GEN-1523,train
GEN-1524,train
GEN-1525,test
GEN-1526,train
GEN-1527,train
GEN-1528,train
GEN-1529,train
GEN-1530,train
GEN-1531,dev
GEN-1532,train
GEN-1533,train
GEN-1534,dev
GEN-1535,test
GEN-1536,train
GEN-1537,train
GEN-1538,train
GEN-1539,dev
GEN-1540,train
GEN-1541,train
GEN-1542,train
GEN-1543,dev
GEN-1544,train
GEN-1545,train
GEN-1546,train
GEN-1547,train
GEN-1548,train
GEN-1549,test
GEN-1550,train
GEN-1551,train
GEN-1552,train
GEN-1553,train
GEN-1554,test
GEN-1555,train
GEN-1556,train
GEN-1557,train
GEN-1558,train
GEN-1559,test
GEN-1560,test
GEN-1561,train
GEN-1562,dev
GEN-1563,dev
GEN-1564,train
GEN-1565,train
GEN-1566,train
GEN-1567,train
GEN-1568,train
GEN-1569,train
GEN-1570,train
GEN-1571,train
GEN-1572,test
GEN-1573,train
GEN-1574,train
GEN-1575,train
GEN-1576,train
GEN-1577,train
GEN-1578,train
GEN-1579,train
GEN-1580,train
GEN-1581,dev
GEN-1582,train
GEN-1583,test
GEN-1584,train
GEN-1585,train
GEN-1586,train
GEN-1587,dev
GEN-1588,train
GEN-1589,train
GEN-1590,test
GEN-1591,test
GEN-1592,train
GEN-1593,train
GEN-1594,train
GEN-1595,train
GEN-1596,test
GEN-1597,dev
GEN-1598,train
GEN-1599,train
GEN-1600,train
GEN-1601,train
GEN-1602,train
GEN-1603,train
GEN-1604,train
GEN-1605,dev
GEN-1606,test
GEN-1607,train
GEN-1608,train
GEN-1609,train
GEN-1610,train
GEN-1611,dev
GEN-1612,train
GEN-1613,train
GEN-1614,test
GEN-1615,test
GEN-1616,train
GEN-1617,dev
GEN-1618,test
GEN-1619,dev
GEN-1620,train
GEN-1621,train
GEN-1622,dev
GEN-1623,train
GEN-1624,dev
GEN-1625,train
GEN-1626,test
GEN-1627,test
GEN-1628,test
GEN-1629,train
GEN-1630,train
GEN-1631,train
GEN-1632,train
GEN-1633,test
GEN-1634,train
GEN-1635,train
GEN-1636,train
GEN-1637,train
GEN-1638,train
GEN-1639,train
GEN-1640,train
GEN-1641,train
GEN-1642,train
GEN-1643,train
GEN-1644,dev
GEN-1645,train
GEN-1646,test
GEN-1647,test
GEN-1648,train
GEN-1649,train
GEN-1650,test
GEN-1651,train
GEN-1652,train
GEN-1653,train
GEN-1654,train
GEN-1655,test
GEN-1656,train
GEN-1657,train
GEN-1658,train
GEN-1659,dev
GEN-1660,train
GEN-1661,train
GEN-1662,train
GEN-1663,train
GEN-1664,train
GEN-1665,test
GEN-1666,test
GEN-1667,train
GEN-1668,test
GEN-1669,train
GEN-1670,train
GEN-1671,train
GEN-1672,test
GEN-1673,train
GEN-1674,train
GEN-1675,train
GEN-1676,test
GEN-1677,train
GEN-1678,train
GEN-1679,train
GEN-1680,train
GEN-1681,test
GEN-1682,dev
GEN-1683,train
GEN-1684,train
GEN-1685,test
GEN-1686,train
GEN-1687,test
GEN-1688,train
GEN-1689,test
GEN-1690,train
GEN-1691,test
GEN-1692,train
GEN-1693,dev
GEN-1694,train
GEN-1695,train
GEN-1696,dev
GEN-1697,train
GEN-1698,test
GEN-1699,train
GEN-1700,train
GEN-1701,train
GEN-1702,train
GEN-1703,test
GEN-1704,test
GEN-1705,train
GEN-1706,train
GEN-1707,train
GEN-1708,train
GEN-1709,dev
GEN-1710,train
GEN-1711,dev
GEN-1712,train
GEN-1713,train
GEN-1714,train
GEN-1715,train
GEN-1716,train
GEN-1717,train
GEN-1718,dev
GEN-1719,test
GEN-1720,dev
GEN-1721,train
GEN-1722,train
GEN-1723,dev
GEN-1724,train
GEN-1725,train
GEN-1726,train
GEN-1727,dev
GEN-1728,dev
GEN-1729,dev
GEN-1730,train
GEN-1731,train
GEN-1732,train
GEN-1733,train
GEN-1734,dev
GEN-1735,train
GEN-1736,test
GEN-1737,train
GEN-1738,test
GEN-1739,dev
GEN-1740,train
GEN-1741,train
GEN-1742,train
GEN-1743,train
GEN-1744,train
GEN-1745,train
GEN-1746,train
GEN-1747,train
GEN-1748,dev
GEN-1749,train
GEN-1750,train
GEN-1751,train
GEN-1752,test
GEN-1753,train
GEN-1754,train
GEN-1755,train
GEN-1756,train
GEN-1757,train
GEN-1758,train
GEN-1759,train
GEN-1760,train
GEN-1761,train
GEN-1762,train
GEN-1763,train
GEN-1764,test
GEN-1765,train
GEN-1766,dev
GEN-1767,train
GEN-1768,train
GEN-1769,train
GEN-1770,dev
GEN-1771,dev
GEN-1772,train
GEN-1773,test
GEN-1774,train
GEN-1775,dev
GEN-1776,train
GEN-1777,train
GEN-1778,train
GEN-1779,train
GEN-1780,train
GEN-1781,test
GEN-1782,train
GEN-1783,train
GEN-1784,train
GEN-1785,train
GEN-1786,train
GEN-1787,train
GEN-1788,train
GEN-1789,test
GEN-1790,train
GEN-1791,train
GEN-1792,dev
GEN-1793,dev
GEN-1794,train
GEN-1795,train
GEN-1796,dev
GEN-1797,train
GEN-1798,train
GEN-1799,train
GEN-1800,train
GEN-1801,train
GEN-1802,train
GEN-1803,train
GEN-1804,dev
GEN-1805,train
GEN-1806,train
GEN-1807,dev
GEN-1808,dev
GEN-1809,train
GEN-1810,test
GEN-1811,train
GEN-1812,test
GEN-1813,dev
GEN-1814,train
GEN-1815,train
GEN-1816,test
GEN-1817,dev
GEN-1818,train
GEN-1819,train
GEN-1820,train
GEN-1821,train
GEN-1822,train
GEN-1823,train
GEN-1824,test
GEN-1825,test
GEN-1826,dev
GEN-1827,train
GEN-1828,train
GEN-1829,train
GEN-1830,train
GEN-1831,train
GEN-1832,train
GEN-1833,train
GEN-1834,train
GEN-1835,dev
GEN-1836,train
GEN-1837,train
GEN-1838,train
GEN-1839,train
GEN-1840,train
GEN-1841,test
GEN-1842,train
GEN-1843,train
GEN-1844,train
GEN-1845,train
GEN-1846,dev
GEN-1847,test
GEN-1848,train
GEN-1849,test
GEN-1850,train
GEN-1851,train
GEN-1852,train
GEN-1853,train
GEN-1854,train
GEN-1855,train
GEN-1856,dev
GEN-1857,train
GEN-1858,train
GEN-1859,train
GEN-1860,train
GEN-1861,train
GEN-1862,train
GEN-1863,train
GEN-1864,train
GEN-1865,train
GEN-1866,train
GEN-1867,train
GEN-1868,train
GEN-1869,train
GEN-1870,train
GEN-1871,train
GEN-1872,test
GEN-1873,test
GEN-1874,train
GEN-1875,dev
GEN-1876,test
GEN-1877,train
GEN-1878,test
GEN-1879,dev
GEN-1880,dev
GEN-1881,train
GEN-1882,train
GEN-1883,train
GEN-1884,train
GEN-1885,train
GEN-1886,train
GEN-1887,test
GEN-1888,train
GEN-1889,train
GEN-1890,train
GEN-1891,train
GEN-1892,test
GEN-1893,test
GEN-1894,train
GEN-1895,test
GEN-1896,dev
GEN-1897,train
GEN-1898,train
GEN-1899,train
GEN-1900,train
GEN-1901,dev
GEN-1902,train
GEN-1903,dev
GEN-1904,train
GEN-1905,dev
GEN-1906,test
GEN-1907,train
GEN-1908,train
GEN-1909,train
GEN-1910,train
GEN-1911,train
GEN-1912,test
GEN-1913,dev
GEN-1914,train
GEN-1915,test
GEN-1916,train
GEN-1917,dev
GEN-1918,test
GEN-1919,train
GEN-1920,train
GEN-1921,train
GEN-1922,train
GEN-1923,test
GEN-1924,train
GEN-1925,train
GEN-1926,train
GEN-1927,test
GEN-1928,train
GEN-1929,train
GEN-1930,train
GEN-1931,train
GEN-1932,train
GEN-1933,train
GEN-1934,train
GEN-1935,test
GEN-1936,train
GEN-1937,train
GEN-1938,test
GEN-1939,test
GEN-1940,train
GEN-1941,train
GEN-1942,train
GEN-1943,train
GEN-1944,dev
GEN-1945,dev
GEN-1946,test
GEN-1947,train
GEN-1948,train
GEN-1949,train
GEN-1950,test
GEN-1951,test
GEN-1952,train
GEN-1953,train
GEN-1954,test
GEN-1955,test
GEN-1956,train
GEN-1957,train
GEN-1958,train
GEN-1959,train
GEN-1960,train
GEN-1961,train
GEN-1962,train
GEN-1963,train
GEN-1964,test
GEN-1965,train
GEN-1966,train
GEN-1967,test
GEN-1968,train
GEN-1969,test
GEN-1970,train
GEN-1971,train
GEN-1972,test
GEN-1973,test
GEN-1974,train
GEN-1975,train
GEN-1976,train
GEN-1977,train
GEN-1978,train
GEN-1979,train
GEN-1980,train
GEN-1981,train
GEN-1982,dev
GEN-1983,train
GEN-1984,train
GEN-1985,train
GEN-1986,train
GEN-1987,dev
GEN-1988,train
GEN-1989,test
GEN-1990,dev
GEN-1991,train
GEN-1992,train
GEN-1993,train
GEN-1994,train
GEN-1995,train
GEN-1996,train
GEN-1997,dev
GEN-1998,test
GEN-1999,dev
GEN-2000,dev
GEN-2001,train
GEN-2002,train
GEN-2003,train
GEN-2004,train
GEN-2005,train
GEN-2006,train
GEN-2007,dev
GEN-2008,train
GEN-2009,train
GEN-2010,train
GEN-2011,train
GEN-2012,train
GEN-2013,test
GEN-2014,test
GEN-2015,train
GEN-2016,train
GEN-2017,dev
GEN-2018,train
GEN-2019,train
GEN-2020,train
GEN-2021,train
GEN-2022,dev
GEN-2023,train
GEN-2024,test
GEN-2025,train
GEN-2026,train
GEN-2027,train
GEN-2028,train
GEN-2029,train
GEN-2030,train
GEN-2031,train
GEN-2032,train
GEN-2033,train
GEN-2034,dev
GEN-2035,train
GEN-2036,train
GEN-2037,test
GEN-2038,train
GEN-2039,test
GEN-2040,train
GEN-2041,train
GEN-2042,train
GEN-2043,train
GEN-2044,train
GEN-2045,train
GEN-2046,train
GEN-2047,test
GEN-2048,train
GEN-2049,train
GEN-2050,train
GEN-2051,train
GEN-2052,train
GEN-2053,test
GEN-2054,train
GEN-2055,train
GEN-2056,dev
GEN-2057,train
GEN-2058,train
GEN-2059,train
GEN-2060,test
GEN-2061,train
GEN-2062,dev
GEN-2063,train
GEN-2064,test
GEN-2065,dev
GEN-2066,train
GEN-2067,test
GEN-2068,train
GEN-2069,train
GEN-2070,train
GEN-2071,train
GEN-2072,train
GEN-2073,train
GEN-2074,train
GEN-2075,train
GEN-2076,train
GEN-2077,train
GEN-2078,train
GEN-2079,dev
GEN-2080,train
GEN-2081,train
GEN-2082,train
GEN-2083,dev
GEN-2084,train
GEN-2085,train
GEN-2086,train
GEN-2087,train
GEN-2088,test
GEN-2089,train
GEN-2090,train
GEN-2091,train
GEN-2092,train
GEN-2093,test
GEN-2094,train
GEN-2095,train
GEN-2096,test
GEN-2097,train
GEN-2098,test
GEN-2099,train
GEN-2100,train
GEN-2101,train
GEN-2102,dev
GEN-2103,dev
GEN-2104,train
GEN-2105,train
GEN-2106,train
GEN-2107,train
GEN-2108,train
GEN-2109,dev
GEN-2110,train
GEN-2111,train
GEN-2112,train
GEN-2113,train
GEN-2114,train
GEN-2115,train
GEN-2116,train
GEN-2117,train
GEN-2118,train
GEN-2119,train
GEN-2120,test
GEN-2121,dev
GEN-2122,train
GEN-2123,train
GEN-2124,train
GEN-2125,train
GEN-2126,train
GEN-2127,train
GEN-2128,train
GEN-2129,train
GEN-2130,test
GEN-2131,dev
GEN-2132,train
GEN-2133,train
GEN-2134,train
GEN-2135,dev
GEN-2136,train
GEN-2137,train
GEN-2138,train
GEN-2139,dev
GEN-2140,train
GEN-2141,train
GEN-2142,test
GEN-2143,train
GEN-2144,train
GEN-2145,train
GEN-2146,train
GEN-2147,train
GEN-2148,train
GEN-2149,train
GEN-2150,train
GEN-2151,train
GEN-2152,dev
GEN-2153,train
GEN-2154,train
GEN-2155,train
GEN-2156,train
GEN-2157,train
GEN-2158,train
GEN-2159,dev
GEN-2160,train
GEN-2161,test
GEN-2162,train
GEN-2163,train
GEN-2164,train
GEN-2165,train
GEN-2166,train
GEN-2167,train
GEN-2168,test
GEN-2169,train
GEN-2170,train
GEN-2171,dev
GEN-2172,train
GEN-2173,train
GEN-2174,train
GEN-2175,train
GEN-2176,train
GEN-2177,train
GEN-2178,train
GEN-2179,train
GEN-2180,train
GEN-2181,dev
GEN-2182,test
GEN-2183,train
GEN-2184,train
GEN-2185,dev
GEN-2186,train
GEN-2187,train
GEN-2188,train
GEN-2189,dev
GEN-2190,train
GEN-2191,train
GEN-2192,train
GEN-2193,train
GEN-2194,train
GEN-2195,test
GEN-2196,train
GEN-2197,train
GEN-2198,test
GEN-2199,train
GEN-2200,train
GEN-2201,train
GEN-2202,train
GEN-2203,train
GEN-2204,train
GEN-2205,train
GEN-2206,dev
GEN-2207,train
GEN-2208,test
GEN-2209,dev
GEN-2210,test
GEN-2211,test
GEN-2212,train
GEN-2213,train
GEN-2214,train
GEN-2215,train
GEN-2216,train
GEN-2217,train
GEN-2218,train
GEN-2219,test
GEN-2220,dev
GEN-2221,test
GEN-2222,train
GEN-2223,train
GEN-2224,train
GEN-2225,train
GEN-2226,train
GEN-2227,train
GEN-2228,train
GEN-2229,train
GEN-2230,dev
GEN-2231,train
GEN-2232,dev
GEN-2233,test
GEN-2234,train
GEN-2235,train
GEN-2236,train
GEN-2237,train
GEN-2238,train
GEN-2239,train
GEN-2240,train
GEN-2241,train
GEN-2242,train
GEN-2243,test
GEN-2244,train
GEN-2245,train
GEN-2246,test
GEN-2247,train
GEN-2248,train
GEN-2249,train
GEN-2250,dev
GEN-2251,test
GEN-2252,train
GEN-2253,train
GEN-2254,train
GEN-2255,train
GEN-2256,train
GEN-2257,train
GEN-2258,test
GEN-2259,train
GEN-2260,dev
GEN-2261,train
GEN-2262,train
GEN-2263,train
GEN-2264,train
GEN-2265,test
GEN-2266,train
GEN-2267,train
GEN-2268,dev
GEN-2269,train
GEN-2270,train
GEN-2271,train
GEN-2272,dev
GEN-2273,train
GEN-2274,train
GEN-2275,test
GEN-2276,train
GEN-2277,test
GEN-2278,test
GEN-2279,train
GEN-2280,dev
GEN-2281,test
GEN-2282,train
GEN-2283,train
GEN-2284,train
GEN-2285,test
GEN-2286,train
GEN-2287,train
GEN-2288,train
GEN-2289,train
GEN-2290,train
GEN-2291,test
GEN-2292,train
GEN-2293,test
GEN-2294,train
GEN-2295,train
GEN-2296,dev
GEN-2297,train
GEN-2298,dev
GEN-2299,train
GEN-2300,train
GEN-2301,train
GEN-2302,train
GEN-2303,train
GEN-2304,train
GEN-2305,train
GEN-2306,train
GEN-2307,dev
GEN-2308,dev
GEN-2309,train
GEN-2310,train
GEN-2311,test
GEN-2312,train
GEN-2313,train
GEN-2314,train
GEN-2315,train
GEN-2316,train
GEN-2317,test
GEN-2318,train
GEN-2319,train
GEN-2320,dev
GEN-2321,test
GEN-2322,train
GEN-2323,train
GEN-2324,train
GEN-2325,train
GEN-2326,test
GEN-2327,train
GEN-2328,dev
GEN-2329,dev
GEN-2330,test
GEN-2331,train
GEN-2332,test
GEN-2333,dev
GEN-2334,train
GEN-2335,train
GEN-2336,train
GEN-2337,dev
GEN-2338,train
GEN-2339,train
GEN-2340,train
GEN-2341,train
GEN-2342,train
GEN-2343,test
GEN-2344,train
GEN-2345,train
GEN-2346,train
GEN-2347,train
GEN-2348,train
GEN-2349,test
GEN-2350,train
GEN-2351,train
GEN-2352,train
GEN-2353,train
GEN-2354,train
GEN-2355,train
GEN-2356,train
GEN-2357,train
GEN-2358,train
GEN-2359,dev
GEN-2360,test
GEN-2361,train
GEN-2362,test
GEN-2363,dev
GEN-2364,train
GEN-2365,train
GEN-2366,test
GEN-2367,dev
GEN-2368,train
GEN-2369,train
GEN-2370,train
GEN-2371,train
GEN-2372,test
GEN-2373,train
GEN-2374,train
GEN-2375,train
GEN-2376,train
GEN-2377,train
GEN-2378,train
GEN-2379,train
GEN-2380,train
GEN-2381,train
GEN-2382,train
GEN-2383,train
GEN-2384,train
GEN-2385,train
GEN-2386,test
GEN-2387,train
GEN-2388,train
GEN-2389,train
GEN-2390,train
GEN-2391,train
GEN-2392,train
GEN-2393,train
GEN-2394,test
GEN-2395,train
GEN-2396,train
GEN-2397,dev
GEN-2398,train
GEN-2399,train
GEN-2400,train
GEN-2401,dev
GEN-2402,train
GEN-2403,train
GEN-2404,train
GEN-2405,train
GEN-2406,train
GEN-2407,train
GEN-2408,dev
GEN-2409,train
GEN-2410,train
GEN-2411,test
GEN-2412,train
GEN-2413,test
GEN-2414,test
GEN-2415,test
GEN-2416,dev
GEN-2417,test
GEN-2418,train
GEN-2419,train
GEN-2420,train
GEN-2421,train
GEN-2422,dev
GEN-2423,train
GEN-2424,train
GEN-2425,train
GEN-2426,train
GEN-2427,train
GEN-2428,train
GEN-2429,train
GEN-2430,test
GEN-2431,train
GEN-2432,test
GEN-2433,test
GEN-2434,train
GEN-2435,train
GEN-2436,train
GEN-2437,test
GEN-2438,train
GEN-2439,train
GEN-2440,train
GEN-2441,train
GEN-2442,dev
GEN-2443,train
GEN-2444,train
GEN-2445,train
GEN-2446,train
GEN-2447,dev
GEN-2448,test
GEN-2449,train
GEN-2450,train
GEN-2451,train
GEN-2452,dev
GEN-2453,train
GEN-2454,train
GEN-2455,train
GEN-2456,train
GEN-2457,train
GEN-2458,dev
GEN-2459,train
GEN-2460,train
GEN-2461,test
GEN-2462,dev
GEN-2463,test
GEN-2464,train
GEN-2465,train
GEN-2466,dev
GEN-2467,test
GEN-2468,train
GEN-2469,train
GEN-2470,train
GEN-2471,test
GEN-2472,train
GEN-2473,train
GEN-2474,dev
GEN-2475,train
GEN-2476,train
GEN-2477,dev
GEN-2478,train
GEN-2479,train
GEN-2480,dev
GEN-2481,train
GEN-2482,train
GEN-2483,train
GEN-2484,train
GEN-2485,train
GEN-2486,train
GEN-2487,train
GEN-2488,test
GEN-2489,train
GEN-2490,train
GEN-2491,train
GEN-2492,train
GEN-2493,train
GEN-2494,train
GEN-2495,test
GEN-2496,test
GEN-2497,train
GEN-2498,dev
GEN-2499,train
GEN-2500,train
GEN-2501,test
GEN-2502,train
GEN-2503,dev
GEN-2504,train
GEN-2505,train
GEN-2506,dev
GEN-2507,train
GEN-2508,train
GEN-2509,train
GEN-2510,train
GEN-2511,train
GEN-2512,train
GEN-2513,train
GEN-2514,test
GEN-2515,test
GEN-2516,train
GEN-2517,train
GEN-2518,train
GEN-2519,train
GEN-2520,train
GEN-2521,dev
GEN-2522,train
GEN-2523,train
GEN-2524,test
GEN-2525,train
GEN-2526,test
GEN-2527,test
GEN-2528,train
GEN-2529,train
GEN-2530,train
GEN-2531,dev
GEN-2532,train
GEN-2533,train
GEN-2534,train
GEN-2535,train
GEN-2536,train
GEN-2537,train
GEN-2538,train
GEN-2539,train
GEN-2540,train
GEN-2541,train
GEN-2542,test
GEN-2543,dev
GEN-2544,train
GEN-2545,train
GEN-2546,dev
GEN-2547,train
GEN-2548,dev
GEN-2549,train
GEN-2550,train
GEN-2551,train
GEN-2552,train
GEN-2553,dev
GEN-2554,test
GEN-2555,train
GEN-2556,train
GEN-2557,test
GEN-2558,train
GEN-2559,train
GEN-2560,test
GEN-2561,train
GEN-2562,dev
GEN-2563,test
GEN-2564,train
GEN-2565,train
GEN-2566,train
GEN-2567,train
GEN-2568,train
GEN-2569,train
GEN-2570,train
GEN-2571,train
GEN-2572,train
GEN-2573,train
GEN-2574,train
GEN-2575,train
GEN-2576,train
GEN-2577,train
GEN-2578,test
GEN-2579,train
GEN-2580,train
GEN-2581,train
GEN-2582,dev
GEN-2583,train
GEN-2584,dev
GEN-2585,train
GEN-2586,test
GEN-2587,train
GEN-2588,test
GEN-2589,test
GEN-2590,train
GEN-2591,train
GEN-2592,train
GEN-2593,train
GEN-2594,train
GEN-2595,test
GEN-2596,train
GEN-2597,train
GEN-2598,train
GEN-2599,train
GEN-2600,train
GEN-2601,test
GEN-2602,test
GEN-2603,train
GEN-2604,train
GEN-2605,dev
GEN-2606,train
GEN-2607,train
GEN-2608,train
GEN-2609,dev
GEN-2610,train
GEN-2611,test
GEN-2612,train
GEN-2613,train
GEN-2614,test
GEN-2615,train
GEN-2616,train
GEN-2617,train
GEN-2618,train
GEN-2619,train
GEN-2620,train
GEN-2621,train
GEN-2622,train
GEN-2623,train
GEN-2624,train
GEN-2625,train
GEN-2626,train
GEN-2627,train
GEN-2628,train
GEN-2629,train
GEN-2630,train
GEN-2631,dev
GEN-2632,test
GEN-2633,test
GEN-2634,dev
GEN-2635,dev
GEN-2636,train
GEN-2637,test
GEN-2638,train
GEN-2639,train
GEN-2640,test
GEN-2641,train
GEN-2642,train
GEN-2643,train
GEN-2644,train
GEN-2645,test
GEN-2646,train
GEN-2647,test
GEN-2648,train
GEN-2649,train
GEN-2650,train
GEN-2651,train
GEN-2652,train
GEN-2653,train
GEN-2654,train
GEN-2655,train
GEN-2656,train
GEN-2657,train
GEN-2658,test
GEN-2659,train
GEN-2660,train
GEN-2661,dev
GEN-2662,dev
GEN-2663,train
GEN-2664,train
GEN-2665,train
GEN-2666,dev
GEN-2667,dev
GEN-2668,train
GEN-2669,dev
GEN-2670,train
GEN-2671,test
GEN-2672,train
GEN-2673,train
GEN-2674,train
GEN-2675,dev
GEN-2676,train
GEN-2677,test
GEN-2678,train
GEN-2679,test
GEN-2680,test
GEN-2681,train
GEN-2682,train
GEN-2683,dev
GEN-2684,train
GEN-2685,train
GEN-2686,train
GEN-2687,train
GEN-2688,train
GEN-2689,dev
GEN-2690,train
GEN-2691,train
GEN-2692,dev
GEN-2693,train
GEN-2694,train
GEN-2695,train
GEN-2696,dev
GEN-2697,train
GEN-2698,train
GEN-2699,train
GEN-2700,train
GEN-2701,train
GEN-2702,train
GEN-2703,train
GEN-2704,train
GEN-2705,dev
GEN-2706,train
GEN-2707,train
GEN-2708,train
GEN-2709,test
GEN-2710,train
GEN-2711,train
GEN-2712,train
GEN-2713,train
GEN-2714,train
GEN-2715,train
GEN-2716,dev
GEN-2717,train
GEN-2718,train
GEN-2719,test
GEN-2720,train
GEN-2721,train
GEN-2722,train
GEN-2723,train
GEN-2724,train
GEN-2725,train
GEN-2726,dev
GEN-2727,train
GEN-2728,train
GEN-2729,train
GEN-2730,train
GEN-2731,train
GEN-2732,train
GEN-2733,train
GEN-2734,train
GEN-2735,train
GEN-2736,dev
GEN-2737,test
GEN-2738,train
GEN-2739,test
GEN-2740,train
GEN-2741,train
GEN-2742,dev
GEN-2743,train
GEN-2744,train
GEN-2745,train
GEN-2746,dev
GEN-2747,train
GEN-2748,train
GEN-2749,train
GEN-2750,train
GEN-2751,train
GEN-2752,train
GEN-2753,dev
GEN-2754,dev
GEN-2755,train
GEN-2756,train
GEN-2757,dev
GEN-2758,train
GEN-2759,test
GEN-2760,train
GEN-2761,train
GEN-2762,train
GEN-2763,train
GEN-2764,train
GEN-2765,dev
GEN-2766,dev
GEN-2767,train
GEN-2768,dev
GEN-2769,train
GEN-2770,train
GEN-2771,train
GEN-2772,dev
GEN-2773,train
GEN-2774,train
GEN-2775,train
GEN-2776,train
GEN-2777,train
GEN-2778,dev
GEN-2779,train
GEN-2780,train
GEN-2781,train
GEN-2782,train
GEN-2783,train
GEN-2784,train
GEN-2785,train
GEN-2786,train
GEN-2787,train
GEN-2788,train
GEN-2789,test
GEN-2790,train
GEN-2791,train
GEN-2792,train
GEN-2793,train
GEN-2794,train
GEN-2795,test
GEN-2796,train
GEN-2797,test
GEN-2798,train
GEN-2799,train
GEN-2800,test
GEN-2801,test
GEN-2802,train
GEN-2803,train
GEN-2804,train
GEN-2805,train
GEN-2806,train
GEN-2807,train
GEN-2808,train
GEN-2809,train
GEN-2810,train
GEN-2811,train
GEN-2812,train
GEN-2813,train
GEN-2814,dev
GEN-2815,test
GEN-2816,train
GEN-2817,train
GEN-2818,test
GEN-2819,train
GEN-2820,test
GEN-2821,test
GEN-2822,test
GEN-2823,train
GEN-2824,train
GEN-2825,train
GEN-2826,train
GEN-2827,train
GEN-2828,dev
GEN-2829,train
GEN-2830,dev
GEN-2831,dev
GEN-2832,train
GEN-2833,train
GEN-2834,train
GEN-2835,train
GEN-2836,test
GEN-2837,test
GEN-2838,train
GEN-2839,train
GEN-2840,train
GEN-2841,train
GEN-2842,train
GEN-2843,test
GEN-2844,train
GEN-2845,train
GEN-2846,train
GEN-2847,train
GEN-2848,train
GEN-2849,train
GEN-2850,dev
GEN-2851,test
GEN-2852,dev
GEN-2853,dev
GEN-2854,train
GEN-2855,train
GEN-2856,train
GEN-2857,train
GEN-2858,train
GEN-2859,train
GEN-2860,train
GEN-2861,train
GEN-2862,train
GEN-2863,train
GEN-2864,train
GEN-2865,train
GEN-2866,test
GEN-2867,train
GEN-2868,train
GEN-2869,train
GEN-2870,train
GEN-2871,train
GEN-2872,test
GEN-2873,train
GEN-2874,train
GEN-2875,train
GEN-2876,train
GEN-2877,train
GEN-2878,test
GEN-2879,dev
GEN-2880,train
GEN-2881,train
GEN-2882,train
GEN-2883,train
GEN-2884,train
GEN-2885,train
GEN-2886,train
GEN-2887,train
GEN-2888,train
GEN-2889,train
GEN-2890,train
GEN-2891,dev
GEN-2892,train
GEN-2893,train
GEN-2894,dev
GEN-2895,train
GEN-2896,train
GEN-2897,train
GEN-2898,train
GEN-2899,test
GEN-2900,train
GEN-2901,train
GEN-2902,train
GEN-2903,train
GEN-2904,dev
GEN-2905,train
GEN-2906,train
GEN-2907,train
GEN-2908,train
GEN-2909,dev
GEN-2910,train
GEN-2911,train
GEN-2912,train
GEN-2913,test
GEN-2914,train
GEN-2915,train
GEN-2916,dev
GEN-2917,dev
GEN-2918,train
GEN-2919,test
GEN-2920,train
GEN-2921,train
GEN-2922,train
GEN-2923,train
GEN-2924,train
GEN-2925,train
GEN-2926,test
GEN-2927,train
GEN-2928,dev
GEN-2929,train
GEN-2930,dev
GEN-2931,dev
GEN-2932,train
GEN-2933,train
GEN-2934,train
GEN-2935,train
GEN-2936,train
GEN-2937,train
GEN-2938,train
GEN-2939,dev
GEN-2940,test
GEN-2941,train
GEN-2942,train
GEN-2943,test
GEN-2944,train
GEN-2945,test
GEN-2946,train
GEN-2947,train
GEN-2948,train
GEN-2949,train
GEN-2950,train
GEN-2951,test
GEN-2952,train
GEN-2953,train
GEN-2954,test
GEN-2955,train
GEN-2956,train
GEN-2957,train
GEN-2958,train
GEN-2959,dev
GEN-2960,train
GEN-2961,dev
GEN-2962,dev
GEN-2963,train
GEN-2964,train
GEN-2965,train
GEN-2966,train
GEN-2967,train
GEN-2968,train
GEN-2969,test
GEN-2970,train
GEN-2971,dev
GEN-2972,test
GEN-2973,train
GEN-2974,train
GEN-2975,train
GEN-2976,train
GEN-2977,train
GEN-2978,train
GEN-2979,dev
GEN-2980,train
GEN-2981,train
GEN-2982,train
GEN-2983,train
GEN-2984,test
GEN-2985,train
GEN-2986,test
GEN-2987,train
GEN-2988,train
GEN-2989,train
GEN-2990,train
GEN-2991,train
GEN-2992,test
GEN-2993,train
GEN-2994,train
GEN-2995,train
GEN-2996,train
GEN-2997,train
GEN-2998,train
GEN-2999,train
GEN-3000,train
GEN-3001,train
GEN-3002,train
GEN-3003,test
GEN-3004,train
GEN-3005,train
GEN-3006,dev
GEN-3007,train
GEN-3008,train
GEN-3009,train
GEN-3010,train
GEN-3011,train
GEN-3012,train
GEN-3013,train
GEN-3014,train
GEN-3015,dev
GEN-3016,train
GEN-3017,train
GEN-3018,dev
GEN-3019,train
GEN-3020,train
GEN-3021,train
GEN-3022,dev
GEN-3023,train
GEN-3024,train
GEN-3025,dev
GEN-3026,train
GEN-3027,train
GEN-3028,dev
GEN-3029,train
GEN-3030,train
GEN-3031,train
GEN-3032,train
GEN-3033,train
GEN-3034,train
GEN-3035,dev
GEN-3036,train
GEN-3037,train
GEN-3038,train
GEN-3039,train
GEN-3040,train
GEN-3041,train
GEN-3042,test
GEN-3043,train
GEN-3044,test
GEN-3045,train
GEN-3046,train
GEN-3047,train
GEN-3048,train
GEN-3049,train
GEN-3050,test
GEN-3051,dev
GEN-3052,dev
GEN-3053,dev
GEN-3054,test
GEN-3055,train
GEN-3056,train
GEN-3057,train
GEN-3058,train
GEN-3059,dev
GEN-3060,dev
GEN-3061,train
GEN-3062,train
GEN-3063,test
GEN-3064,train
GEN-3065,train
GEN-3066,train
GEN-3067,train
GEN-3068,train
GEN-3069,dev
GEN-3070,test
GEN-3071,test
GEN-3072,train
GEN-3073,test
GEN-3074,train
GEN-3075,test
GEN-3076,dev
GEN-3077,train
GEN-3078,test
GEN-3079,dev
GEN-3080,train
GEN-3081,train
GEN-3082,train
GEN-3083,train
GEN-3084,train
GEN-3085,train
GEN-3086,train
GEN-3087,dev
GEN-3088,train
GEN-3089,train
GEN-3090,train
GEN-3091,train
GEN-3092,train
GEN-3093,train
GEN-3094,train
GEN-3095,train
GEN-3096,train
GEN-3097,train
GEN-3098,train
GEN-3099,test
GEN-3100,test
GEN-3101,train
GEN-3102,test
GEN-3103,train
GEN-3104,dev
GEN-3105,test
GEN-3106,train
GEN-3107,dev
GEN-3108,dev
GEN-3109,train
GEN-3110,train
GEN-3111,train
GEN-3112,train
GEN-3113,train
GEN-3114,train
GEN-3115,train
GEN-3116,train
GEN-3117,train
GEN-3118,train
GEN-3119,test
GEN-3120,train
GEN-3121,test
GEN-3122,train
GEN-3123,dev
GEN-3124,train
GEN-3125,train
GEN-3126,train
GEN-3127,train
GEN-3128,train
GEN-3129,test
GEN-3130,train
GEN-3131,train
GEN-3132,train
GEN-3133,train
GEN-3134,train
GEN-3135,train
GEN-3136,train
GEN-3137,train
GEN-3138,train
GEN-3139,train
GEN-3140,train
GEN-3141,test
GEN-3142,dev
GEN-3143,test
GEN-3144,test
GEN-3145,train
GEN-3146,dev
GEN-3147,dev
GEN-3148,test
GEN-3149,dev
GEN-3150,train
GEN-3151,train
GEN-3152,dev
GEN-3153,train
GEN-3154,train
GEN-3155,train
GEN-3156,train
GEN-3157,train
GEN-3158,test
GEN-3159,test
GEN-3160,train
GEN-3161,train
GEN-3162,train
GEN-3163,train
GEN-3164,train
GEN-3165,train
GEN-3166,dev
GEN-3167,train
GEN-3168,dev
GEN-3169,test
GEN-3170,test
GEN-3171,train
GEN-3172,train
GEN-3173,train
GEN-3174,train
GEN-3175,train
GEN-3176,train
GEN-3177,train
GEN-3178,train
GEN-3179,train
GEN-3180,dev
GEN-3181,train
GEN-3182,dev
GEN-3183,test
GEN-3184,train
GEN-3185,train
GEN-3186,train
GEN-3187,test
GEN-3188,test
GEN-3189,train
GEN-3190,train
GEN-3191,train
GEN-3192,test
GEN-3193,train
GEN-3194,train
GEN-3195,train
GEN-3196,test
GEN-3197,train
GEN-3198,train
GEN-3199,train
GEN-3200,test
GEN-3201,test
GEN-3202,train
GEN-3203,train
GEN-3204,train
GEN-3205,test
GEN-3206,train
GEN-3207,train
GEN-3208,train
GEN-3209,train
GEN-3210,train
GEN-3211,train
GEN-3212,train
GEN-3213,dev
GEN-3214,dev
GEN-3215,test
GEN-3216,train
GEN-3217,train
GEN-3218,train
GEN-3219,dev
GEN-3220,train
GEN-3221,test
GEN-3222,train
GEN-3223,train
GEN-3224,train
GEN-3225,test
GEN-3226,train
GEN-3227,train
GEN-3228,train
GEN-3229,train
GEN-3230,train
GEN-3231,dev
GEN-3232,dev
GEN-3233,train
GEN-3234,train
GEN-3235,train
GEN-3236,test
GEN-3237,train
GEN-3238,train
GEN-3239,train
GEN-3240,test
GEN-3241,train
GEN-3242,train
GEN-3243,train
GEN-3244,train
GEN-3245,train
GEN-3246,dev
GEN-3247,train
GEN-3248,train
GEN-3249,train
GEN-3250,train
GEN-3251,train
GEN-3252,train
GEN-3253,train
GEN-3254,train
GEN-3255,dev
GEN-3256,dev
GEN-3257,train
GEN-3258,train
GEN-3259,train
GEN-3260,train
GEN-3261,dev
GEN-3262,dev
GEN-3263,test
GEN-3264,dev
GEN-3265,test
GEN-3266,train
GEN-3267,train
GEN-3268,train
GEN-3269,dev
GEN-3270,train
GEN-3271,train
GEN-3272,train
GEN-3273,train
GEN-3274,train
GEN-3275,test
GEN-3276,train
GEN-3277,train
GEN-3278,train
GEN-3279,train
GEN-3280,train
GEN-3281,train
GEN-3282,test
GEN-3283,train
GEN-3284,train
GEN-3285,train
GEN-3286,test
GEN-3287,dev
GEN-3288,test
GEN-3289,dev
GEN-3290,train
GEN-3291,dev
GEN-3292,test
GEN-3293,train
GEN-3294,train
GEN-3295,train
GEN-3296,dev
GEN-3297,train
GEN-3298,train
GEN-3299,train
GEN-3300,train
GEN-3301,train
GEN-3302,train
GEN-3303,train
GEN-3304,train
GEN-3305,train
GEN-3306,train
GEN-3307,train
GEN-3308,train
GEN-3309,train
GEN-3310,train
GEN-3311,train
GEN-3312,dev
GEN-3313,train
GEN-3314,dev
GEN-3315,train
GEN-3316,train
GEN-3317,train
GEN-3318,train
GEN-3319,train
GEN-3320,train
GEN-3321,dev
GEN-3322,train
GEN-3323,train
GEN-3324,train
GEN-3325,train
GEN-3326,dev
GEN-3327,train
GEN-3328,train
GEN-3329,train
GEN-3330,test
GEN-3331,train
GEN-3332,test
GEN-3333,train
GEN-3334,train
GEN-3335,train
GEN-3336,test
GEN-3337,train
GEN-3338,train
GEN-3339,train
GEN-3340,train
GEN-3341,dev
GEN-3342,dev
GEN-3343,train
GEN-3344,test
GEN-3345,train
GEN-3346,dev
GEN-3347,train
GEN-3348,train
GEN-3349,dev
GEN-3350,train
GEN-3351,train
GEN-3352,train
GEN-3353,train
GEN-3354,train
GEN-3355,dev
GEN-3356,train
GEN-3357,train
GEN-3358,train
GEN-3359,train
GEN-3360,train
GEN-3361,train
GEN-3362,test
GEN-3363,train
GEN-3364,train
GEN-3365,dev
GEN-3366,train
GEN-3367,dev
GEN-3368,train
GEN-3369,train
GEN-3370,train
GEN-3371,test
GEN-3372,train
GEN-3373,train
GEN-3374,train
GEN-3375,train
GEN-3376,train
GEN-3377,train
GEN-3378,train
GEN-3379,train
GEN-3380,train
GEN-3381,train
GEN-3382,train
GEN-3383,train
GEN-3384,train
GEN-3385,dev
GEN-3386,train
GEN-3387,train
GEN-3388,train
GEN-3389,train
GEN-3390,train
GEN-3391,train
GEN-3392,train
GEN-3393,train
GEN-3394,test
GEN-3395,dev
GEN-3396,test
GEN-3397,train
GEN-3398,dev
GEN-3399,train
GEN-3400,train
GEN-3401,train
GEN-3402,test
GEN-3403,train
GEN-3404,train
GEN-3405,train
GEN-3406,train
GEN-3407,dev
GEN-3408,train
GEN-3409,train
GEN-3410,train
GEN-3411,train
GEN-3412,train
GEN-3413,dev
GEN-3414,train
GEN-3415,train
GEN-3416,train
GEN-3417,train
GEN-3418,train
GEN-3419,train
GEN-3420,test
GEN-3421,train
GEN-3422,train
GEN-3423,dev
GEN-3424,dev
GEN-3425,train
GEN-3426,train
GEN-3427,dev
GEN-3428,train
GEN-3429,train
GEN-3430,train
GEN-3431,train
GEN-3432,train
GEN-3433,dev
GEN-3434,train
GEN-3435,train
GEN-3436,train
GEN-3437,train
GEN-3438,train
GEN-3439,train
GEN-3440,train
GEN-3441,train
GEN-3442,train
GEN-3443,train
GEN-3444,train
GEN-3445,train
GEN-3446,train
GEN-3447,test
GEN-3448,dev
GEN-3449,dev
GEN-3450,train
GEN-3451,train
GEN-3452,train
GEN-3453,train
GEN-3454,dev
GEN-3455,train
GEN-3456,test
GEN-3457,dev
GEN-3458,test
GEN-3459,test
GEN-3460,train
GEN-3461,test
GEN-3462,test
GEN-3463,train
GEN-3464,train
GEN-3465,train
GEN-3466,train
GEN-3467,test
GEN-3468,test
GEN-3469,train
GEN-3470,train
GEN-3471,test
GEN-3472,test
GEN-3473,train
GEN-3474,train
GEN-3475,train
GEN-3476,test
GEN-3477,train
GEN-3478,dev
GEN-3479,train
GEN-3480,test
GEN-3481,test
GEN-3482,dev
GEN-3483,train
GEN-3484,test
GEN-3485,train
GEN-3486,dev
GEN-3487,train
GEN-3488,dev
GEN-3489,train
GEN-3490,train
GEN-3491,train
GEN-3492,train
GEN-3493,train
GEN-3494,dev
GEN-3495,train
GEN-3496,train
GEN-3497,train
GEN-3498,dev
GEN-3499,train
GEN-3500,train
GEN-3501,train
GEN-3502,train
GEN-3503,train
GEN-3504,train
GEN-3505,train
GEN-3506,train
GEN-3507,train
GEN-3508,train
GEN-3509,train
GEN-3510,train
GEN-3511,dev
GEN-3512,train
GEN-3513,train
GEN-3514,train
GEN-3515,train
GEN-3516,test
GEN-3517,dev
GEN-3518,train
GEN-3519,test
GEN-3520,train
GEN-3521,dev
GEN-3522,train
GEN-3523,test
GEN-3524,train
GEN-3525,test
GEN-3526,train
GEN-3527,train
GEN-3528,train
GEN-3529,dev
GEN-3530,train
GEN-3531,train
GEN-3532,test
GEN-3533,train
GEN-3534,train
GEN-3535,train
GEN-3536,dev
GEN-3537,train
GEN-3538,test
GEN-3539,test
GEN-3540,train
GEN-3541,train
GEN-3542,train
GEN-3543,train
GEN-3544,test
GEN-3545,train
GEN-3546,train
GEN-3547,train
GEN-3548,train
GEN-3549,train
GEN-3550,train
GEN-3551,train
GEN-3552,train
GEN-3553,train
GEN-3554,train
GEN-3555,train
GEN-3556,train
GEN-3557,train
GEN-3558,train
GEN-3559,train
GEN-3560,train
GEN-3561,train
GEN-3562,test
GEN-3563,train
GEN-3564,train
GEN-3565,test
GEN-3566,train
GEN-3567,train
GEN-3568,train
GEN-3569,test
GEN-3570,dev
GEN-3571,train
GEN-3572,test
GEN-3573,dev
GEN-3574,train
GEN-3575,train
GEN-3576,train
GEN-3577,dev
GEN-3578,train
GEN-3579,dev
GEN-3580,dev
GEN-3581,dev
GEN-3582,train
GEN-3583,train
GEN-3584,dev
GEN-3585,test
GEN-3586,train
GEN-3587,test
GEN-3588,test
GEN-3589,train
GEN-3590,train
GEN-3591,train
GEN-3592,dev
GEN-3593,train
GEN-3594,dev
GEN-3595,train
GEN-3596,train
GEN-3597,test
GEN-3598,train
GEN-3599,train
GEN-3600,train
GEN-3601,train
GEN-3602,train
GEN-3603,train
GEN-3604,train
GEN-3605,dev
GEN-3606,train
GEN-3607,train
GEN-3608,test
GEN-3609,train
GEN-3610,train
GEN-3611,train
GEN-3612,test
GEN-3613,train
GEN-3614,train
GEN-3615,train
GEN-3616,train
GEN-3617,dev
GEN-3618,dev
GEN-3619,train
GEN-3620,train
GEN-3621,train
GEN-3622,train
GEN-3623,train
GEN-3624,train
GEN-3625,train
GEN-3626,dev
GEN-3627,train
GEN-3628,train
GEN-3629,train
GEN-3630,train
GEN-3631,test
GEN-3632,train
GEN-3633,train
GEN-3634,train
GEN-3635,train
GEN-3636,train
GEN-3637,train
GEN-3638,train
GEN-3639,dev
GEN-3640,train
GEN-3641,train
GEN-3642,train
GEN-3643,dev
GEN-3644,train
GEN-3645,train
GEN-3646,test
GEN-3647,test
GEN-3648,train
GEN-3649,train
GEN-3650,dev
GEN-3651,train
GEN-3652,train
GEN-3653,train
GEN-3654,train
GEN-3655,train
GEN-3656,test
GEN-3657,train
GEN-3658,train
GEN-3659,train
GEN-3660,dev
GEN-3661,dev
GEN-3662,train
GEN-3663,train
GEN-3664,train
GEN-3665,train
GEN-3666,train
GEN-3667,train
GEN-3668,test
GEN-3669,test
GEN-3670,train
GEN-3671,test
GEN-3672,train
GEN-3673,train
GEN-3674,dev
GEN-3675,dev
GEN-3676,dev
GEN-3677,test
GEN-3678,test
GEN-3679,train
GEN-3680,train
GEN-3681,dev
GEN-3682,train
GEN-3683,train
GEN-3684,train
GEN-3685,train
GEN-3686,test
GEN-3687,train
GEN-3688,test
GEN-3689,train
GEN-3690,test
GEN-3691,train
GEN-3692,test
GEN-3693,train
GEN-3694,train
GEN-3695,train
GEN-3696,dev
GEN-3697,train
GEN-3698,train
GEN-3699,train
GEN-3700,train
GEN-3701,test
GEN-3702,dev
GEN-3703,train
GEN-3704,train
GEN-3705,train
GEN-3706,test
GEN-3707,train
GEN-3708,train
GEN-3709,train
GEN-3710,train
GEN-3711,train
GEN-3712,train
GEN-3713,train
GEN-3714,dev
GEN-3715,train
GEN-3716,train
GEN-3717,test
GEN-3718,train
GEN-3719,train
GEN-3720,train
GEN-3721,dev
GEN-3722,train
GEN-3723,train
GEN-3724,test
GEN-3725,train
GEN-3726,dev
GEN-3727,train
GEN-3728,test
GEN-3729,train
GEN-3730,train
GEN-3731,train
GEN-3732,train
GEN-3733,train
GEN-3734,train
GEN-3735,train
GEN-3736,train
GEN-3737,train
GEN-3738,train
GEN-3739,test
GEN-3740,test
GEN-3741,dev
GEN-3742,train
GEN-3743,dev
GEN-3744,train
GEN-3745,train
GEN-3746,train
GEN-3747,train
GEN-3748,test
GEN-3749,train
GEN-3750,train
GEN-3751,train
GEN-3752,train
GEN-3753,train
GEN-3754,train
GEN-3755,dev
GEN-3756,train
GEN-3757,train
GEN-3758,train
GEN-3759,test
GEN-3760,train
GEN-3761,train
GEN-3762,train
GEN-3763,train
GEN-3764,train
GEN-3765,train
GEN-3766,test
GEN-3767,train
GEN-3768,train
GEN-3769,test
GEN-3770,dev
GEN-3771,train
GEN-3772,train
GEN-3773,dev
GEN-3774,train
GEN-3775,train
GEN-3776,train
GEN-3777,train
GEN-3778,train
GEN-3779,train
GEN-3780,train
GEN-3781,train
GEN-3782,test
GEN-3783,train
GEN-3784,train
GEN-3785,train
GEN-3786,test
GEN-3787,train
GEN-3788,train
GEN-3789,test
GEN-3790,train
GEN-3791,train
GEN-3792,dev
GEN-3793,train
GEN-3794,train
GEN-3795,dev
GEN-3796,train
GEN-3797,train
GEN-3798,dev
GEN-3799,dev
GEN-3800,train
GEN-3801,dev
GEN-3802,train
GEN-3803,dev
GEN-3804,dev
GEN-3805,test
GEN-3806,train
GEN-3807,train
GEN-3808,train
GEN-3809,train
GEN-3810,train
GEN-3811,train
GEN-3812,dev
GEN-3813,train
GEN-3814,train
GEN-3815,test
GEN-3816,train
GEN-3817,dev
GEN-3818,train
GEN-3819,train
GEN-3820,test
GEN-3821,dev
GEN-3822,train
GEN-3823,train
GEN-3824,test
GEN-3825,dev
GEN-3826,train
GEN-3827,train
GEN-3828,test
GEN-3829,dev
GEN-3830,train
GEN-3831,train
GEN-3832,test
GEN-3833,train
GEN-3834,train
GEN-3835,dev
GEN-3836,train
GEN-3837,train
GEN-3838,train
GEN-3839,train
GEN-3840,train
GEN-3841,train
GEN-3842,train
GEN-3843,test
GEN-3844,dev
GEN-3845,train
GEN-3846,train
GEN-3847,dev
GEN-3848,train
GEN-3849,test
GEN-3850,test
GEN-3851,train
GEN-3852,train
GEN-3853,train
GEN-3854,train
GEN-3855,test
GEN-3856,test
GEN-3857,train
GEN-3858,train
GEN-3859,train
GEN-3860,test
GEN-3861,train
GEN-3862,train
GEN-3863,test
GEN-3864,train
GEN-3865,test
GEN-3866,test
GEN-3867,train
GEN-3868,train
GEN-3869,train
GEN-3870,dev
GEN-3871,train
GEN-3872,dev
GEN-3873,train
GEN-3874,train
GEN-3875,test
GEN-3876,train
GEN-3877,dev
GEN-3878,train
GEN-3879,train
GEN-3880,train
GEN-3881,dev
GEN-3882,train
GEN-3883,dev
GEN-3884,dev
GEN-3885,train
GEN-3886,train
GEN-3887,train
GEN-3888,test
GEN-3889,dev
GEN-3890,test
GEN-3891,train
GEN-3892,train
GEN-3893,train
GEN-3894,train
GEN-3895,test
GEN-3896,train
GEN-3897,train
GEN-3898,dev
GEN-3899,train
GEN-3900,train
GEN-3901,train
GEN-3902,train
GEN-3903,train
GEN-3904,test
GEN-3905,train
GEN-3906,dev
GEN-3907,dev
GEN-3908,train
GEN-3909,dev
GEN-3910,train
GEN-3911,test
GEN-3912,train
GEN-3913,dev
GEN-3914,dev
GEN-3915,train
GEN-3916,train
GEN-3917,dev
GEN-3918,train
GEN-3919,train
GEN-3920,train
GEN-3921,train
GEN-3922,train
GEN-3923,train
GEN-3924,train
GEN-3925,train
GEN-3926,train
GEN-3927,train
GEN-3928,test
GEN-3929,train
GEN-3930,dev
GEN-3931,test
GEN-3932,train
GEN-3933,train
GEN-3934,train
GEN-3935,test
GEN-3936,test
GEN-3937,train
GEN-3938,train
GEN-3939,train
GEN-3940,train
GEN-3941,dev
GEN-3942,dev
GEN-3943,train
GEN-3944,train
GEN-3945,test
GEN-3946,train
GEN-3947,train
GEN-3948,train
GEN-3949,train
GEN-3950,train
GEN-3951,dev
GEN-3952,train
GEN-3953,dev
GEN-3954,train
GEN-3955,train
GEN-3956,train
GEN-3957,train
GEN-3958,test
GEN-3959,train
GEN-3960,train
GEN-3961,train
GEN-3962,train
GEN-3963,train
GEN-3964,train
GEN-3965,train
GEN-3966,dev
GEN-3967,train
GEN-3968,train
GEN-3969,train
GEN-3970,train
GEN-3971,dev
GEN-3972,test
GEN-3973,train
GEN-3974,train
GEN-3975,train
GEN-3976,train
GEN-3977,train
GEN-3978,train
GEN-3979,train
GEN-3980,train
GEN-3981,train
GEN-3982,train
GEN-3983,train
GEN-3984,test
GEN-3985,train
GEN-3986,dev
GEN-3987,train
GEN-3988,test
GEN-3989,train
GEN-3990,train
GEN-3991,train
GEN-3992,dev
GEN-3993,train
GEN-3994,dev
GEN-3995,test
GEN-3996,train
GEN-3997,train
GEN-3998,train
GEN-3999,train
GEN-4000,train
GEN-4001,train
GEN-4002,train
GEN-4003,dev
GEN-4004,dev
GEN-4005,test
GEN-4006,train
GEN-4007,train
GEN-4008,train
GEN-4009,train
GEN-4010,train
GEN-4011,train
GEN-4012,train
GEN-4013,train
GEN-4014,train
GEN-4015,test
GEN-4016,train
GEN-4017,train
GEN-4018,train
GEN-4019,train
GEN-4020,test
GEN-4021,train
GEN-4022,train
GEN-4023,train
GEN-4024,train
GEN-4025,train
GEN-4026,train
GEN-4027,train
GEN-4028,train
GEN-4029,test
GEN-4030,test
GEN-4031,train
GEN-4032,train
GEN-4033,train
GEN-4034,train
GEN-4035,train
GEN-4036,train
GEN-4037,train
GEN-4038,train
GEN-4039,train
GEN-4040,dev
GEN-4041,train
GEN-4042,test
GEN-4043,train
GEN-4044,dev
GEN-4045,train
GEN-4046,train
GEN-4047,train
GEN-4048,dev
GEN-4049,train
GEN-4050,test
GEN-4051,dev
GEN-4052,train
GEN-4053,train
GEN-4054,train
GEN-4055,train
GEN-4056,test
GEN-4057,train
GEN-4058,train
GEN-4059,train
GEN-4060,train
GEN-4061,train
GEN-4062,dev
GEN-4063,train
GEN-4064,train
GEN-4065,train
GEN-4066,train
GEN-4067,train
GEN-4068,dev
GEN-4069,train
GEN-4070,train
GEN-4071,train
GEN-4072,train
GEN-4073,train
GEN-4074,train
GEN-4075,train
GEN-4076,train
GEN-4077,train
GEN-4078,train
GEN-4079,train
GEN-4080,train
GEN-4081,dev
GEN-4082,train
GEN-4083,train
GEN-4084,train
GEN-4085,train
GEN-4086,train
GEN-4087,train
GEN-4088,train
GEN-4089,train
GEN-4090,test
GEN-4091,train
GEN-4092,dev
GEN-4093,dev
GEN-4094,train
GEN-4095,dev
GEN-4096,train
GEN-4097,test
GEN-4098,train
GEN-4099,train
GEN-4100,test
GEN-4101,test
GEN-4102,train
GEN-4103,train
GEN-4104,train
GEN-4105,train
GEN-4106,dev
GEN-4107,test
GEN-4108,train
GEN-4109,train
GEN-4110,train
GEN-4111,test
GEN-4112,dev
GEN-4113,train
GEN-4114,train
GEN-4115,train
GEN-4116,train
GEN-4117,train
GEN-4118,test
GEN-4119,dev
GEN-4120,train
GEN-4121,train
GEN-4122,train
GEN-4123,train
GEN-4124,train
GEN-4125,train
GEN-4126,train
GEN-4127,test
GEN-4128,train
GEN-4129,train
GEN-4130,train
GEN-4131,train
GEN-4132,train
GEN-4133,train
GEN-4134,train
GEN-4135,train
GEN-4136,train
GEN-4137,train
GEN-4138,train
GEN-4139,dev
GEN-4140,train
GEN-4141,train
GEN-4142,dev
GEN-4143,train
GEN-4144,train
GEN-4145,train
GEN-4146,train
GEN-4147,dev
GEN-4148,train
GEN-4149,train
GEN-4150,dev
GEN-4151,train
GEN-4152,train
GEN-4153,dev
GEN-4154,train
GEN-4155,dev
GEN-4156,dev
GEN-4157,train
GEN-4158,train
GEN-4159,train
GEN-4160,train
GEN-4161,train
GEN-4162,dev
GEN-4163,train
GEN-4164,train
GEN-4165,train
GEN-4166,train
GEN-4167,train
GEN-4168,train
GEN-4169,train
GEN-4170,train
GEN-4171,train
GEN-4172,dev
GEN-4173,train
GEN-4174,train
GEN-4175,train
GEN-4176,train
GEN-4177,train
GEN-4178,train
GEN-4179,dev
GEN-4180,dev
GEN-4181,train
GEN-4182,train
GEN-4183,train
GEN-4184,dev
GEN-4185,train
GEN-4186,test
GEN-4187,dev
GEN-4188,test
GEN-4189,train
GEN-4190,train
GEN-4191,train
GEN-4192,train
GEN-4193,train
GEN-4194,train
GEN-4195,train
GEN-4196,train
GEN-4197,train
GEN-4198,train
GEN-4199,dev
GEN-4200,train
GEN-4201,train
GEN-4202,dev
GEN-4203,train
GEN-4204,train
GEN-4205,train
GEN-4206,dev
GEN-4207,train
GEN-4208,train
GEN-4209,train
GEN-4210,train
GEN-4211,train
GEN-4212,dev
GEN-4213,train
GEN-4214,train
GEN-4215,train
GEN-4216,train
GEN-4217,train
GEN-4218,test
GEN-4219,train
GEN-4220,train
GEN-4221,train
GEN-4222,train
GEN-4223,train
GEN-4224,train
GEN-4225,train
GEN-4226,dev
GEN-4227,train
GEN-4228,train
GEN-4229,train
GEN-4230,train
GEN-4231,train
GEN-4232,train
GEN-4233,train
GEN-4234,test
GEN-4235,test
GEN-4236,dev
GEN-4237,train
GEN-4238,train
GEN-4239,train
GEN-4240,train
GEN-4241,train
GEN-4242,test
GEN-4243,train
GEN-4244,train
GEN-4245,test
GEN-4246,train
GEN-4247,train
GEN-4248,train
GEN-4249,train
GEN-4250,train
GEN-4251,dev
GEN-4252,train
GEN-4253,test
GEN-4254,train
GEN-4255,dev
GEN-4256,train
GEN-4257,train
GEN-4258,test
GEN-4259,test
GEN-4260,dev
GEN-4261,train
GEN-4262,train
GEN-4263,dev
GEN-4264,test
GEN-4265,dev
GEN-4266,train
GEN-4267,dev
GEN-4268,dev
GEN-4269,train
GEN-4270,dev
GEN-4271,train
GEN-4272,test
GEN-4273,test
GEN-4274,dev
GEN-4275,train
GEN-4276,train
GEN-4277,dev
GEN-4278,train
GEN-4279,train
GEN-4280,train
GEN-4281,train
GEN-4282,train
GEN-4283,train
GEN-4284,test
GEN-4285,train
GEN-4286,dev
GEN-4287,test
GEN-4288,dev
GEN-4289,dev
GEN-4290,train
GEN-4291,train
GEN-4292,train
GEN-4293,train
GEN-4294,train
GEN-4295,dev
GEN-4296,train
GEN-4297,train
GEN-4298,train
GEN-4299,train
GEN-4300,dev
GEN-4301,train
GEN-4302,train
GEN-4303,train
GEN-4304,train
GEN-4305,train
GEN-4306,test
GEN-4307,train
GEN-4308,train
GEN-4309,train
GEN-4310,train
GEN-4311,test
GEN-4312,train
GEN-4313,train
GEN-4314,train
GEN-4315,train
GEN-4316,train
GEN-4317,train
GEN-4318,dev
GEN-4319,train
GEN-4320,train
GEN-4321,train
GEN-4322,train
GEN-4323,train
GEN-4324,train
GEN-4325,dev
GEN-4326,dev
GEN-4327,dev
GEN-4328,train
GEN-4329,test
GEN-4330,train
GEN-4331,test
GEN-4332,train
GEN-4333,train
GEN-4334,test
GEN-4335,train
GEN-4336,train
GEN-4337,train
GEN-4338,train
GEN-4339,train
GEN-4340,train
GEN-4341,dev
GEN-4342,train
GEN-4343,train
GEN-4344,train
GEN-4345,train
GEN-4346,test
GEN-4347,train
GEN-4348,train
GEN-4349,train
GEN-4350,dev
GEN-4351,train
GEN-4352,train
GEN-4353,train
GEN-4354,train
GEN-4355,dev
GEN-4356,test
GEN-4357,test
GEN-4358,dev
GEN-4359,train
GEN-4360,train
GEN-4361,test
GEN-4362,test
GEN-4363,train
GEN-4364,train
GEN-4365,train
GEN-4366,train
GEN-4367,train
GEN-4368,test
GEN-4369,dev
GEN-4370,test
GEN-4371,train
GEN-4372,train
GEN-4373,train
GEN-4374,train
GEN-4375,train
GEN-4376,train
GEN-4377,train
GEN-4378,train
GEN-4379,train
GEN-4380,train
GEN-4381,train
GEN-4382,test
GEN-4383,train
GEN-4384,train
GEN-4385,train
GEN-4386,train
GEN-4387,train
GEN-4388,train
GEN-4389,train
GEN-4390,train
GEN-4391,test
GEN-4392,train
GEN-4393,train
GEN-4394,dev
GEN-4395,train
GEN-4396,train
GEN-4397,train
GEN-4398,train
GEN-4399,train
GEN-4400,train
GEN-4401,test
GEN-4402,test
GEN-4403,dev
GEN-4404,train
GEN-4405,train
GEN-4406,train
GEN-4407,dev
GEN-4408,dev
GEN-4409,train
GEN-4410,train
GEN-4411,train
GEN-4412,train
GEN-4413,test
GEN-4414,train
GEN-4415,test
GEN-4416,train
GEN-4417,test
GEN-4418,dev
GEN-4419,train
GEN-4420,train
GEN-4421,test
GEN-4422,train
GEN-4423,train
GEN-4424,train
GEN-4425,train
GEN-4426,train
GEN-4427,train
GEN-4428,train
GEN-4429,train
GEN-4430,train
GEN-4431,train
GEN-4432,test
GEN-4433,train
GEN-4434,train
GEN-4435,train
GEN-4436,train
GEN-4437,test
GEN-4438,train
GEN-4439,train
GEN-4440,train
GEN-4441,train
GEN-4442,train
GEN-4443,test
GEN-4444,train
GEN-4445,train
GEN-4446,train
GEN-4447,train
GEN-4448,train
GEN-4449,train
GEN-4450,train
GEN-4451,train
GEN-4452,dev
GEN-4453,train
GEN-4454,train
GEN-4455,dev
GEN-4456,test
GEN-4457,train
GEN-4458,test
GEN-4459,train
GEN-4460,train
GEN-4461,train
GEN-4462,train
GEN-4463,train
GEN-4464,train
GEN-4465,train
GEN-4466,dev
GEN-4467,test
GEN-4468,test
GEN-4469,dev
GEN-4470,train
GEN-4471,train
GEN-4472,train
GEN-4473,test
GEN-4474,train
GEN-4475,train
GEN-4476,train
GEN-4477,train
GEN-4478,train
GEN-4479,train
GEN-4480,dev
GEN-4481,dev
GEN-4482,train
GEN-4483,dev
GEN-4484,train
GEN-4485,train
GEN-4486,train
GEN-4487,train
GEN-4488,train
GEN-4489,dev
GEN-4490,dev
GEN-4491,train
GEN-4492,train
GEN-4493,dev
GEN-4494,train
GEN-4495,dev
GEN-4496,train
GEN-4497,test
GEN-4498,dev
GEN-4499,train
GEN-4500,train
GEN-4501,train
GEN-4502,test
GEN-4503,train
GEN-4504,train
GEN-4505,train
GEN-4506,train
GEN-4507,test
GEN-4508,train
GEN-4509,dev
GEN-4510,train
GEN-4511,dev
GEN-4512,train
GEN-4513,train
GEN-4514,train
GEN-4515,train
GEN-4516,train
GEN-4517,dev
GEN-4518,dev
GEN-4519,train
GEN-4520,dev
GEN-4521,dev
GEN-4522,dev
GEN-4523,train
GEN-4524,train
GEN-4525,dev
GEN-4526,train
GEN-4527,train
GEN-4528,train
GEN-4529,dev
GEN-4530,train
GEN-4531,train
GEN-4532,train
GEN-4533,test
GEN-4534,train
GEN-4535,train
GEN-4536,dev
GEN-4537,test
GEN-4538,dev
GEN-4539,test
GEN-4540,train
GEN-4541,train
GEN-4542,test
GEN-4543,train
GEN-4544,train
GEN-4545,train
GEN-4546,train
GEN-4547,train
GEN-4548,train
GEN-4549,train
GEN-4550,train
GEN-4551,train
GEN-4552,dev
GEN-4553,train
GEN-4554,train
GEN-4555,train
GEN-4556,train
GEN-4557,test
GEN-4558,test
GEN-4559,train
GEN-4560,train
GEN-4561,test
GEN-4562,dev
GEN-4563,dev
GEN-4564,dev
GEN-4565,dev
GEN-4566,test
GEN-4567,train
GEN-4568,train
GEN-4569,train
GEN-4570,train
GEN-4571,dev
GEN-4572,train
GEN-4573,dev
GEN-4574,test
GEN-4575,test
GEN-4576,test
GEN-4577,train
GEN-4578,train
GEN-4579,train
GEN-4580,train
GEN-4581,dev
GEN-4582,dev
GEN-4583,train
GEN-4584,test
GEN-4585,train
GEN-4586,test
GEN-4587,train
GEN-4588,test
GEN-4589,test
GEN-4590,train
GEN-4591,test
GEN-4592,test
GEN-4593,train
GEN-4594,train
GEN-4595,train
GEN-4596,train
GEN-4597,train
GEN-4598,train
GEN-4599,train
GEN-4600,train
GEN-4601,train
GEN-4602,train
GEN-4603,train
GEN-4604,train
GEN-4605,train
GEN-4606,train
GEN-4607,train
GEN-4608,train
GEN-4609,train
GEN-4610,train
GEN-4611,train
GEN-4612,train
GEN-4613,train
GEN-4614,train
GEN-4615,dev
GEN-4616,test
GEN-4617,train
GEN-4618,train
GEN-4619,dev
GEN-4620,train
GEN-4621,train
GEN-4622,train
GEN-4623,dev
GEN-4624,test
GEN-4625,train
GEN-4626,train
GEN-4627,train
GEN-4628,train
GEN-4629,train
GEN-4630,train
GEN-4631,test
GEN-4632,train
GEN-4633,train
GEN-4634,train
GEN-4635,train
GEN-4636,train
GEN-4637,train
GEN-4638,test
GEN-4639,train
GEN-4640,train
GEN-4641,train
GEN-4642,train
GEN-4643,test
GEN-4644,train
GEN-4645,test
GEN-4646,train
GEN-4647,train
GEN-4648,train
GEN-4649,test
GEN-4650,train
GEN-4651,dev
GEN-4652,train
GEN-4653,dev
GEN-4654,train
GEN-4655,train
GEN-4656,train
GEN-4657,test
GEN-4658,train
GEN-4659,train
GEN-4660,dev
GEN-4661,train
GEN-4662,test
GEN-4663,train
GEN-4664,train
GEN-4665,train
GEN-4666,train
GEN-4667,train
GEN-4668,train
GEN-4669,train
GEN-4670,test
GEN-4671,test
GEN-4672,dev
GEN-4673,test
GEN-4674,train
GEN-4675,train
GEN-4676,train
GEN-4677,train
GEN-4678,train
GEN-4679,test
GEN-4680,train
GEN-4681,dev
GEN-4682,test
GEN-4683,test
GEN-4684,test
GEN-4685,train
GEN-4686,train
GEN-4687,test
GEN-4688,train
GEN-4689,test
GEN-4690,train
GEN-4691,train
GEN-4692,train
GEN-4693,train
GEN-4694,train
GEN-4695,train
GEN-4696,train
GEN-4697,train
GEN-4698,train
GEN-4699,train
GEN-4700,train
GEN-4701,train
GEN-4702,train
GEN-4703,dev
GEN-4704,dev
GEN-4705,train
GEN-4706,train
GEN-4707,train
GEN-4708,train
GEN-4709,train
GEN-4710,dev
GEN-4711,train
GEN-4712,dev
GEN-4713,train
GEN-4714,test
GEN-4715,train
GEN-4716,dev
GEN-4717,train
GEN-4718,train
GEN-4719,train
GEN-4720,train
GEN-4721,dev
GEN-4722,train
GEN-4723,train
GEN-4724,train
GEN-4725,train
GEN-4726,train
GEN-4727,dev
GEN-4728,dev
GEN-4729,train
GEN-4730,train
GEN-4731,train
GEN-4732,train
GEN-4733,train
GEN-4734,train
GEN-4735,test
GEN-4736,train
GEN-4737,train
GEN-4738,train
GEN-4739,train
GEN-4740,test
GEN-4741,train
GEN-4742,train
GEN-4743,dev
GEN-4744,train
GEN-4745,train
GEN-4746,train
GEN-4747,dev
GEN-4748,test
GEN-4749,train
GEN-4750,train
GEN-4751,test
GEN-4752,train
GEN-4753,train
GEN-4754,test
GEN-4755,train
GEN-4756,train
GEN-4757,dev
GEN-4758,train
GEN-4759,train
GEN-4760,train
GEN-4761,train
GEN-4762,train
GEN-4763,test
GEN-4764,test
GEN-4765,train
GEN-4766,train
GEN-4767,train
GEN-4768,train
GEN-4769,train
GEN-4770,dev
GEN-4771,train
GEN-4772,train
GEN-4773,dev
GEN-4774,train
GEN-4775,dev
GEN-4776,test
GEN-4777,train
GEN-4778,train
GEN-4779,train
GEN-4780,dev
GEN-4781,train
GEN-4782,dev
GEN-4783,train
GEN-4784,train
GEN-4785,test
GEN-4786,train
GEN-4787,train
GEN-4788,dev
GEN-4789,train
GEN-4790,train
GEN-4791,dev
GEN-4792,train
GEN-4793,test
GEN-4794,train
GEN-4795,train
GEN-4796,train
GEN-4797,train
GEN-4798,train
GEN-4799,train
GEN-4800,train
GEN-4801,train
GEN-4802,train
GEN-4803,train
GEN-4804,train
GEN-4805,test
GEN-4806,dev
GEN-4807,train
GEN-4808,train
GEN-4809,train
GEN-4810,test
GEN-4811,dev
GEN-4812,dev
GEN-4813,train
GEN-4814,dev
GEN-4815,dev
GEN-4816,train
GEN-4817,train
GEN-4818,dev
GEN-4819,train
GEN-4820,dev
GEN-4821,train
GEN-4822,train
GEN-4823,train
GEN-4824,train
GEN-4825,train
GEN-4826,train
GEN-4827,train
GEN-4828,train
GEN-4829,train
GEN-4830,train
GEN-4831,train
GEN-4832,train
GEN-4833,test
GEN-4834,train
GEN-4835,dev
GEN-4836,train
GEN-4837,train
GEN-4838,train
GEN-4839,train
GEN-4840,train
GEN-4841,test
GEN-4842,train
GEN-4843,train
GEN-4844,train
GEN-4845,train
GEN-4846,train
GEN-4847,train
GEN-4848,train
GEN-4849,test
GEN-4850,train
GEN-4851,train
GEN-4852,train
GEN-4853,train
GEN-4854,test
GEN-4855,train
GEN-4856,train
GEN-4857,dev
GEN-4858,train
GEN-4859,train
GEN-4860,train
GEN-4861,test
GEN-4862,train
GEN-4863,train
GEN-4864,train
GEN-4865,train
GEN-4866,train
GEN-4867,train
GEN-4868,train
GEN-4869,train
GEN-4870,train
GEN-4871,train
GEN-4872,train
GEN-4873,train
GEN-4874,train
GEN-4875,train
GEN-4876,train
GEN-4877,train
GEN-4878,train
GEN-4879,train
GEN-4880,dev
GEN-4881,train
GEN-4882,train
GEN-4883,train
GEN-4884,train
GEN-4885,train
GEN-4886,train
GEN-4887,train
GEN-4888,train
GEN-4889,train
GEN-4890,dev
GEN-4891,train
GEN-4892,train
GEN-4893,train
GEN-4894,dev
GEN-4895,train
GEN-4896,train
GEN-4897,dev
GEN-4898,test
GEN-4899,test
GEN-4900,train
GEN-4901,train
GEN-4902,train
GEN-4903,train
GEN-4904,train
GEN-4905,train
GEN-4906,train
GEN-4907,train
GEN-4908,train
GEN-4909,train
GEN-4910,dev
GEN-4911,train
GEN-4912,train
GEN-4913,train
GEN-4914,train
GEN-4915,dev
GEN-4916,train
GEN-4917,train
GEN-4918,train
GEN-4919,train
GEN-4920,train
GEN-4921,test
GEN-4922,train
GEN-4923,train
GEN-4924,train
GEN-4925,train
GEN-4926,train
GEN-4927,test
GEN-4928,dev
GEN-4929,train
GEN-4930,train
GEN-4931,train
GEN-4932,train
GEN-4933,train
GEN-4934,train
GEN-4935,train
GEN-4936,test
GEN-4937,train
GEN-4938,test
GEN-4939,test
GEN-4940,train
GEN-4941,train
GEN-4942,train
GEN-4943,train
GEN-4944,test
GEN-4945,train
GEN-4946,dev
GEN-4947,train
GEN-4948,train
GEN-4949,train
GEN-4950,test
GEN-4951,test
GEN-4952,train
GEN-4953,dev
GEN-4954,test
GEN-4955,train
GEN-4956,test
GEN-4957,train
GEN-4958,train
GEN-4959,train
GEN-4960,train
GEN-4961,train
GEN-4962,train
GEN-4963,test
GEN-4964,train
GEN-4965,train
GEN-4966,dev
GEN-4967,train
GEN-4968,dev
GEN-4969,train
GEN-4970,dev
GEN-4971,train
GEN-4972,dev
GEN-4973,train
GEN-4974,train
GEN-4975,train
GEN-4976,train
GEN-4977,train
GEN-4978,train
GEN-4979,train
GEN-4980,train
GEN-4981,train
GEN-4982,dev
GEN-4983,train
GEN-4984,dev
GEN-4985,train
GEN-4986,test
GEN-4987,train
GEN-4988,train
GEN-4989,train
GEN-4990,train
GEN-4991,train
GEN-4992,dev
GEN-4993,test
GEN-4994,test
GEN-4995,train
GEN-4996,train
GEN-4997,dev
GEN-4998,train
GEN-4999,dev
GEN-5000,test
GEN-5001,test
GEN-5002,train
GEN-5003,train
GEN-5004,train
GEN-5005,train
GEN-5006,train
GEN-5007,train
GEN-5008,train
GEN-5009,test
GEN-5010,train
GEN-5011,test
GEN-5012,train
GEN-5013,train
GEN-5014,train
GEN-5015,test
GEN-5016,train
GEN-5017,dev
GEN-5018,test
GEN-5019,train
GEN-5020,train
GEN-5021,train
GEN-5022,train
GEN-5023,train
GEN-5024,train
GEN-5025,test
GEN-5026,test
GEN-5027,dev
GEN-5028,test
GEN-5029,train
GEN-5030,train
GEN-5031,test
GEN-5032,train
GEN-5033,train
GEN-5034,dev
GEN-5035,dev
GEN-5036,train
GEN-5037,train
GEN-5038,dev
GEN-5039,train
GEN-5040,dev
GEN-5041,train
GEN-5042,train
GEN-5043,test
GEN-5044,train
GEN-5045,train
GEN-5046,train
GEN-5047,train
GEN-5048,train
GEN-5049,test
GEN-5050,test
GEN-5051,train
GEN-5052,test
GEN-5053,dev
GEN-5054,train
GEN-5055,train
GEN-5056,test
GEN-5057,train
GEN-5058,train
GEN-5059,train
GEN-5060,train
GEN-5061,dev
GEN-5062,dev
GEN-5063,train
GEN-5064,train
GEN-5065,train
GEN-5066,test
GEN-5067,train
GEN-5068,train
GEN-5069,train
GEN-5070,test
GEN-5071,dev
GEN-5072,train
GEN-5073,train
GEN-5074,train
GEN-5075,test
GEN-5076,train
GEN-5077,train
GEN-5078,train
GEN-5079,dev
GEN-5080,train
GEN-5081,test
GEN-5082,train
GEN-5083,train
GEN-5084,train
GEN-5085,train
GEN-5086,train
GEN-5087,train
GEN-5088,train
GEN-5089,dev
GEN-5090,train
GEN-5091,train
GEN-5092,dev
GEN-5093,train
GEN-5094,train
GEN-5095,train
GEN-5096,test
GEN-5097,train
GEN-5098,dev
GEN-5099,train
GEN-5100,train
GEN-5101,train
GEN-5102,dev
GEN-5103,test
GEN-5104,dev
GEN-5105,train
GEN-5106,train
GEN-5107,test
GEN-5108,train
GEN-5109,train
GEN-5110,train
GEN-5111,train
GEN-5112,train
GEN-5113,test
GEN-5114,train
GEN-5115,dev
GEN-5116,train
GEN-5117,test
GEN-5118,train
GEN-5119,train
GEN-5120,train
GEN-5121,train
GEN-5122,dev
GEN-5123,train
GEN-5124,train
GEN-5125,train
GEN-5126,train
GEN-5127,train
GEN-5128,train
GEN-5129,train
GEN-5130,dev
GEN-5131,train
GEN-5132,test
GEN-5133,test
GEN-5134,train
GEN-5135,test
GEN-5136,train
GEN-5137,train
GEN-5138,dev
GEN-5139,dev
GEN-5140,train
GEN-5141,dev
GEN-5142,dev
GEN-5143,train
GEN-5144,train
GEN-5145,dev
GEN-5146,train
GEN-5147,train
GEN-5148,test
GEN-5149,train
GEN-5150,train
GEN-5151,train
GEN-5152,dev
GEN-5153,train
GEN-5154,train
GEN-5155,test
GEN-5156,train
GEN-5157,train
GEN-5158,train
GEN-5159,train
GEN-5160,dev
GEN-5161,train
GEN-5162,dev
GEN-5163,train
GEN-5164,train
GEN-5165,train
GEN-5166,dev
GEN-5167,train
GEN-5168,train
GEN-5169,train
GEN-5170,train
GEN-5171,train
GEN-5172,train
GEN-5173,train
GEN-5174,train
GEN-5175,train
GEN-5176,train
GEN-5177,test
GEN-5178,train
GEN-5179,train
GEN-5180,train
GEN-5181,train
GEN-5182,train
GEN-5183,dev
GEN-5184,train
GEN-5185,train
GEN-5186,train
GEN-5187,test
GEN-5188,train
GEN-5189,train
GEN-5190,train
GEN-5191,test
GEN-5192,train
GEN-5193,train
GEN-5194,train
GEN-5195,train
GEN-5196,train
GEN-5197,dev
GEN-5198,train
GEN-5199,train
GEN-5200,test
GEN-5201,train
GEN-5202,train
GEN-5203,train
GEN-5204,train
GEN-5205,train
GEN-5206,train
GEN-5207,train
GEN-5208,train
GEN-5209,train
GEN-5210,train
GEN-5211,train
GEN-5212,train
GEN-5213,train
GEN-5214,train
GEN-5215,train
GEN-5216,train
GEN-5217,test
GEN-5218,train
GEN-5219,train
GEN-5220,train
GEN-5221,train
GEN-5222,train
GEN-5223,train
GEN-5224,dev
GEN-5225,test
GEN-5226,dev
GEN-5227,dev
GEN-5228,test
GEN-5229,test
GEN-5230,train
GEN-5231,train
GEN-5232,train
GEN-5233,train
GEN-5234,dev
GEN-5235,train
GEN-5236,train
GEN-5237,train
GEN-5238,train
GEN-5239,dev
GEN-5240,train
GEN-5241,train
GEN-5242,train
GEN-5243,test
GEN-5244,train
GEN-5245,test
GEN-5246,dev
GEN-5247,dev
GEN-5248,train
GEN-5249,train
GEN-5250,train
GEN-5251,train
GEN-5252,train
GEN-5253,test
GEN-5254,train
GEN-5255,train
GEN-5256,train
GEN-5257,train
GEN-5258,train
GEN-5259,dev
GEN-5260,test
GEN-5261,train
GEN-5262,train
GEN-5263,dev
GEN-5264,train
GEN-5265,train
GEN-5266,test
GEN-5267,train
GEN-5268,train
GEN-5269,train
GEN-5270,test
GEN-5271,train
GEN-5272,train
GEN-5273,train
GEN-5274,train
GEN-5275,train
GEN-5276,dev
GEN-5277,dev
GEN-5278,dev
GEN-5279,train
GEN-5280,train
GEN-5281,train
GEN-5282,test
GEN-5283,train
GEN-5284,train
GEN-5285,train
GEN-5286,dev
GEN-5287,test
GEN-5288,train
GEN-5289,dev
GEN-5290,train
GEN-5291,dev
GEN-5292,dev
GEN-5293,train
GEN-5294,test
GEN-5295,test
GEN-5296,train
GEN-5297,train
GEN-5298,train
GEN-5299,test
GEN-5300,train
GEN-5301,train
GEN-5302,test
GEN-5303,test
GEN-5304,dev
GEN-5305,train
GEN-5306,dev
GEN-5307,train
GEN-5308,dev
GEN-5309,dev
GEN-5310,train
GEN-5311,test
GEN-5312,train
GEN-5313,dev
GEN-5314,dev
GEN-5315,train
GEN-5316,train
GEN-5317,train
GEN-5318,train
GEN-5319,train
GEN-5320,dev
GEN-5321,test
GEN-5322,train
GEN-5323,dev
GEN-5324,train
GEN-5325,train
GEN-5326,train
GEN-5327,train
GEN-5328,test
GEN-5329,train
GEN-5330,dev
GEN-5331,train
GEN-5332,train
GEN-5333,train
GEN-5334,train
GEN-5335,train
GEN-5336,train
GEN-5337,train
GEN-5338,train
GEN-5339,train
GEN-5340,test
GEN-5341,test
GEN-5342,dev
GEN-5343,train
GEN-5344,dev
GEN-5345,dev
GEN-5346,train
GEN-5347,test
GEN-5348,train
GEN-5349,test
GEN-5350,train
GEN-5351,train
GEN-5352,train
GEN-5353,train
GEN-5354,train
GEN-5355,train
GEN-5356,train
GEN-5357,train
GEN-5358,test
GEN-5359,dev
GEN-5360,train
GEN-5361,test
GEN-5362,test
GEN-5363,train
GEN-5364,dev
GEN-5365,test
GEN-5366,train
GEN-5367,train
GEN-5368,dev
GEN-5369,test
GEN-5370,train
GEN-5371,train
GEN-5372,train
GEN-5373,train
GEN-5374,train
GEN-5375,train
GEN-5376,train
GEN-5377,train
GEN-5378,train
GEN-5379,train
GEN-5380,train
GEN-5381,train
GEN-5382,train
GEN-5383,dev
GEN-5384,train
GEN-5385,test
GEN-5386,train
GEN-5387,train
GEN-5388,dev
GEN-5389,train
GEN-5390,dev
GEN-5391,train
GEN-5392,test
GEN-5393,test
GEN-5394,train
GEN-5395,dev
GEN-5396,train
GEN-5397,train
GEN-5398,train
GEN-5399,train
GEN-5400,train
GEN-5401,dev
GEN-5402,train
GEN-5403,train
GEN-5404,dev
GEN-5405,train
GEN-5406,train
GEN-5407,train
GEN-5408,train
GEN-5409,dev
GEN-5410,train
GEN-5411,train
GEN-5412,train
GEN-5413,train
GEN-5414,train
GEN-5415,train
GEN-5416,train
GEN-5417,train
GEN-5418,train
GEN-5419,train
GEN-5420,train
GEN-5421,train
GEN-5422,train
GEN-5423,dev
GEN-5424,train
GEN-5425,train
GEN-5426,train
GEN-5427,dev
GEN-5428,train
GEN-5429,train
GEN-5430,train
GEN-5431,train
GEN-5432,train
GEN-5433,train
GEN-5434,dev
GEN-5435,test
GEN-5436,train
GEN-5437,train
GEN-5438,train
GEN-5439,train
GEN-5440,train
GEN-5441,train
GEN-5442,dev
GEN-5443,train
GEN-5444,test
GEN-5445,train
GEN-5446,train
GEN-5447,train
GEN-5448,test
GEN-5449,dev
GEN-5450,test
GEN-5451,dev
GEN-5452,test
GEN-5453,train
GEN-5454,train
GEN-5455,train
GEN-5456,train
GEN-5457,train
GEN-5458,train
GEN-5459,train
GEN-5460,train
GEN-5461,train
GEN-5462,train
GEN-5463,test
GEN-5464,train
GEN-5465,train
GEN-5466,train
GEN-5467,train
GEN-5468,train
GEN-5469,dev
GEN-5470,test
GEN-5471,train
GEN-5472,train
GEN-5473,dev
GEN-5474,train
GEN-5475,train
GEN-5476,train
GEN-5477,train
GEN-5478,train
GEN-5479,train
GEN-5480,train
GEN-5481,dev
GEN-5482,train
GEN-5483,train
GEN-5484,train
GEN-5485,train
GEN-5486,dev
GEN-5487,test
GEN-5488,test
GEN-5489,train
GEN-5490,train
GEN-5491,train
GEN-5492,train
GEN-5493,test
GEN-5494,test
GEN-5495,train
GEN-5496,dev
GEN-5497,train
GEN-5498,test
GEN-5499,train
GEN-5500,train
GEN-5501,dev
GEN-5502,train
GEN-5503,train
GEN-5504,train
GEN-5505,train
GEN-5506,train
GEN-5507,dev
GEN-5508,dev
GEN-5509,train
GEN-5510,dev
GEN-5511,dev
GEN-5512,train
GEN-5513,dev
GEN-5514,train
GEN-5515,train
GEN-5516,train
GEN-5517,train
GEN-5518,train
GEN-5519,train
GEN-5520,train
GEN-5521,train
GEN-5522,train
GEN-5523,train
GEN-5524,train
GEN-5525,train
GEN-5526,train
GEN-5527,train
GEN-5528,train
GEN-5529,test
GEN-5530,train
GEN-5531,train
GEN-5532,train
GEN-5533,train
GEN-5534,train
GEN-5535,dev
GEN-5536,train
GEN-5537,train
GEN-5538,test
GEN-5539,train
GEN-5540,train
GEN-5541,dev
GEN-5542,train
GEN-5543,train
GEN-5544,test
GEN-5545,test
GEN-5546,train
GEN-5547,dev
GEN-5548,train
GEN-5549,train
GEN-5550,train
GEN-5551,train
GEN-5552,test
GEN-5553,train
GEN-5554,train
GEN-5555,train
GEN-5556,train
GEN-5557,test
GEN-5558,train
GEN-5559,train
GEN-5560,train
GEN-5561,train
GEN-5562,dev
GEN-5563,dev
GEN-5564,train
GEN-5565,test
GEN-5566,train
GEN-5567,train
GEN-5568,test
GEN-5569,train
GEN-5570,train
GEN-5571,train
GEN-5572,test
GEN-5573,dev
GEN-5574,train
GEN-5575,train
GEN-5576,train
GEN-5577,train
GEN-5578,test
GEN-5579,train
GEN-5580,dev
GEN-5581,train
GEN-5582,train
GEN-5583,train
GEN-5584,train
GEN-5585,train
GEN-5586,test
GEN-5587,train
GEN-5588,train
GEN-5589,train
GEN-5590,train
GEN-5591,dev
GEN-5592,dev
GEN-5593,train
GEN-5594,test
GEN-5595,train
GEN-5596,train
GEN-5597,test
GEN-5598,train
GEN-5599,train
GEN-5600,dev
GEN-5601,train
GEN-5602,train
GEN-5603,train
GEN-5604,train
GEN-5605,train
GEN-5606,train
GEN-5607,train
GEN-5608,train
GEN-5609,train
GEN-5610,dev
GEN-5611,dev
GEN-5612,test
GEN-5613,train
GEN-5614,train
GEN-5615,train
GEN-5616,train
GEN-5617,train
GEN-5618,train
GEN-5619,test
GEN-5620,train
GEN-5621,train
GEN-5622,train
GEN-5623,test
GEN-5624,train
GEN-5625,train
GEN-5626,train
GEN-5627,train
GEN-5628,train
GEN-5629,train
GEN-5630,train
GEN-5631,train
GEN-5632,train
GEN-5633,train
GEN-5634,train
GEN-5635,train
GEN-5636,dev
GEN-5637,train
GEN-5638,train
GEN-5639,test
GEN-5640,train
GEN-5641,train
GEN-5642,train
GEN-5643,train
GEN-5644,train
GEN-5645,train
GEN-5646,train
GEN-5647,train
GEN-5648,train
GEN-5649,train
GEN-5650,train
GEN-5651,train
GEN-5652,train
GEN-5653,test
GEN-5654,train
GEN-5655,train
GEN-5656,train
GEN-5657,train
GEN-5658,train
GEN-5659,train
GEN-5660,test
GEN-5661,train
GEN-5662,train
GEN-5663,train
GEN-5664,train
GEN-5665,train
GEN-5666,dev
GEN-5667,train
GEN-5668,train
GEN-5669,test
GEN-5670,train
GEN-5671,test
GEN-5672,train
GEN-5673,train
GEN-5674,train
GEN-5675,test
GEN-5676,test
GEN-5677,train
GEN-5678,train
GEN-5679,train
GEN-5680,train
GEN-5681,train
GEN-5682,train
GEN-5683,train
GEN-5684,dev
GEN-5685,train
GEN-5686,dev
GEN-5687,train
GEN-5688,train
GEN-5689,train
GEN-5690,train
GEN-5691,train
GEN-5692,train
GEN-5693,train
GEN-5694,train
GEN-5695,test
GEN-5696,dev
GEN-5697,train
GEN-5698,dev
GEN-5699,train
GEN-5700,train
GEN-5701,dev
GEN-5702,train
GEN-5703,train
GEN-5704,dev
GEN-5705,train
GEN-5706,train
GEN-5707,train
GEN-5708,train
GEN-5709,train
GEN-5710,train
GEN-5711,train
GEN-5712,train
GEN-5713,test
GEN-5714,train
GEN-5715,train
GEN-5716,train
GEN-5717,train
GEN-5718,train
GEN-5719,train
GEN-5720,train
GEN-5721,train
GEN-5722,train
GEN-5723,dev
GEN-5724,train
GEN-5725,train
GEN-5726,train
GEN-5727,train
GEN-5728,test
GEN-5729,train
GEN-5730,dev
GEN-5731,test
GEN-5732,train
GEN-5733,train
GEN-5734,train
GEN-5735,train
GEN-5736,train
GEN-5737,train
GEN-5738,dev
GEN-5739,train
GEN-5740,train
GEN-5741,train
GEN-5742,train
GEN-5743,test
GEN-5744,test
GEN-5745,train
GEN-5746,train
GEN-5747,train
GEN-5748,train
GEN-5749,test
GEN-5750,dev
GEN-5751,train
GEN-5752,train
GEN-5753,train
GEN-5754,train
GEN-5755,train
GEN-5756,test
GEN-5757,train
GEN-5758,test
GEN-5759,train
GEN-5760,test
GEN-5761,train
GEN-5762,dev
GEN-5763,train
GEN-5764,train
GEN-5765,test
GEN-5766,train
GEN-5767,train
GEN-5768,dev
GEN-5769,train
GEN-5770,train
GEN-5771,train
GEN-5772,test
GEN-5773,train
GEN-5774,train
GEN-5775,train
GEN-5776,train
GEN-5777,train
GEN-5778,dev
GEN-5779,test
GEN-5780,train
GEN-5781,dev
GEN-5782,train
GEN-5783,train
GEN-5784,train
GEN-5785,test
GEN-5786,train
GEN-5787,train
GEN-5788,train
GEN-5789,train
GEN-5790,train
GEN-5791,train
GEN-5792,dev
GEN-5793,train
GEN-5794,train
GEN-5795,test
GEN-5796,train
GEN-5797,dev
GEN-5798,train
GEN-5799,dev
GEN-5800,train
GEN-5801,dev
GEN-5802,train
GEN-5803,train
GEN-5804,train
GEN-5805,train
GEN-5806,train
GEN-5807,train
GEN-5808,train
GEN-5809,train
GEN-5810,train
GEN-5811,train
GEN-5812,train
GEN-5813,train
GEN-5814,train
GEN-5815,test
GEN-5816,dev
GEN-5817,train
GEN-5818,train
GEN-5819,train
GEN-5820,train
GEN-5821,train
GEN-5822,train
GEN-5823,dev
GEN-5824,train
GEN-5825,train
GEN-5826,train
GEN-5827,train
GEN-5828,train
GEN-5829,train
GEN-5830,train
GEN-5831,train
GEN-5832,train
GEN-5833,train
GEN-5834,train
GEN-5835,train
GEN-5836,train
GEN-5837,train
GEN-5838,train
GEN-5839,train
GEN-5840,train
GEN-5841,test
GEN-5842,train
GEN-5843,train
GEN-5844,train
GEN-5845,train
GEN-5846,train
GEN-5847,train
GEN-5848,train
GEN-5849,train
GEN-5850,dev
GEN-5851,train
GEN-5852,train
GEN-5853,test
GEN-5854,train
GEN-5855,train
GEN-5856,train
GEN-5857,train
GEN-5858,train
GEN-5859,train
GEN-5860,train
GEN-5861,train
GEN-5862,train
GEN-5863,train
GEN-5864,train
GEN-5865,train
GEN-5866,train
GEN-5867,train
GEN-5868,test
GEN-5869,train
GEN-5870,train
GEN-5871,train
GEN-5872,test
GEN-5873,train
GEN-5874,dev
GEN-5875,train
GEN-5876,train
GEN-5877,train
GEN-5878,train
GEN-5879,test
GEN-5880,test
GEN-5881,train
GEN-5882,train
GEN-5883,train
GEN-5884,dev
GEN-5885,dev
GEN-5886,train
GEN-5887,train
GEN-5888,train
GEN-5889,train
GEN-5890,test
GEN-5891,train
GEN-5892,train
GEN-5893,train
GEN-5894,train
GEN-5895,train
GEN-5896,train
GEN-5897,test
GEN-5898,train
GEN-5899,train
GEN-5900,train
GEN-5901,train
GEN-5902,dev
GEN-5903,train
GEN-5904,test
GEN-5905,train
GEN-5906,dev
GEN-5907,train
GEN-5908,train
GEN-5909,train
GEN-5910,train
GEN-5911,train
GEN-5912,train
GEN-5913,dev
GEN-5914,dev
GEN-5915,dev
GEN-5916,train
GEN-5917,dev
GEN-5918,dev
GEN-5919,test
GEN-5920,train
GEN-5921,train
GEN-5922,train
GEN-5923,test
GEN-5924,train
GEN-5925,dev
GEN-5926,train
GEN-5927,train
GEN-5928,test
GEN-5929,test
GEN-5930,train
GEN-5931,train
GEN-5932,test
GEN-5933,train
GEN-5934,train
GEN-5935,dev
GEN-5936,train
GEN-5937,train
GEN-5938,dev
GEN-5939,train
GEN-5940,dev
GEN-5941,train
GEN-5942,train
GEN-5943,train
GEN-5944,train
GEN-5945,test
GEN-5946,train
GEN-5947,train
GEN-5948,train
GEN-5949,train
GEN-5950,train
GEN-5951,train
GEN-5952,dev
GEN-5953,test
GEN-5954,dev
GEN-5955,train
GEN-5956,train
GEN-5957,train
GEN-5958,train
GEN-5959,train
GEN-5960,train
GEN-5961,train
GEN-5962,test
GEN-5963,train
GEN-5964,test
GEN-5965,train
GEN-5966,train
GEN-5967,train
GEN-5968,dev
GEN-5969,train
GEN-5970,train
GEN-5971,train
GEN-5972,train
GEN-5973,train
GEN-5974,dev
GEN-5975,train
GEN-5976,train
GEN-5977,train
GEN-5978,dev
GEN-5979,train
GEN-5980,dev
GEN-5981,train
GEN-5982,test
GEN-5983,train
GEN-5984,train
GEN-5985,train
GEN-5986,test
GEN-5987,train
GEN-5988,train
GEN-5989,train
GEN-5990,dev
GEN-5991,train
GEN-5992,train
GEN-5993,train
GEN-5994,train
GEN-5995,train
GEN-5996,train
GEN-5997,train
GEN-5998,train
GEN-5999,train
GEN-6000,train
GEN-6001,dev
GEN-6002,dev
GEN-6003,test
GEN-6004,train
GEN-6005,train
GEN-6006,train
GEN-6007,dev
GEN-6008,train
GEN-6009,train
GEN-6010,train
GEN-6011,train
GEN-6012,train
GEN-6013,train
GEN-6014,train
GEN-6015,train
GEN-6016,dev
GEN-6017,test
GEN-6018,train
GEN-6019,train
GEN-6020,train
GEN-6021,test
GEN-6022,dev
GEN-6023,test
GEN-6024,train
GEN-6025,test
GEN-6026,dev
GEN-6027,train
GEN-6028,train
GEN-6029,test
GEN-6030,train
GEN-6031,train
GEN-6032,dev
GEN-6033,train
GEN-6034,train
GEN-6035,dev
GEN-6036,train
GEN-6037,train
GEN-6038,dev
GEN-6039,train
GEN-6040,train
GEN-6041,train
GEN-6042,test
GEN-6043,train
GEN-6044,test
GEN-6045,test
GEN-6046,dev
GEN-6047,test
GEN-6048,train
GEN-6049,train
GEN-6050,test
GEN-6051,train
GEN-6052,train
GEN-6053,train
GEN-6054,train
GEN-6055,train
GEN-6056,train
GEN-6057,dev
GEN-6058,dev
GEN-6059,train
GEN-6060,train
GEN-6061,train
GEN-6062,dev
GEN-6063,train
GEN-6064,train
GEN-6065,train
GEN-6066,train
GEN-6067,train
GEN-6068,test
GEN-6069,train
GEN-6070,train
GEN-6071,dev
GEN-6072,train
GEN-6073,train
GEN-6074,test
GEN-6075,train
GEN-6076,dev
GEN-6077,test
GEN-6078,train
GEN-6079,dev
GEN-6080,train
GEN-6081,train
GEN-6082,train
GEN-6083,train
GEN-6084,train
GEN-6085,test
GEN-6086,train
GEN-6087,test
GEN-6088,train
GEN-6089,train
GEN-6090,test
GEN-6091,train
GEN-6092,train
GEN-6093,train
GEN-6094,test
GEN-6095,train
GEN-6096,dev
GEN-6097,train
GEN-6098,train
GEN-6099,dev
GEN-6100,train
GEN-6101,train
GEN-6102,test
GEN-6103,test
GEN-6104,train
GEN-6105,train
GEN-6106,train
GEN-6107,train
GEN-6108,train
GEN-6109,dev
GEN-6110,train
GEN-6111,train
GEN-6112,train
GEN-6113,train
GEN-6114,train
GEN-6115,train
GEN-6116,test
GEN-6117,train
GEN-6118,train
GEN-6119,dev
GEN-6120,train
GEN-6121,train
GEN-6122,train
GEN-6123,test
GEN-6124,test
GEN-6125,test
GEN-6126,train
GEN-6127,train
GEN-6128,dev
GEN-6129,test
GEN-6130,train
GEN-6131,train
GEN-6132,train
GEN-6133,train
GEN-6134,test
GEN-6135,train
GEN-6136,train
GEN-6137,train
GEN-6138,train
GEN-6139,train
GEN-6140,train
GEN-6141,train
GEN-6142,train
GEN-6143,train
GEN-6144,train
GEN-6145,train
GEN-6146,dev
GEN-6147,train
GEN-6148,train
GEN-6149,train
GEN-6150,train
GEN-6151,test
GEN-6152,train
GEN-6153,test
GEN-6154,dev
GEN-6155,train
GEN-6156,train
GEN-6157,train
GEN-6158,dev
GEN-6159,train
GEN-6160,train
GEN-6161,train
GEN-6162,train
GEN-6163,train
GEN-6164,train
GEN-6165,train
GEN-6166,test
GEN-6167,dev
GEN-6168,train
GEN-6169,train
GEN-6170,train
GEN-6171,train
GEN-6172,train
GEN-6173,dev
GEN-6174,train
GEN-6175,train
GEN-6176,dev
GEN-6177,train
GEN-6178,dev
GEN-6179,train
GEN-6180,train
GEN-6181,train
GEN-6182,train
GEN-6183,train
GEN-6184,test
GEN-6185,dev
GEN-6186,train
GEN-6187,test
GEN-6188,train
GEN-6189,test
GEN-6190,train
GEN-6191,train
GEN-6192,train
GEN-6193,train
GEN-6194,test
GEN-6195,dev
GEN-6196,dev
GEN-6197,train
GEN-6198,train
GEN-6199,dev
GEN-6200,train
GEN-6201,train
GEN-6202,train
GEN-6203,train
GEN-6204,train
GEN-6205,test
GEN-6206,train
GEN-6207,test
GEN-6208,train
GEN-6209,train
GEN-6210,train
GEN-6211,dev
GEN-6212,train
GEN-6213,train
GEN-6214,train
GEN-6215,train
GEN-6216,train
GEN-6217,train
GEN-6218,train
GEN-6219,train
GEN-6220,train
GEN-6221,dev
GEN-6222,train
GEN-6223,test
GEN-6224,dev
GEN-6225,dev
GEN-6226,train
GEN-6227,train
GEN-6228,train
GEN-6229,dev
GEN-6230,test
GEN-6231,test
GEN-6232,train
GEN-6233,train
GEN-6234,train
GEN-6235,train
GEN-6236,dev
GEN-6237,train
GEN-6238,train
GEN-6239,train
GEN-6240,train
GEN-6241,test
GEN-6242,train
GEN-6243,train
GEN-6244,train
GEN-6245,train
GEN-6246,dev
GEN-6247,test
GEN-6248,train
GEN-6249,dev
GEN-6250,train
GEN-6251,train
GEN-6252,train
GEN-6253,dev
GEN-6254,test
GEN-6255,train
GEN-6256,train
GEN-6257,dev
GEN-6258,train
GEN-6259,train
GEN-6260,test
GEN-6261,train
GEN-6262,train
GEN-6263,train
GEN-6264,train
GEN-6265,train
GEN-6266,train
GEN-6267,train
GEN-6268,dev
GEN-6269,train
GEN-6270,train
GEN-6271,dev
GEN-6272,train
GEN-6273,train
GEN-6274,train
GEN-6275,train
GEN-6276,train
GEN-6277,test
GEN-6278,dev
GEN-6279,test
GEN-6280,dev
GEN-6281,train
GEN-6282,train
GEN-6283,train
GEN-6284,test
GEN-6285,train
GEN-6286,train
GEN-6287,train
GEN-6288,train
GEN-6289,train
GEN-6290,train
GEN-6291,train
GEN-6292,train
GEN-6293,train
GEN-6294,train
GEN-6295,dev
GEN-6296,train
GEN-6297,train
GEN-6298,train
GEN-6299,train
GEN-6300,dev
GEN-6301,test
GEN-6302,train
GEN-6303,dev
GEN-6304,train
GEN-6305,train
GEN-6306,test
GEN-6307,train
GEN-6308,train
GEN-6309,dev
GEN-6310,train
GEN-6311,train
GEN-6312,test
GEN-6313,train
GEN-6314,train
GEN-6315,dev
GEN-6316,test
GEN-6317,train
GEN-6318,train
GEN-6319,train
GEN-6320,train
GEN-6321,train
GEN-6322,train
GEN-6323,train
GEN-6324,test
GEN-6325,train
GEN-6326,train
GEN-6327,train
GEN-6328,train
GEN-6329,test
GEN-6330,train
GEN-6331,train
GEN-6332,train
GEN-6333,train
GEN-6334,train
GEN-6335,train
GEN-6336,test
GEN-6337,train
GEN-6338,test
GEN-6339,train
GEN-6340,train
GEN-6341,train
GEN-6342,train
GEN-6343,train
GEN-6344,test
GEN-6345,train
GEN-6346,train
GEN-6347,test
GEN-6348,train
GEN-6349,train
GEN-6350,train
GEN-6351,test
GEN-6352,test
GEN-6353,test
GEN-6354,train
GEN-6355,dev
GEN-6356,test
GEN-6357,train
GEN-6358,train
GEN-6359,test
GEN-6360,train
GEN-6361,train
GEN-6362,train
GEN-6363,train
GEN-6364,train
GEN-6365,train
GEN-6366,train
GEN-6367,train
GEN-6368,train
GEN-6369,train
GEN-6370,train
GEN-6371,dev
GEN-6372,train
GEN-6373,dev
GEN-6374,dev
GEN-6375,test
GEN-6376,train
GEN-6377,train
GEN-6378,test
GEN-6379,train
GEN-6380,test
GEN-6381,test
GEN-6382,train
GEN-6383,dev
GEN-6384,train
GEN-6385,test
GEN-6386,dev
GEN-6387,test
GEN-6388,test
GEN-6389,train
GEN-6390,test
GEN-6391,train
GEN-6392,train
GEN-6393,test
GEN-6394,train
GEN-6395,train
GEN-6396,train
GEN-6397,train
GEN-6398,train
GEN-6399,train
GEN-6400,train
GEN-6401,train
GEN-6402,dev
GEN-6403,train
GEN-6404,train
GEN-6405,train
GEN-6406,train
GEN-6407,train
GEN-6408,dev
GEN-6409,train
GEN-6410,train
GEN-6411,train
GEN-6412,test
GEN-6413,train
GEN-6414,train
GEN-6415,train
GEN-6416,train
GEN-6417,train
GEN-6418,test
GEN-6419,train
GEN-6420,dev
GEN-6421,train
GEN-6422,dev
GEN-6423,train
GEN-6424,train
GEN-6425,dev
GEN-6426,train
GEN-6427,train
GEN-6428,train
GEN-6429,train
GEN-6430,train
GEN-6431,train
GEN-6432,train
GEN-6433,train
GEN-6434,train
GEN-6435,train
GEN-6436,train
GEN-6437,train
GEN-6438,train
GEN-6439,test
GEN-6440,train
GEN-6441,train
GEN-6442,test
GEN-6443,train
GEN-6444,train
GEN-6445,train
GEN-6446,dev
GEN-6447,train
GEN-6448,train
GEN-6449,train
GEN-6450,train
GEN-6451,train
GEN-6452,test
GEN-6453,train
GEN-6454,train
GEN-6455,train
GEN-6456,train
GEN-6457,train
GEN-6458,train
GEN-6459,train
GEN-6460,train
GEN-6461,train
GEN-6462,train
GEN-6463,train
GEN-6464,train
GEN-6465,train
GEN-6466,train
GEN-6467,train
GEN-6468,train
GEN-6469,train
GEN-6470,train
GEN-6471,train
GEN-6472,train
GEN-6473,train
GEN-6474,train
GEN-6475,train
GEN-6476,train
GEN-6477,train
GEN-6478,train
GEN-6479,test
GEN-6480,train
GEN-6481,train
GEN-6482,train
GEN-6483,train
GEN-6484,dev
GEN-6485,train
GEN-6486,train
GEN-6487,train
GEN-6488,train
GEN-6489,train
GEN-6490,test
GEN-6491,train
GEN-6492,train
GEN-6493,train
GEN-6494,train
GEN-6495,train
GEN-6496,train
GEN-6497,train
GEN-6498,train
GEN-6499,train
GEN-6500,train
GEN-6501,test
GEN-6502,test
GEN-6503,train
GEN-6504,train
GEN-6505,train
GEN-6506,dev
GEN-6507,train
GEN-6508,dev
GEN-6509,train
GEN-6510,train
GEN-6511,train
GEN-6512,train
GEN-6513,dev
GEN-6514,train
GEN-6515,train
GEN-6516,train
GEN-6517,train
GEN-6518,train
GEN-6519,train
GEN-6520,dev
HYP-1,train
HYP-2,train
HYP-3,train
HYP-4,train
HYP-5,train
HYP-6,test
HYP-7,train
HYP-8,train
HYP-9,test
HYP-10,test
HYP-11,train
HYP-12,train
HYP-13,train
HYP-14,train
HYP-15,train
HYP-16,train
HYP-17,dev
HYP-18,train
HYP-19,train
HYP-20,train
HYP-21,dev
HYP-22,train
HYP-23,train
HYP-24,train
HYP-25,test
HYP-26,test
HYP-27,test
HYP-28,train
HYP-29,test
HYP-30,train
HYP-31,train
HYP-32,train
HYP-33,test
HYP-34,train
HYP-35,train
HYP-36,dev
HYP-37,train
HYP-38,train
HYP-39,train
HYP-40,train
HYP-41,train
HYP-42,train
HYP-43,train
HYP-44,train
HYP-45,dev
HYP-46,train
HYP-47,test
HYP-48,train
HYP-49,train
HYP-50,test
HYP-51,train
HYP-52,dev
HYP-53,train
HYP-54,train
HYP-55,train
HYP-56,test
HYP-57,train
HYP-58,train
HYP-59,train
HYP-60,dev
HYP-61,train
HYP-62,train
HYP-63,train
HYP-64,train
HYP-65,train
HYP-66,train
HYP-67,dev
HYP-68,train
HYP-69,train
HYP-70,train
HYP-71,train
HYP-72,dev
HYP-73,train
HYP-74,train
HYP-75,train
HYP-76,test
HYP-77,train
HYP-78,train
HYP-79,train
HYP-80,dev
HYP-81,train
HYP-82,train
HYP-83,test
HYP-84,train
HYP-85,train
HYP-86,train
HYP-87,train
HYP-88,test
HYP-89,train
HYP-90,train
HYP-91,test
HYP-92,train
HYP-93,test
HYP-94,train
HYP-95,train
HYP-96,train
HYP-97,train
HYP-98,train
HYP-99,test
HYP-100,train
HYP-101,train
HYP-102,dev
HYP-103,train
HYP-104,dev
HYP-105,train
HYP-106,train
HYP-107,train
HYP-108,test
HYP-109,dev
HYP-110,dev
HYP-111,dev
HYP-112,dev
HYP-113,test
HYP-114,train
HYP-115,train
HYP-116,train
HYP-117,dev
HYP-118,train
HYP-119,train
HYP-120,train
HYP-121,dev
HYP-122,train
HYP-123,train
HYP-124,dev
HYP-125,train
HYP-126,test
HYP-127,train
HYP-128,test
HYP-129,train
HYP-130,train
HYP-131,train
HYP-132,train
HYP-133,train
HYP-134,train
HYP-135,train
HYP-136,train
HYP-137,dev
HYP-138,test
HYP-139,test
HYP-140,train
HYP-141,train
HYP-142,dev
HYP-143,train
HYP-144,train
HYP-145,train
HYP-146,dev
HYP-147,train
HYP-148,test
HYP-149,train
HYP-150,train
HYP-151,train
HYP-152,dev
HYP-153,dev
HYP-154,train
HYP-155,train
HYP-156,train
HYP-157,train
HYP-158,dev
HYP-159,test
HYP-160,train
HYP-161,train
HYP-162,train
HYP-163,train
HYP-164,dev
HYP-165,train
HYP-166,train
HYP-167,train
HYP-168,train
HYP-169,train
HYP-170,dev
HYP-171,test
HYP-172,dev
HYP-173,dev
HYP-174,dev
HYP-175,train
HYP-176,train
HYP-177,dev
HYP-178,train
HYP-179,train
HYP-180,train
HYP-181,test
HYP-182,train
HYP-183,train
HYP-184,train
HYP-185,test
HYP-186,train
HYP-187,train
HYP-188,test
HYP-189,train
HYP-190,train
HYP-191,train
HYP-192,train
HYP-193,test
HYP-194,train
HYP-195,train
HYP-196,dev
HYP-197,dev
HYP-198,test
HYP-199,test
HYP-200,train
HYP-201,train
HYP-202,train
HYP-203,train
HYP-204,train
HYP-205,dev
HYP-206,train
HYP-207,train
HYP-208,dev
HYP-209,dev
HYP-210,train
HYP-211,train
HYP-212,train
HYP-213,dev
HYP-214,train
HYP-215,train
HYP-216,dev
HYP-217,train
HYP-218,train
HYP-219,train
HYP-220,train
HYP-221,test
HYP-222,dev
HYP-223,train
HYP-224,dev
HYP-225,train
HYP-226,train
HYP-227,train
HYP-228,test
HYP-229,train
HYP-230,train
HYP-231,test
HYP-232,train
HYP-233,train
HYP-234,train
HYP-235,train
HYP-236,train
HYP-237,train
HYP-238,test
HYP-239,train
HYP-240,train
HYP-241,train
HYP-242,train
HYP-243,train
HYP-244,train
HYP-245,train
HYP-246,train
HYP-247,train
HYP-248,train
HYP-249,train
HYP-250,train
HYP-251,train
HYP-252,train
HYP-253,train
HYP-254,train
HYP-255,train
HYP-256,train
HYP-257,dev
HYP-258,train
HYP-259,train
HYP-260,train
HYP-261,test
HYP-262,train
HYP-263,train
HYP-264,train
HYP-265,train
HYP-266,test
HYP-267,train
HYP-268,train
HYP-269,train
HYP-270,train
HYP-271,dev
HYP-272,dev
HYP-273,dev
HYP-274,train
HYP-275,train
HYP-276,train
HYP-277,train
HYP-278,dev
HYP-279,train
HYP-280,train
HYP-281,test
HYP-282,train
HYP-283,train
HYP-284,train
HYP-285,train
HYP-286,train
HYP-287,train
HYP-288,dev
HYP-289,train
HYP-290,dev
HYP-291,train
HYP-292,train
HYP-293,train
HYP-294,train
HYP-295,train
HYP-296,train
HYP-297,train
HYP-298,train
HYP-299,train
HYP-300,train
HYP-301,train
HYP-302,train
HYP-303,test
HYP-304,train
HYP-305,train
HYP-306,train
HYP-307,train
HYP-308,train
HYP-309,train
HYP-310,train
HYP-311,train
HYP-312,dev
HYP-313,train
HYP-314,train
HYP-315,train
HYP-316,train
HYP-317,train
HYP-318,train
HYP-319,train
HYP-320,dev
HYP-321,train
HYP-322,test
HYP-323,test
HYP-324,train
HYP-325,test
HYP-326,train
HYP-327,train
HYP-328,train
HYP-329,train
HYP-330,train
HYP-331,dev
HYP-332,test
HYP-333,train
HYP-334,train
HYP-335,train
HYP-336,train
HYP-337,train
HYP-338,dev
HYP-339,train
HYP-340,train
HYP-341,train
HYP-342,train
HYP-343,train
HYP-344,train
HYP-345,test
HYP-346,test
HYP-347,train
HYP-348,train
HYP-349,dev
HYP-350,dev
HYP-351,train
HYP-352,train
HYP-353,train
HYP-354,test
HYP-355,dev
HYP-356,train
HYP-357,train
HYP-358,train
HYP-359,test
HYP-360,train
HYP-361,train
HYP-362,test
HYP-363,train
HYP-364,train
HYP-365,train
HYP-366,train
HYP-367,train
HYP-368,train
HYP-369,train
HYP-370,train
HYP-371,train
HYP-372,train
HYP-373,test
HYP-374,train
HYP-375,train
HYP-376,test
HYP-377,train
HYP-378,train
HYP-379,train
HYP-380,test
HYP-381,train
HYP-382,train
HYP-383,dev
HYP-384,dev
HYP-385,train
HYP-386,dev
HYP-387,dev
HYP-388,train
HYP-389,train
HYP-390,train
HYP-391,train
HYP-392,train
HYP-393,train
HYP-394,train
HYP-395,test
HYP-396,dev
HYP-397,test
HYP-398,train
HYP-399,train
HYP-400,train
HYP-401,train
HYP-402,test
HYP-403,dev
HYP-404,test
HYP-405,train
HYP-406,test
HYP-407,train
HYP-408,train
HYP-409,test
HYP-410,train
HYP-411,train
HYP-412,test
HYP-413,dev
HYP-414,dev
HYP-415,train
HYP-416,train
HYP-417,test
HYP-418,train
HYP-419,train
HYP-420,dev
HYP-421,dev
HYP-422,train
HYP-423,test
HYP-424,train
HYP-425,train
HYP-426,train
HYP-427,train
HYP-428,test
HYP-429,train
HYP-430,train
HYP-431,train
HYP-432,dev
HYP-433,train
HYP-434,dev
HYP-435,test
HYP-436,dev
HYP-437,train
HYP-438,train
HYP-439,train
HYP-440,train
HYP-441,train
HYP-442,train
HYP-443,test
HYP-444,train
HYP-445,train
HYP-446,train
HYP-447,train
HYP-448,train
HYP-449,train
HYP-450,dev
HYP-451,train
HYP-452,train
HYP-453,dev
HYP-454,test
HYP-455,train
HYP-456,train
HYP-457,train
HYP-458,train
HYP-459,train
HYP-460,train
HYP-461,train
HYP-462,train
HYP-463,dev
HYP-464,train
HYP-465,train
HYP-466,train
HYP-467,train
HYP-468,train
HYP-469,train
HYP-470,train
HYP-471,train
HYP-472,train
HYP-473,test
HYP-474,train
HYP-475,train
HYP-476,dev
HYP-477,train
HYP-478,train
HYP-479,train
HYP-480,train
HYP-481,train
HYP-482,train
HYP-483,train
HYP-484,train
HYP-485,train
HYP-486,train
HYP-487,train
HYP-488,train
HYP-489,train
HYP-490,train
HYP-491,test
HYP-492,train
HYP-493,test
HYP-494,train
HYP-495,train
HYP-496,train
HYP-497,train
HYP-498,train
HYP-499,train
HYP-500,train
HYP-501,train
HYP-502,train
HYP-503,train
HYP-504,train
HYP-505,train
HYP-506,train
HYP-507,train
HYP-508,train
HYP-509,train
HYP-510,train
HYP-511,train
HYP-512,dev
HYP-513,dev
HYP-514,train
HYP-515,train
HYP-516,train
HYP-517,dev
HYP-518,train
HYP-519,test
HYP-520,train
HYP-521,train
HYP-522,train
HYP-523,train
HYP-524,train
HYP-525,train
HYP-526,dev
HYP-527,train
HYP-528,train
HYP-529,dev
HYP-530,train
HYP-531,train
HYP-532,test
HYP-533,train
HYP-534,train
HYP-535,test
HYP-536,train
HYP-537,train
HYP-538,train
HYP-539,dev
HYP-540,test
HYP-541,train
HYP-542,train
HYP-543,train
HYP-544,train
HYP-545,train
HYP-546,test
HYP-547,train
HYP-548,train
HYP-549,dev
HYP-550,train
HYP-551,train
HYP-552,train
HYP-553,test
HYP-554,train
HYP-555,dev
HYP-556,train
HYP-557,train
HYP-558,train
HYP-559,train
HYP-560,train
HYP-561,test
HYP-562,train
HYP-563,train
HYP-564,train
HYP-565,train
HYP-566,train
HYP-567,dev
HYP-568,dev
HYP-569,dev
HYP-570,train
HYP-571,train
HYP-572,train
HYP-573,test
HYP-574,train
HYP-575,train
HYP-576,train
HYP-577,train
HYP-578,dev
HYP-579,train
HYP-580,train
HYP-581,train
HYP-582,train
HYP-583,train
HYP-584,test
HYP-585,train
HYP-586,train
HYP-587,train
HYP-588,train
HYP-589,train
HYP-590,dev
HYP-591,train
HYP-592,train
HYP-593,train
HYP-594,dev
HYP-595,train
HYP-596,train
HYP-597,dev
HYP-598,test
HYP-599,train
HYP-600,train
HYP-601,train
HYP-602,train
HYP-603,train
HYP-604,train
HYP-605,train
HYP-606,train
HYP-607,dev
HYP-608,train
HYP-609,train
HYP-610,dev
HYP-611,test
HYP-612,train
HYP-613,train
HYP-614,train
HYP-615,test
HYP-616,train
HYP-617,train
HYP-618,train
HYP-619,dev
HYP-620,train
HYP-621,train
HYP-622,train
HYP-623,train
HYP-624,train
HYP-625,train
HYP-626,train
HYP-627,train
HYP-628,train
HYP-629,test
HYP-630,train
HYP-631,train
HYP-632,train
HYP-633,test
HYP-634,train
HYP-635,train
HYP-636,test
HYP-637,train
HYP-638,train
HYP-639,test
HYP-640,train
HYP-641,train
HYP-642,train
HYP-643,train
HYP-644,train
HYP-645,train
HYP-646,train
HYP-647,test
HYP-648,train
HYP-649,train
HYP-650,train
HYP-651,train
HYP-652,train
HYP-653,train
HYP-654,train
HYP-655,train
HYP-656,train
HYP-657,test
HYP-658,train
HYP-659,train
HYP-660,train
HYP-661,train
HYP-662,train
HYP-663,train
HYP-664,test
HYP-665,train
HYP-666,train
HYP-667,train
HYP-668,train
HYP-669,train
HYP-670,train
HYP-671,train
HYP-672,train
HYP-673,train
HYP-674,train
HYP-675,train
HYP-676,test
HYP-677,train
HYP-678,dev
HYP-679,train
HYP-680,test
HYP-681,train
HYP-682,train
HYP-683,train
HYP-684,train
HYP-685,train
HYP-686,train
HYP-687,dev
HYP-688,train
HYP-689,test
HYP-690,train
HYP-691,dev
HYP-692,dev
HYP-693,dev
HYP-694,train
HYP-695,train
HYP-696,test
HYP-697,train
HYP-698,train
HYP-699,train
HYP-700,train
HYP-701,dev
HYP-702,test
HYP-703,train
HYP-704,train
HYP-705,test
HYP-706,dev
HYP-707,train
HYP-708,train
HYP-709,train
HYP-710,train
HYP-711,train
HYP-712,train
HYP-713,train
HYP-714,test
HYP-715,train
HYP-716,train
HYP-717,train
HYP-718,train
HYP-719,train
HYP-720,test
HYP-721,train
HYP-722,train
HYP-723,dev
HYP-724,train
HYP-725,dev
HYP-726,test
HYP-727,train
HYP-728,train
HYP-729,train
HYP-730,train
HYP-731,train
HYP-732,test
HYP-733,dev
HYP-734,train
HYP-735,train
HYP-736,train
HYP-737,train
HYP-738,train
HYP-739,train
HYP-740,train
HYP-741,train
HYP-742,train
HYP-743,train
HYP-744,train
HYP-745,test
HYP-746,train
HYP-747,train
HYP-748,dev
HYP-749,dev
HYP-750,train
HYP-751,dev
HYP-752,train
HYP-753,train
HYP-754,train
HYP-755,train
HYP-756,train
HYP-757,train
HYP-758,train
HYP-759,test
HYP-760,train
HYP-761,dev
HYP-762,dev
HYP-763,train
HYP-764,train
HYP-765,train
HYP-766,dev
HYP-767,train
HYP-768,test
HYP-769,dev
HYP-770,train
HYP-771,train
HYP-772,test
HYP-773,train
HYP-774,train
HYP-775,dev
HYP-776,train
HYP-777,train
HYP-778,test
HYP-779,test
HYP-780,train
HYP-781,dev
HYP-782,train
HYP-783,train
HYP-784,test
HYP-785,train
HYP-786,train
HYP-787,dev
HYP-788,test
HYP-789,train
HYP-790,train
HYP-791,train
HYP-792,train
HYP-793,train
HYP-794,train
HYP-795,train
HYP-796,train
HYP-797,test
HYP-798,train
HYP-799,train
HYP-800,train
HYP-801,train
HYP-802,test
HYP-803,train
HYP-804,train
HYP-805,test
HYP-806,dev
HYP-807,train
HYP-808,train
HYP-809,train
HYP-810,train
HYP-811,train
HYP-812,test
HYP-813,train
HYP-814,train
HYP-815,train
HYP-816,train
HYP-817,train
HYP-818,dev
HYP-819,train
HYP-820,dev
HYP-821,dev
HYP-822,test
HYP-823,dev
HYP-824,train
HYP-825,train
HYP-826,dev
HYP-827,train
HYP-828,train
HYP-829,train
HYP-830,train
HYP-831,train
HYP-832,dev
HYP-833,train
HYP-834,train
HYP-835,train
HYP-836,train
HYP-837,dev
HYP-838,train
HYP-839,test
HYP-840,train
HYP-841,train
HYP-842,train
HYP-843,train
HYP-844,train
HYP-845,train
HYP-846,train
HYP-847,train
HYP-848,train
HYP-849,train
HYP-850,train
HYP-851,train
HYP-852,train
HYP-853,dev
HYP-854,test
HYP-855,train
HYP-856,dev
HYP-857,train
HYP-858,train
HYP-859,train
HYP-860,train
HYP-861,train
HYP-862,test
HYP-863,dev
HYP-864,test
HYP-865,test
HYP-866,train
HYP-867,dev
HYP-868,dev
HYP-869,train
HYP-870,test
HYP-871,dev
HYP-872,train
HYP-873,train
HYP-874,train
HYP-875,dev
HYP-876,dev
HYP-877,test
HYP-878,train
HYP-879,train
HYP-880,test
HYP-881,train
HYP-882,train
HYP-883,train
HYP-884,train
HYP-885,train
HYP-886,train
HYP-887,train
HYP-888,train
HYP-889,test
HYP-890,train
HYP-891,train
HYP-892,train
HYP-893,train
HYP-894,train
HYP-895,test
HYP-896,train
HYP-897,train
HYP-898,train
HYP-899,test
HYP-900,train
HYP-901,dev
HYP-902,train
HYP-903,train
HYP-904,train
HYP-905,train
HYP-906,dev
HYP-907,train
HYP-908,train
HYP-909,train
HYP-910,test
HYP-911,train
HYP-912,train
HYP-913,train
HYP-914,test
HYP-915,train
HYP-916,train
HYP-917,train
HYP-918,train
HYP-919,train
HYP-920,train
HYP-921,train
HYP-922,test
HYP-923,train
HYP-924,train
HYP-925,test
HYP-926,train
HYP-927,train
HYP-928,train
HYP-929,train
HYP-930,train
HYP-931,train
HYP-932,train
HYP-933,train
HYP-934,train
HYP-935,train
HYP-936,train
HYP-937,train
HYP-938,train
HYP-939,train
HYP-940,dev
HYP-941,dev
HYP-942,test
HYP-943,train
HYP-944,train
HYP-945,train
HYP-946,test
HYP-947,train
HYP-948,train
HYP-949,test
HYP-950,test
HYP-951,train
HYP-952,train
HYP-953,train
HYP-954,train
HYP-955,test
HYP-956,train
HYP-957,train
HYP-958,train
HYP-959,train
HYP-960,test
HYP-961,dev
HYP-962,train
HYP-963,train
HYP-964,dev
HYP-965,train
HYP-966,train
HYP-967,train
HYP-968,train
HYP-969,dev
HYP-970,train
HYP-971,test
HYP-972,train
HYP-973,train
HYP-974,train
HYP-975,train
HYP-976,train
HYP-977,train
HYP-978,train
HYP-979,train
HYP-980,train
HYP-981,dev
HYP-982,train
HYP-983,test
HYP-984,dev
HYP-985,train
HYP-986,train
HYP-987,test
HYP-988,test
HYP-989,test
HYP-990,test
HYP-991,train
HYP-992,test
HYP-993,dev
HYP-994,train
HYP-995,train
HYP-996,train
HYP-997,dev
HYP-998,test
HYP-999,dev
HYP-1000,train
HYP-1001,train
HYP-1002,dev
HYP-1003,train
HYP-1004,test
HYP-1005,train
HYP-1006,dev
HYP-1007,train
HYP-1008,train
HYP-1009,train
HYP-1010,train
HYP-1011,train
HYP-1012,train
HYP-1013,test
HYP-1014,dev
HYP-1015,train
HYP-1016,train
HYP-1017,train
HYP-1018,dev
HYP-1019,train
HYP-1020,train
HYP-1021,train
HYP-1022,test
HYP-1023,train
HYP-1024,train
HYP-1025,train
HYP-1026,train
HYP-1027,dev
HYP-1028,train
HYP-1029,test
HYP-1030,test
HYP-1031,train
HYP-1032,test
HYP-1033,dev
HYP-1034,train
HYP-1035,test
HYP-1036,dev
HYP-1037,train
HYP-1038,dev
HYP-1039,train
HYP-1040,train
HYP-1041,dev
HYP-1042,train
HYP-1043,test
HYP-1044,train
HYP-1045,train
HYP-1046,test
HYP-1047,train
HYP-1048,train
HYP-1049,dev
HYP-1050,train
HYP-1051,dev
HYP-1052,train
HYP-1053,train
HYP-1054,train
HYP-1055,test
HYP-1056,dev
HYP-1057,test
HYP-1058,train
HYP-1059,dev
HYP-1060,train
HYP-1061,train
HYP-1062,test
HYP-1063,train
HYP-1064,dev
HYP-1065,test
HYP-1066,train
HYP-1067,test
HYP-1068,dev
HYP-1069,train
HYP-1070,train
HYP-1071,train
HYP-1072,train
HYP-1073,train
HYP-1074,train
HYP-1075,train
HYP-1076,dev
HYP-1077,dev
HYP-1078,train
HYP-1079,train
HYP-1080,train
HYP-1081,train
HYP-1082,test
HYP-1083,train
HYP-1084,train
HYP-1085,dev
HYP-1086,train
HYP-1087,dev
HYP-1088,test
HYP-1089,test
HYP-1090,train
HYP-1091,train
HYP-1092,train
HYP-1093,test
HYP-1094,train
HYP-1095,dev
HYP-1096,test
HYP-1097,train
HYP-1098,train
HYP-1099,test
HYP-1100,train
HYP-1101,train
HYP-1102,dev
HYP-1103,train
HYP-1104,dev
HYP-1105,train
HYP-1106,train
HYP-1107,train
HYP-1108,test
HYP-1109,train
HYP-1110,train
HYP-1111,dev
HYP-1112,dev
HYP-1113,train
HYP-1114,train
HYP-1115,dev
HYP-1116,test
HYP-1117,train
HYP-1118,dev
HYP-1119,train
HYP-1120,dev
HYP-1121,train
HYP-1122,train
HYP-1123,train
HYP-1124,test
HYP-1125,train
HYP-1126,train
HYP-1127,dev
HYP-1128,dev
HYP-1129,train
HYP-1130,train
HYP-1131,train
HYP-1132,train
HYP-1133,train
HYP-1134,train
HYP-1135,train
HYP-1136,dev
HYP-1137,train
HYP-1138,train
HYP-1139,train
HYP-1140,train
HYP-1141,train
HYP-1142,train
HYP-1143,train
HYP-1144,train
HYP-1145,train
HYP-1146,train
HYP-1147,test
HYP-1148,train
HYP-1149,train
HYP-1150,train
HYP-1151,test
HYP-1152,train
HYP-1153,train
HYP-1154,test
HYP-1155,test
HYP-1156,test
HYP-1157,test
HYP-1158,train
HYP-1159,train
HYP-1160,train
HYP-1161,train
HYP-1162,train
HYP-1163,test
HYP-1164,train
RQ-1,train
RQ-2,train
RQ-3,train
RQ-4,train
RQ-5,train
RQ-6,train
RQ-7,train
RQ-8,train
RQ-9,dev
RQ-10,test
RQ-11,train
RQ-12,train
RQ-13,train
RQ-14,train
RQ-15,dev
RQ-16,train
RQ-17,dev
RQ-18,train
RQ-19,train
RQ-20,train
RQ-21,test
RQ-22,train
RQ-23,train
RQ-24,train
RQ-25,train
RQ-26,test
RQ-27,test
RQ-28,dev
RQ-29,test
RQ-30,train
RQ-31,test
RQ-32,train
RQ-33,train
RQ-34,dev
RQ-35,train
RQ-36,test
RQ-37,dev
RQ-38,train
RQ-39,train
RQ-40,train
RQ-41,test
RQ-42,dev
RQ-43,test
RQ-44,train
RQ-45,dev
RQ-46,dev
RQ-47,train
RQ-48,train
RQ-49,train
RQ-50,train
RQ-51,train
RQ-52,train
RQ-53,dev
RQ-54,train
RQ-55,test
RQ-56,train
RQ-57,train
RQ-58,train
RQ-59,dev
RQ-60,train
RQ-61,train
RQ-62,train
RQ-63,train
RQ-64,train
RQ-65,dev
RQ-66,train
RQ-67,train
RQ-68,train
RQ-69,test
RQ-70,train
RQ-71,train
RQ-72,train
RQ-73,train
RQ-74,train
RQ-75,train
RQ-76,train
RQ-77,train
RQ-78,train
RQ-79,dev
RQ-80,train
RQ-81,train
RQ-82,train
RQ-83,train
RQ-84,dev
RQ-85,train
RQ-86,train
RQ-87,dev
RQ-88,dev
RQ-89,train
RQ-90,train
RQ-91,train
RQ-92,train
RQ-93,dev
RQ-94,train
RQ-95,train
RQ-96,test
RQ-97,train
RQ-98,train
RQ-99,test
RQ-100,test
RQ-101,train
RQ-102,train
RQ-103,train
RQ-104,test
RQ-105,train
RQ-106,test
RQ-107,dev
RQ-108,train
RQ-109,train
RQ-110,train
RQ-111,train
RQ-112,train
RQ-113,train
RQ-114,train
RQ-115,test
RQ-116,train
RQ-117,test
RQ-118,train
RQ-119,dev
RQ-120,test
RQ-121,test
RQ-122,train
RQ-123,train
RQ-124,train
RQ-125,train
RQ-126,train
RQ-127,dev
RQ-128,train
RQ-129,train
RQ-130,dev
RQ-131,train
RQ-132,train
RQ-133,train
RQ-134,train
RQ-135,train
RQ-136,train
RQ-137,train
RQ-138,train
RQ-139,test
RQ-140,train
RQ-141,test
RQ-142,train
RQ-143,train
RQ-144,test
RQ-145,dev
RQ-146,train
RQ-147,train
RQ-148,train
RQ-149,train
RQ-150,test
RQ-151,train
RQ-152,train
RQ-153,train
RQ-154,dev
RQ-155,train
RQ-156,train
RQ-157,train
RQ-158,test
RQ-159,train
RQ-160,train
RQ-161,train
RQ-162,train
RQ-163,train
RQ-164,train
RQ-165,train
RQ-166,dev
RQ-167,test
RQ-168,train
RQ-169,train
RQ-170,train
RQ-171,train
RQ-172,train
RQ-173,train
RQ-174,train
RQ-175,train
RQ-176,test
RQ-177,train
RQ-178,train
RQ-179,test
RQ-180,train
RQ-181,test
RQ-182,train
RQ-183,test
RQ-184,train
RQ-185,train
RQ-186,train
RQ-187,dev
RQ-188,train
RQ-189,dev
RQ-190,train
RQ-191,train
RQ-192,test
RQ-193,dev
RQ-194,dev
RQ-195,train
RQ-196,dev
RQ-197,test
RQ-198,train
RQ-199,test
RQ-200,train
RQ-201,train
RQ-202,train
RQ-203,train
RQ-204,test
RQ-205,train
RQ-206,train
RQ-207,test
RQ-208,dev
RQ-209,train
RQ-210,train
RQ-211,train
RQ-212,train
RQ-213,test
RQ-214,train
RQ-215,train
RQ-216,test
RQ-217,train
RQ-218,train
RQ-219,train
RQ-220,dev
RQ-221,train
RQ-222,dev
RQ-223,train
RQ-224,dev
RQ-225,dev
RQ-226,train
RQ-227,train
RQ-228,test
RQ-229,train
RQ-230,train
RQ-231,test
RQ-232,train
RQ-233,test
RQ-234,train
RQ-235,train
RQ-236,train
RQ-237,train
RQ-238,train
RQ-239,test
RQ-240,train
RQ-241,train
RQ-242,dev
RQ-243,train
RQ-244,test
RQ-245,test
RQ-246,train
RQ-247,train
RQ-248,train
RQ-249,dev
RQ-250,train
RQ-251,dev
RQ-252,train
RQ-253,train
RQ-254,train
RQ-255,train
RQ-256,train
RQ-257,test
RQ-258,dev
RQ-259,train
RQ-260,dev
RQ-261,train
RQ-262,dev
RQ-263,train
RQ-264,test
RQ-265,train
RQ-266,train
RQ-267,test
RQ-268,train
RQ-269,train
RQ-270,test
RQ-271,dev
RQ-272,train
RQ-273,train
RQ-274,train
RQ-275,train
RQ-276,train
RQ-277,train
RQ-278,train
RQ-279,train
RQ-280,train
RQ-281,train
RQ-282,test
RQ-283,train
RQ-284,train
RQ-285,test
RQ-286,train
RQ-287,dev
RQ-288,train
RQ-289,dev
RQ-290,train
RQ-291,train
RQ-292,test
RQ-293,dev
RQ-294,dev
RQ-295,train
RQ-296,train
RQ-297,train
RQ-298,train
RQ-299,train
RQ-300,dev
RQ-301,train
RQ-302,train
RQ-303,train
RQ-304,train
RQ-305,train
RQ-306,train
RQ-307,test
RQ-308,dev
RQ-309,train
RQ-310,train
RQ-311,dev
RQ-312,test
RQ-313,train
RQ-314,train
RQ-315,train
RQ-316,train
RQ-317,dev
RQ-318,train
RQ-319,train
RQ-320,train
RQ-321,train
RQ-322,train
RQ-323,dev
RQ-324,dev
RQ-325,train
RQ-326,train
RQ-327,train
RQ-328,dev
RQ-329,train
RQ-330,test
RQ-331,train
RQ-332,train
RQ-333,train
RQ-334,train
RQ-335,train
RQ-336,dev
RQ-337,train
RQ-338,train
RQ-339,train
RQ-340,train
RQ-341,test
RQ-342,train
RQ-343,dev
RQ-344,dev
RQ-345,train
RQ-346,test
RQ-347,train
RQ-348,train
RQ-349,train
RQ-350,train
RQ-351,train
RQ-352,train
RQ-353,train
RQ-354,dev
RQ-355,train
RQ-356,train
RQ-357,train
RQ-358,train
RQ-359,train
RQ-360,train
RQ-361,train
RQ-362,dev
RQ-363,train
RQ-364,train
RQ-365,train
RQ-366,dev
RQ-367,test
RQ-368,train
RQ-369,train
RQ-370,train
RQ-371,test
RQ-372,test
RQ-373,train
RQ-374,test
RQ-375,train
RQ-376,train
RQ-377,train
RQ-378,train
RQ-379,train
RQ-380,train
RQ-381,train
RQ-382,train
RQ-383,train
RQ-384,test
RQ-385,train
RQ-386,train
RQ-387,train
RQ-388,train
RQ-389,train
RQ-390,train
RQ-391,train
RQ-392,dev
RQ-393,test
RQ-394,train
RQ-395,train
RQ-396,train
RQ-397,dev
RQ-398,dev
RQ-399,train
RQ-400,train
RQ-401,train
RQ-402,train
RQ-403,train
RQ-404,train
RQ-405,dev
RQ-406,train
RQ-407,train
RQ-408,train
RQ-409,train
RQ-410,train
RQ-411,train
RQ-412,train
RQ-413,train
RQ-414,dev
RQ-415,train
RQ-416,train
RQ-417,train
RQ-418,train
RQ-419,train
RQ-420,test
RQ-421,train
RQ-422,train
RQ-423,train
RQ-424,train
RQ-425,test
RQ-426,train
RQ-427,dev
RQ-428,train
RQ-429,train
RQ-430,train
RQ-431,train
RQ-432,train
RQ-433,train
RQ-434,train
RQ-435,dev
RQ-436,dev
RQ-437,train
RQ-438,train
RQ-439,dev
RQ-440,train
RQ-441,train
RQ-442,dev
RQ-443,dev
RQ-444,dev
RQ-445,train
RQ-446,test
RQ-447,train
RQ-448,train
RQ-449,train
RQ-450,train
RQ-451,train
RQ-452,train
RQ-453,train
RQ-454,train
RQ-455,train
RQ-456,train
RQ-457,train
RQ-458,dev
RQ-459,train
RQ-460,train
RQ-461,train
RQ-462,train
RQ-463,train
RQ-464,train
RQ-465,train
RQ-466,test
RQ-467,train
RQ-468,train
RQ-469,train
RQ-470,test
RQ-471,train
RQ-472,dev
RQ-473,test
RQ-474,train
RQ-475,train
RQ-476,test
RQ-477,train
RQ-478,train
RQ-479,dev
RQ-480,train
RQ-481,train
RQ-482,train
RQ-483,train
RQ-484,train
RQ-485,dev
RQ-486,dev
RQ-487,train
RQ-488,train
RQ-489,train
RQ-490,train
RQ-491,train
RQ-492,train
RQ-493,train
RQ-494,train
RQ-495,train
RQ-496,test
RQ-497,train
RQ-498,train
RQ-499,train
RQ-500,train
RQ-501,train
RQ-502,train
RQ-503,train
RQ-504,train
RQ-505,train
RQ-506,train
RQ-507,train
RQ-508,dev
RQ-509,dev
RQ-510,test
RQ-511,dev
RQ-512,test
RQ-513,train
RQ-514,train
RQ-515,test
RQ-516,train
RQ-517,train
RQ-518,dev
RQ-519,train
RQ-520,test
RQ-521,train
RQ-522,dev
RQ-523,test
RQ-524,test
RQ-525,dev
RQ-526,test
RQ-527,dev
RQ-528,train
RQ-529,train
RQ-530,train
RQ-531,train
RQ-532,train
RQ-533,dev
RQ-534,dev
RQ-535,train
RQ-536,train
RQ-537,train
RQ-538,train
RQ-539,train
RQ-540,train
RQ-541,train
RQ-542,train
RQ-543,train
RQ-544,test
RQ-545,train
RQ-546,train
RQ-547,train
RQ-548,dev
RQ-549,train
RQ-550,train
RQ-551,train
RQ-552,train
RQ-553,test
RQ-554,train
RQ-555,train
RQ-556,train
RQ-557,dev
RQ-558,train
RQ-559,dev
RQ-560,train
RQ-561,train
RQ-562,train
RQ-563,train
RQ-564,train
RQ-565,train
RQ-566,train
RQ-567,test
RQ-568,train
RQ-569,train
RQ-570,train
RQ-571,test
RQ-572,train
RQ-573,test
RQ-574,train
RQ-575,train
RQ-576,test
RQ-577,train
RQ-578,train
RQ-579,train
RQ-580,train
RQ-581,test
RQ-582,train
RQ-583,train
RQ-584,dev
RQ-585,train
RQ-586,train
RQ-587,train
RQ-588,train
RQ-589,dev
RQ-590,train
RQ-591,train
RQ-592,train
RQ-593,train
RQ-594,train
RQ-595,train
RQ-596,train
RQ-597,train
RQ-598,train
RQ-599,train
RQ-600,dev
RQ-601,train
RQ-602,train
RQ-603,dev
RQ-604,test
RQ-605,dev
RQ-606,train
RQ-607,dev
RQ-608,train
RQ-609,test
RQ-610,train
RQ-611,train
RQ-612,train
RQ-613,train
RQ-614,dev
RQ-615,test
RQ-616,train
RQ-617,train
RQ-618,dev
RQ-619,train
RQ-620,train
RQ-621,test
RQ-622,dev
RQ-623,dev
RQ-624,train
RQ-625,train
RQ-626,train
RQ-627,train
RQ-628,train
RQ-629,train
RQ-630,train
RQ-631,train
RQ-632,dev
RQ-633,train
RQ-634,train
RQ-635,test
RQ-636,train
RQ-637,train
RQ-638,test
RQ-639,dev
RQ-640,test
RQ-641,dev
RQ-642,dev
RQ-643,test
RQ-644,train
RQ-645,dev
RQ-646,train
RQ-647,test
RQ-648,test
RQ-649,train
RQ-650,train
RQ-651,train
RQ-652,train
RQ-653,train
RQ-654,train
RQ-655,train
RQ-656,train
RQ-657,train
RQ-658,test
RQ-659,test
RQ-660,dev
RQ-661,train
RQ-662,train
RQ-663,train
RQ-664,train
RQ-665,train
RQ-666,train
RQ-667,train
RQ-668,train
RQ-669,train
RQ-670,train
RQ-671,train
RQ-672,test
RQ-673,train
RQ-674,train
RQ-675,train
RQ-676,train
RQ-677,test
RQ-678,test
RQ-679,train
RQ-680,train
RQ-681,test
RQ-682,train
RQ-683,train
RQ-684,train
RQ-685,train
RQ-686,dev
RQ-687,dev
RQ-688,train
RQ-689,train
RQ-690,test
RQ-691,train
RQ-692,train
RQ-693,dev
RQ-694,train
RQ-695,train
RQ-696,train
RQ-697,test
RQ-698,train
RQ-699,test
RQ-700,train
RQ-701,dev
RQ-702,train
RQ-703,train
RQ-704,train
RQ-705,dev
RQ-706,test
RQ-707,test
RQ-708,train
RQ-709,test
RQ-710,train
RQ-711,train
RQ-712,train
RQ-713,train
RQ-714,train
RQ-715,train
RQ-716,train
RQ-717,test
RQ-718,train
RQ-719,train
RQ-720,train
RQ-721,dev
RQ-722,dev
RQ-723,train
RQ-724,dev
RQ-725,train
RQ-726,train
RQ-727,dev
RQ-728,train
RQ-729,train
RQ-730,train
RQ-731,train
RQ-732,train
RQ-733,train
RQ-734,dev
RQ-735,train
RQ-736,train
RQ-737,dev
RQ-738,train
RQ-739,test
RQ-740,train
RQ-741,train
RQ-742,dev
RQ-743,train
RQ-744,train
RQ-745,train
RQ-746,train
RQ-747,train
RQ-748,train
RQ-749,train
RQ-750,train
RQ-751,test
RQ-752,train
RQ-753,test
RQ-754,train
RQ-755,test
RQ-756,train
RQ-757,test
RQ-758,test
RQ-759,train
RQ-760,train
RQ-761,test
RQ-762,train
RQ-763,dev
RQ-764,train
RQ-765,test
RQ-766,dev
RQ-767,train
RQ-768,train
RQ-769,train
RQ-770,train
RQ-771,train
RQ-772,train
RQ-773,train
RQ-774,train
RQ-775,dev
RQ-776,train
RQ-777,train
RQ-778,dev
RQ-779,dev
RQ-780,train
RQ-781,test
RQ-782,train
RQ-783,train
RQ-784,train
RQ-785,train
RQ-786,train
RQ-787,test
RQ-788,train
RQ-789,train
RQ-790,train
RQ-791,dev
RQ-792,train
RQ-793,dev
RQ-794,train
RQ-795,test
RQ-796,train
RQ-797,train
RQ-798,dev
RQ-799,train
RQ-800,train
RQ-801,train
RQ-802,test
RQ-803,train
RQ-804,train
RQ-805,dev
RQ-806,dev
RQ-807,train
RQ-808,train
RQ-809,train
RQ-810,train
RQ-811,dev
RQ-812,train
RQ-813,train
RQ-814,train
RQ-815,train
RQ-816,test
RQ-817,train
RQ-818,train
RQ-819,train
RQ-820,dev
RQ-821,test
RQ-822,train
RQ-823,train
RQ-824,train
RQ-825,train
RQ-826,test
RQ-827,test
RQ-828,train
RQ-829,train
RQ-830,dev
RQ-831,train
RQ-832,dev
RQ-833,train
RQ-834,train
RQ-835,train
RQ-836,train
RQ-837,train
RQ-838,train
RQ-839,train
RQ-840,train
RQ-841,train
RQ-842,train
RQ-843,train
RQ-844,train
RQ-845,test
RQ-846,test
RQ-847,train
RQ-848,train
RQ-849,train
RQ-850,dev
RQ-851,train
RQ-852,train
RQ-853,train
RQ-854,train
RQ-855,test
RQ-856,dev
RQ-857,train
RQ-858,test
RQ-859,train
RQ-860,train
RQ-861,test
RQ-862,train
RQ-863,test
RQ-864,train
RQ-865,train
RQ-866,train
RQ-867,train
RQ-868,dev
RQ-869,train
RQ-870,train
RQ-871,train
RQ-872,train
RQ-873,test
RQ-874,train
RQ-875,train
RQ-876,train
RQ-877,test
RQ-878,train
RQ-879,train
RQ-880,train
RQ-881,test
RQ-882,train
RQ-883,train
RQ-884,train
RQ-885,train
RQ-886,test
RQ-887,train
RQ-888,train
RQ-889,dev
RQ-890,train
RQ-891,train
RQ-892,test
RQ-893,train
RQ-894,train
RQ-895,train
RQ-896,test
RQ-897,train
RQ-898,test
RQ-899,train
RQ-900,dev
RQ-901,train
RQ-902,train
RQ-903,train
RQ-904,train
RQ-905,train
RQ-906,train
RQ-907,test
RQ-908,train
RQ-909,train
RQ-910,train
RQ-911,train
RQ-912,train
RQ-913,train
RQ-914,dev
RQ-915,dev
RQ-916,dev
RQ-917,train
RQ-918,test
RQ-919,train
RQ-920,train
RQ-921,train
RQ-922,test
RQ-923,train
RQ-924,train
RQ-925,dev
RQ-926,dev
RQ-927,train
RQ-928,test
RQ-929,train
RQ-930,train
RQ-931,train
RQ-932,train
RQ-933,train
RQ-934,dev
RQ-935,train
RQ-936,dev
RQ-937,train
RQ-938,dev
RQ-939,dev
RQ-940,train
RQ-941,train
RQ-942,test
RQ-943,train
RQ-944,train
RQ-945,test
RQ-946,train
RQ-947,train
RQ-948,train
RQ-949,train
RQ-950,train
RQ-951,train
RQ-952,train
RQ-953,dev
RQ-954,train
RQ-955,train
RQ-956,train
RQ-957,train
RQ-958,dev
RQ-959,train
RQ-960,train
RQ-961,train
RQ-962,dev
RQ-963,dev
RQ-964,train
RQ-965,train
RQ-966,test
RQ-967,train
RQ-968,train
RQ-969,train
RQ-970,test
RQ-971,test
RQ-972,train
RQ-973,train
RQ-974,train
RQ-975,train
RQ-976,train
RQ-977,train
RQ-978,train
RQ-979,train
RQ-980,test
RQ-981,train
RQ-982,train
RQ-983,train
RQ-984,dev
RQ-985,train
RQ-986,train
RQ-987,train
RQ-988,train
RQ-989,train
RQ-990,dev
RQ-991,train
RQ-992,train
RQ-993,train
RQ-994,train
RQ-995,train
RQ-996,train
RQ-997,train
RQ-998,train
RQ-999,train
RQ-1000,train
RQ-1001,train
RQ-1002,train
RQ-1003,train
RQ-1004,test
RQ-1005,train
RQ-1006,train
RQ-1007,train
RQ-1008,train
RQ-1009,train
RQ-1010,train
RQ-1011,train
RQ-1012,dev
RQ-1013,train
RQ-1014,train
RQ-1015,dev
RQ-1016,dev
RQ-1017,train
RQ-1018,dev
RQ-1019,train
RQ-1020,train
RQ-1021,dev
RQ-1022,test
RQ-1023,test
RQ-1024,train
RQ-1025,train
RQ-1026,train
RQ-1027,train
RQ-1028,train
RQ-1029,train
RQ-1030,test
RQ-1031,train
RQ-1032,train
RQ-1033,test
RQ-1034,train
RQ-1035,train
RQ-1036,train
RQ-1037,test
RQ-1038,train
RQ-1039,train
RQ-1040,train
RQ-1041,train
RQ-1042,train
RQ-1043,train
RQ-1044,train
RQ-1045,train
RQ-1046,train
RQ-1047,train
RQ-1048,dev
RQ-1049,dev
RQ-1050,test
RQ-1051,train
RQ-1052,train
RQ-1053,train
RQ-1054,train
RQ-1055,train
RQ-1056,train
RQ-1057,train
RQ-1058,train
RQ-1059,test
RQ-1060,train
RQ-1061,dev
RQ-1062,train
RQ-1063,train
RQ-1064,dev
RQ-1065,train
RQ-1066,test
RQ-1067,train
RQ-1068,train
RQ-1069,test
RQ-1070,test
RQ-1071,test
RQ-1072,train
RQ-1073,train
RQ-1074,train
RQ-1075,dev
RQ-1076,dev
RQ-1077,train
RQ-1078,train
RQ-1079,train
RQ-1080,dev
RQ-1081,dev
RQ-1082,train
RQ-1083,train
RQ-1084,train
RQ-1085,train
RQ-1086,test
RQ-1087,train
RQ-1088,train
RQ-1089,train
RQ-1090,dev
RQ-1091,test
RQ-1092,dev
RQ-1093,train
RQ-1094,train
RQ-1095,train
RQ-1096,train
RQ-1097,train
RQ-1098,train
RQ-1099,train
RQ-1100,train
RQ-1101,train
RQ-1102,train
RQ-1103,train
RQ-1104,dev
RQ-1105,train
RQ-1106,train
RQ-1107,train
RQ-1108,dev
RQ-1109,train
RQ-1110,train
RQ-1111,train
RQ-1112,train
RQ-1113,dev
RQ-1114,train
RQ-1115,dev
RQ-1116,test
RQ-1117,dev
RQ-1118,train
RQ-1119,dev
RQ-1120,test
RQ-1121,train
RQ-1122,train
RQ-1123,train
RQ-1124,train
RQ-1125,train
RQ-1126,train
RQ-1127,test
RQ-1128,train
RQ-1129,train
RQ-1130,train
RQ-1131,train
RQ-1132,train
RQ-1133,train
RQ-1134,train
RQ-1135,train
RQ-1136,train
RQ-1137,train
RQ-1138,train
RQ-1139,train
RQ-1140,test
RQ-1141,dev
RQ-1142,test
RQ-1143,train
RQ-1144,train
RQ-1145,dev
RQ-1146,dev
RQ-1147,dev
RQ-1148,train
RQ-1149,train
RQ-1150,train
RQ-1151,train
RQ-1152,train
RQ-1153,train
RQ-1154,train
RQ-1155,train
RQ-1156,train
RQ-1157,train
RQ-1158,train
RQ-1159,test
RQ-1160,train
RQ-1161,dev
RQ-1162,train
RQ-1163,train
RQ-1164,train
RQ-1165,train
RQ-1166,train
RQ-1167,test
RQ-1168,dev
RQ-1169,train
RQ-1170,train
RQ-1171,train
RQ-1172,train
RQ-1173,train
RQ-1174,train
RQ-1175,train
RQ-1176,train
RQ-1177,dev
RQ-1178,train
RQ-1179,test
RQ-1180,test
RQ-1181,train
RQ-1182,test
RQ-1183,train
RQ-1184,train
RQ-1185,train
RQ-1186,dev
RQ-1187,train
RQ-1188,train
RQ-1189,train
RQ-1190,train
RQ-1191,train
RQ-1192,train
RQ-1193,train
RQ-1194,train
RQ-1195,train
RQ-1196,train
RQ-1197,train
RQ-1198,train
RQ-1199,train
RQ-1200,train
RQ-1201,train
RQ-1202,test
RQ-1203,train
RQ-1204,test
RQ-1205,test
RQ-1206,train
RQ-1207,test
RQ-1208,train
RQ-1209,train
RQ-1210,test
RQ-1211,dev
RQ-1212,dev
RQ-1213,dev
RQ-1214,train
RQ-1215,train
RQ-1216,test
RQ-1217,train
RQ-1218,dev
RQ-1219,train
RQ-1220,dev
RQ-1221,train
RQ-1222,dev
RQ-1223,train
RQ-1224,test
RQ-1225,train
RQ-1226,train
RQ-1227,train
RQ-1228,train
RQ-1229,train
RQ-1230,train
RQ-1231,train
RQ-1232,train
RQ-1233,train
RQ-1234,train
RQ-1235,train
RQ-1236,train
RQ-1237,dev
RQ-1238,test
RQ-1239,train
RQ-1240,train
RQ-1241,dev
RQ-1242,train
RQ-1243,dev
RQ-1244,dev
RQ-1245,test
RQ-1246,train
RQ-1247,train
RQ-1248,test
RQ-1249,train
RQ-1250,train
RQ-1251,test
RQ-1252,train
RQ-1253,train
RQ-1254,dev
RQ-1255,train
RQ-1256,train
RQ-1257,test
RQ-1258,dev
RQ-1259,train
RQ-1260,dev
RQ-1261,test
RQ-1262,test
RQ-1263,train
RQ-1264,train
RQ-1265,train
RQ-1266,train
RQ-1267,train
RQ-1268,train
RQ-1269,train
RQ-1270,train
RQ-1271,dev
RQ-1272,train
RQ-1273,train
RQ-1274,train
RQ-1275,train
RQ-1276,train
RQ-1277,train
RQ-1278,train
RQ-1279,train
RQ-1280,test
RQ-1281,test
RQ-1282,train
RQ-1283,train
RQ-1284,train
RQ-1285,train
RQ-1286,train
RQ-1287,train
RQ-1288,dev
RQ-1289,train
RQ-1290,train
RQ-1291,train
RQ-1292,train
RQ-1293,train
RQ-1294,test
RQ-1295,train
RQ-1296,train
RQ-1297,dev
RQ-1298,dev
RQ-1299,train
RQ-1300,train
RQ-1301,train
RQ-1302,train
RQ-1303,dev
RQ-1304,train
RQ-1305,dev
RQ-1306,train
RQ-1307,train
RQ-1308,test
RQ-1309,test
RQ-1310,test
RQ-1311,train
RQ-1312,train
RQ-1313,train
RQ-1314,train
RQ-1315,train
RQ-1316,train
RQ-1317,dev
RQ-1318,test
RQ-1319,train
RQ-1320,train
RQ-1321,train
RQ-1322,test
RQ-1323,train
RQ-1324,dev
RQ-1325,train
RQ-1326,train
RQ-1327,train
RQ-1328,dev
RQ-1329,dev
RQ-1330,train
RQ-1331,test
RQ-1332,train
RQ-1333,test
RQ-1334,train
RQ-1335,train
RQ-1336,train
RQ-1337,train
RQ-1338,dev
RQ-1339,train
RQ-1340,train
RQ-1341,train
RQ-1342,train
RQ-1343,train
RQ-1344,train
RQ-1345,train
RQ-1346,train
RQ-1347,dev
RQ-1348,train
RQ-1349,train
RQ-1350,dev
RQ-1351,test
RQ-1352,train
RQ-1353,train
RQ-1354,train
RQ-1355,train
RQ-1356,train
RQ-1357,train
RQ-1358,train
RQ-1359,train
RQ-1360,train
RQ-1361,train
RQ-1362,train
RQ-1363,dev
RQ-1364,train
RQ-1365,train
RQ-1366,train
RQ-1367,train
RQ-1368,train
RQ-1369,train
RQ-1370,test
RQ-1371,test
RQ-1372,test
RQ-1373,train
RQ-1374,dev
RQ-1375,train
RQ-1376,train
RQ-1377,train
RQ-1378,train
RQ-1379,test
RQ-1380,train
RQ-1381,train
RQ-1382,test
RQ-1383,train
RQ-1384,train
RQ-1385,train
RQ-1386,train
RQ-1387,train
RQ-1388,train
RQ-1389,train
RQ-1390,train
RQ-1391,train
RQ-1392,train
RQ-1393,test
RQ-1394,dev
RQ-1395,train
RQ-1396,train
RQ-1397,train
RQ-1398,train
RQ-1399,train
RQ-1400,train
RQ-1401,train
RQ-1402,train
RQ-1403,train
RQ-1404,test
RQ-1405,train
RQ-1406,train
RQ-1407,test
RQ-1408,train
RQ-1409,train
RQ-1410,train
RQ-1411,train
RQ-1412,train
RQ-1413,dev
RQ-1414,train
RQ-1415,dev
RQ-1416,train
RQ-1417,train
RQ-1418,train
RQ-1419,test
RQ-1420,train
RQ-1421,train
RQ-1422,train
RQ-1423,train
RQ-1424,train
RQ-1425,train
RQ-1426,dev
RQ-1427,train
RQ-1428,test
RQ-1429,train
RQ-1430,train
RQ-1431,test
RQ-1432,train
RQ-1433,test
RQ-1434,train
RQ-1435,train
RQ-1436,test
RQ-1437,train
RQ-1438,train
RQ-1439,test
RQ-1440,train
RQ-1441,train
RQ-1442,train
RQ-1443,test
RQ-1444,train
RQ-1445,train
RQ-1446,train
RQ-1447,train
RQ-1448,dev
RQ-1449,train
RQ-1450,test
RQ-1451,dev
RQ-1452,train
RQ-1453,test
RQ-1454,train
RQ-1455,dev
RQ-1456,dev
RQ-1457,train
RQ-1458,train
RQ-1459,train
RQ-1460,test
RQ-1461,train
RQ-1462,train
RQ-1463,train
RQ-1464,dev
RQ-1465,train
RQ-1466,train
RQ-1467,train
RQ-1468,train
RQ-1469,dev
RQ-1470,train
RQ-1471,train
RQ-1472,test
RQ-1473,train
RQ-1474,test
RQ-1475,train
RQ-1476,train
RQ-1477,train
RQ-1478,test
RQ-1479,dev
RQ-1480,train
RQ-1481,train
RQ-1482,dev
RQ-1483,train
RQ-1484,dev
RQ-1485,train
RQ-1486,train
RQ-1487,dev
RQ-1488,test
RQ-1489,train
RQ-1490,train
RQ-1491,dev
RQ-1492,train
RQ-1493,train
RQ-1494,train
RQ-1495,train
RQ-1496,train
RQ-1497,test
RQ-1498,train
RQ-1499,train
RQ-1500,train
RQ-1501,train
RQ-1502,test
RQ-1503,dev
RQ-1504,train
RQ-1505,train
RQ-1506,train
RQ-1507,test
RQ-1508,train
RQ-1509,train
RQ-1510,train
RQ-1511,train
RQ-1512,train
RQ-1513,test
RQ-1514,train
RQ-1515,dev
RQ-1516,train
RQ-1517,train
RQ-1518,train
RQ-1519,test
RQ-1520,train
RQ-1521,dev
RQ-1522,dev
RQ-1523,test
RQ-1524,dev
RQ-1525,train
RQ-1526,train
RQ-1527,train
RQ-1528,train
RQ-1529,test
RQ-1530,train
RQ-1531,train
RQ-1532,train
RQ-1533,train
RQ-1534,train
RQ-1535,train
RQ-1536,train
RQ-1537,train
RQ-1538,train
RQ-1539,train
RQ-1540,train
RQ-1541,test
RQ-1542,train
RQ-1543,test
RQ-1544,train
RQ-1545,train
RQ-1546,dev
RQ-1547,train
RQ-1548,test
RQ-1549,train
RQ-1550,train
RQ-1551,train
RQ-1552,train
RQ-1553,test
RQ-1554,train
RQ-1555,dev
RQ-1556,test
RQ-1557,train
RQ-1558,train
RQ-1559,dev
RQ-1560,train
RQ-1561,train
RQ-1562,train
RQ-1563,train
RQ-1564,train
RQ-1565,train
RQ-1566,train
RQ-1567,train
RQ-1568,train
RQ-1569,dev
RQ-1570,train
RQ-1571,train
RQ-1572,train
RQ-1573,train
RQ-1574,dev
RQ-1575,train
RQ-1576,train
RQ-1577,dev
RQ-1578,train
RQ-1579,train
RQ-1580,dev
RQ-1581,test
RQ-1582,test
RQ-1583,train
RQ-1584,train
RQ-1585,train
RQ-1586,train
RQ-1587,train
RQ-1588,train
RQ-1589,dev
RQ-1590,test
RQ-1591,train
RQ-1592,train
RQ-1593,train
RQ-1594,test
RQ-1595,train
RQ-1596,train
RQ-1597,train
RQ-1598,test
RQ-1599,test
RQ-1600,train
RQ-1601,train
RQ-1602,train
RQ-1603,train
RQ-1604,test
RQ-1605,dev
RQ-1606,train
RQ-1607,dev
RQ-1608,test
RQ-1609,test
RQ-1610,train
RQ-1611,train
RQ-1612,dev
RQ-1613,train
RQ-1614,train
RQ-1615,train
RQ-1616,train
RQ-1617,train
RQ-1618,test
RQ-1619,test
RQ-1620,train
RQ-1621,train
RQ-1622,train
RQ-1623,train
RQ-1624,train
RQ-1625,train
RQ-1626,train
RQ-1627,train
RQ-1628,train
RQ-1629,train
RQ-1630,train
RQ-1631,train
RQ-1632,dev
RQ-1633,train
RQ-1634,train
RQ-1635,train
RQ-1636,train
RQ-1637,test
RQ-1638,train
RQ-1639,train
RQ-1640,train
RQ-1641,train
RQ-1642,train
RQ-1643,train
RQ-1644,train
RQ-1645,train
RQ-1646,train
RQ-1647,train
RQ-1648,train
RQ-1649,train
RQ-1650,test
RQ-1651,test
RQ-1652,dev
RQ-1653,train
RQ-1654,train
RQ-1655,train
RQ-1656,dev
RQ-1657,train
RQ-1658,train
RQ-1659,train
RQ-1660,train
RQ-1661,train
RQ-1662,train
RQ-1663,train
RQ-1664,dev
RQ-1665,train
RQ-1666,train
RQ-1667,train
RQ-1668,train
RQ-1669,train
RQ-1670,train
RQ-1671,train
RQ-1672,train
RQ-1673,train
RQ-1674,train
RQ-1675,train
RQ-1676,train
RQ-1677,test
RQ-1678,train
RQ-1679,train
RQ-1680,dev
RQ-1681,train
RQ-1682,dev
RQ-1683,test
RQ-1684,test
RQ-1685,train
RQ-1686,train
RQ-1687,train
RQ-1688,train
RQ-1689,train
RQ-1690,dev
RQ-1691,train
RQ-1692,train
RQ-1693,dev
RQ-1694,dev
RQ-1695,train
RQ-1696,train
RQ-1697,dev
RQ-1698,train
RQ-1699,dev
RQ-1700,test
RQ-1701,train
RQ-1702,test
