family_id,interp_rank,interpretation_text,original_text,n_models_flagged_sarcastic,which_models_flagged,pred_M1,pred_M2,pred_M3,pred_M4,pred_M5,pred_M6,word_length,char_length,has_question_mark,has_exclamation_mark,has_all_caps_word,uppercase_char_fraction,vader_compound,qualitative_tags,notes
test-00077,3,c'mon lady bitch about your mind blowing life some more everyone in this nail salon hates hearing your loud and lovely voice,c'mon lady bitch about your stressful life some more everyone in this nail salon loves hearing your loud and annoying voice,6,M1;M2;M3;M4;M5;M6,sarcastic,sarcastic,sarcastic,sarcastic,sarcastic,sarcastic,22,124,False,False,False,0.0,-0.4404,flat_delivery_candidate,
test-00087,5,brother i'm surprised you aren't diabeticme well i eat salads every day for lunch and run before amp after work i'm surprised too,brother i'm surprised you aren't diabeticme well i eat salads every day for lunch and run before amp after work i'm surprised too,6,M1;M2;M3;M4;M5;M6,sarcastic,sarcastic,sarcastic,sarcastic,sarcastic,sarcastic,23,129,False,False,False,0.0,0.2467,flat_delivery_candidate,
test-00086,1,but come to my store where everything is 50 off just so i can make my goals and not get in trouble please,but come to my store where everything is 50 off just so i can make my goals and not get in trouble please,6,M1;M2;M3;M4;M5;M6,sarcastic,sarcastic,sarcastic,sarcastic,sarcastic,sarcastic,23,105,False,False,False,0.0,0.7038,flat_delivery_candidate;positive_surface_wording_candidate,
test-00086,2,but come to my store where everything is 50 off just so i can make my goals and not get in trouble please,but come to my store where everything is 50 off just so i can make my goals and not get in trouble please,6,M1;M2;M3;M4;M5;M6,sarcastic,sarcastic,sarcastic,sarcastic,sarcastic,sarcastic,23,105,False,False,False,0.0,0.7038,flat_delivery_candidate;positive_surface_wording_candidate,
test-00086,3,but come to my store where everything is 50 off just so i can make my goals and not get in trouble please,but come to my store where everything is 50 off just so i can make my goals and not get in trouble please,6,M1;M2;M3;M4;M5;M6,sarcastic,sarcastic,sarcastic,sarcastic,sarcastic,sarcastic,23,105,False,False,False,0.0,0.7038,flat_delivery_candidate;positive_surface_wording_candidate,
test-00086,5,but come to my store where everything is 50 off just so i can make my goals and not get in trouble please,but come to my store where everything is 50 off just so i can make my goals and not get in trouble please,6,M1;M2;M3;M4;M5;M6,sarcastic,sarcastic,sarcastic,sarcastic,sarcastic,sarcastic,23,105,False,False,False,0.0,0.7038,flat_delivery_candidate;positive_surface_wording_candidate,
test-00087,3,brother i'm not surprised you are diabeticme well i eat salads every day for lunch and run before amp after work i'm not surprised too,brother i'm surprised you aren't diabeticme well i eat salads every day for lunch and run before amp after work i'm surprised too,6,M1;M2;M3;M4;M5;M6,sarcastic,sarcastic,sarcastic,sarcastic,sarcastic,sarcastic,25,134,False,False,False,0.0,-0.0598,flat_delivery_candidate;long_context_dependent_candidate,
test-00087,4,my brother is a idiot,brother i'm surprised you aren't diabeticme well i eat salads every day for lunch and run before amp after work i'm surprised too,6,M1;M2;M3;M4;M5;M6,sarcastic,sarcastic,sarcastic,sarcastic,sarcastic,sarcastic,5,21,False,False,False,0.0,-0.5106,flat_delivery_candidate;short_ambiguous_candidate,
test-00088,1,broken wings fly higher when healed but taste good when cooked,broken wings fly higher when healed but taste good when cooked,6,M1;M2;M3;M4;M5;M6,sarcastic,sarcastic,sarcastic,sarcastic,sarcastic,sarcastic,11,62,False,False,False,0.0,0.4215,flat_delivery_candidate;positive_surface_wording_candidate,
test-00230,4,people from indiadon't get my humor,is like the electricity half of india still doesn't get it,6,M1;M2;M3;M4;M5;M6,sarcastic,sarcastic,sarcastic,sarcastic,sarcastic,sarcastic,6,35,False,False,False,0.0,-0.2057,flat_delivery_candidate;short_ambiguous_candidate,
test-00200,3,4 more assignments nooo college is so tiring,4 more assignments wooo college is so fun,6,M1;M2;M3;M4;M5;M6,sarcastic,sarcastic,sarcastic,sarcastic,sarcastic,sarcastic,8,44,False,False,False,0.0,0.0,flat_delivery_candidate,
test-00088,5,broken wings fly higher when healed but taste good when cooked,broken wings fly higher when healed but taste good when cooked,6,M1;M2;M3;M4;M5;M6,sarcastic,sarcastic,sarcastic,sarcastic,sarcastic,sarcastic,11,62,False,False,False,0.0,0.4215,flat_delivery_candidate;positive_surface_wording_candidate,
test-00199,5,4 5 absolutely terrible hate you roosters,4 5 absolutely wonderful thank you roosters,6,M1;M2;M3;M4;M5;M6,sarcastic,sarcastic,sarcastic,sarcastic,sarcastic,sarcastic,7,41,False,False,False,0.0,-0.8111,flat_delivery_candidate,
test-00199,4,4 5 absolutely terrible hate you roosters,4 5 absolutely wonderful thank you roosters,6,M1;M2;M3;M4;M5;M6,sarcastic,sarcastic,sarcastic,sarcastic,sarcastic,sarcastic,7,41,False,False,False,0.0,-0.8111,flat_delivery_candidate,
test-00199,3,4 5 absolutely aweful thank you roosters,4 5 absolutely wonderful thank you roosters,6,M1;M2;M3;M4;M5;M6,sarcastic,sarcastic,sarcastic,sarcastic,sarcastic,sarcastic,7,40,False,False,False,0.0,0.4173,flat_delivery_candidate;positive_surface_wording_candidate,
test-00199,2,horrible fuck you roosters,4 5 absolutely wonderful thank you roosters,6,M1;M2;M3;M4;M5;M6,sarcastic,sarcastic,sarcastic,sarcastic,sarcastic,sarcastic,4,26,False,False,False,0.0,-0.7906,flat_delivery_candidate;short_ambiguous_candidate,
test-00085,2,triple h is petty and will bury del rio,but despite rumors of heat w del rio hhh would never be as petty mess with personal lives due to professional issues right ?,6,M1;M2;M3;M4;M5;M6,sarcastic,sarcastic,sarcastic,sarcastic,sarcastic,sarcastic,9,39,False,False,False,0.0,-0.2023,flat_delivery_candidate,
test-00085,1,triple h is petty and will bury del rio,but despite rumors of heat w del rio hhh would never be as petty mess with personal lives due to professional issues right ?,6,M1;M2;M3;M4;M5;M6,sarcastic,sarcastic,sarcastic,sarcastic,sarcastic,sarcastic,9,39,False,False,False,0.0,-0.2023,flat_delivery_candidate,
test-00084,3,but hey at least we have not new markers,but hey at least we have new markers,6,M1;M2;M3;M4;M5;M6,sarcastic,sarcastic,sarcastic,sarcastic,sarcastic,sarcastic,9,40,False,False,False,0.0,0.0,flat_delivery_candidate,
test-00203,3,2 2 according to this logic shouldn t drunk driving incidents be considered as more serious ? maybe just get rid of the dui ?,2 2 according to this logic should drunk driving incidents be considered as less serious ? maybe just get rid of the dui ?,6,M1;M2;M3;M4;M5;M6,sarcastic,sarcastic,sarcastic,sarcastic,sarcastic,sarcastic,25,125,True,False,False,0.0,-0.5192,rhetorical_question_candidate;long_context_dependent_candidate,
test-00082,4,i like to anger people with my sarcasm because i think they deserve it,but sometimes they just deserve my snarky comments they really do,6,M1;M2;M3;M4;M5;M6,sarcastic,sarcastic,sarcastic,sarcastic,sarcastic,sarcastic,14,70,False,False,False,0.0,-0.4767,flat_delivery_candidate,
test-00082,2,they don't deserve my snarky comments,but sometimes they just deserve my snarky comments they really do,6,M1;M2;M3;M4;M5;M6,sarcastic,sarcastic,sarcastic,sarcastic,sarcastic,sarcastic,6,37,False,False,False,0.0,0.0,flat_delivery_candidate;short_ambiguous_candidate,
test-00203,5,2 2 according to this logic should drunk driving incidents be considered as less serious ? maybe just get rid of the dui ?,2 2 according to this logic should drunk driving incidents be considered as less serious ? maybe just get rid of the dui ?,6,M1;M2;M3;M4;M5;M6,sarcastic,sarcastic,sarcastic,sarcastic,sarcastic,sarcastic,24,122,True,False,False,0.0,-0.4151,rhetorical_question_candidate,
test-00204,3,25 hour drive 5 hours sitting in a company wide annual rah rah meeting 25 hour ride home yup super screwing day,25 hour drive 5 hours sitting in a company wide annual rah rah meeting 25 hour ride home yup super productive day,6,M1;M2;M3;M4;M5;M6,sarcastic,sarcastic,sarcastic,sarcastic,sarcastic,sarcastic,22,111,False,False,False,0.0,0.4588,flat_delivery_candidate;positive_surface_wording_candidate,
test-00204,5,25 hour drive 5 hours sitting in a company wide annual rah rah meeting 25 hour ride home yup super productive day,25 hour drive 5 hours sitting in a company wide annual rah rah meeting 25 hour ride home yup super productive day,6,M1;M2;M3;M4;M5;M6,sarcastic,sarcastic,sarcastic,sarcastic,sarcastic,sarcastic,22,113,False,False,False,0.0,0.5994,flat_delivery_candidate;positive_surface_wording_candidate,
test-00081,2,i could never count on you and you just talk crap,but thanks for speaking so highly of me you've always been the type of person i could count on,6,M1;M2;M3;M4;M5;M6,sarcastic,sarcastic,sarcastic,sarcastic,sarcastic,sarcastic,11,49,False,False,False,0.0,-0.3818,flat_delivery_candidate,
test-00079,3,but yeah the east is annoying too and a total joke,but yeah the east is good too and not a total joke,6,M1;M2;M3;M4;M5;M6,sarcastic,sarcastic,sarcastic,sarcastic,sarcastic,sarcastic,11,50,False,False,False,0.0,0.2617,flat_delivery_candidate,
test-00079,2,the east is horrible and a joke,but yeah the east is good too and not a total joke,6,M1;M2;M3;M4;M5;M6,sarcastic,sarcastic,sarcastic,sarcastic,sarcastic,sarcastic,7,31,False,False,False,0.0,-0.3182,flat_delivery_candidate,
test-00079,1,the east is bad and a total joke,but yeah the east is good too and not a total joke,6,M1;M2;M3;M4;M5;M6,sarcastic,sarcastic,sarcastic,sarcastic,sarcastic,sarcastic,8,32,False,False,False,0.0,-0.3182,flat_delivery_candidate,
test-00078,5,mcgregor is not fighting mayweather next just because the blogs said so,but but i thought mcgregor was fighting mayweather next ? the blogs said so sarcasm,6,M1;M2;M3;M4;M5;M6,sarcastic,sarcastic,sarcastic,sarcastic,sarcastic,sarcastic,12,71,False,False,False,0.0,0.2755,flat_delivery_candidate,
test-00078,3,but but i thought mcgregor was fighting mayweather next ? the blogs said so sarcasm,but but i thought mcgregor was fighting mayweather next ? the blogs said so sarcasm,6,M1;M2;M3;M4;M5;M6,sarcastic,sarcastic,sarcastic,sarcastic,sarcastic,sarcastic,15,83,True,False,False,0.0,-0.757,rhetorical_question_candidate,
test-00077,5,stop shouting you annoying lady nobody wants to hear about your life,c'mon lady bitch about your stressful life some more everyone in this nail salon loves hearing your loud and annoying voice,6,M1;M2;M3;M4;M5;M6,sarcastic,sarcastic,sarcastic,sarcastic,sarcastic,sarcastic,12,68,False,False,False,0.0,-0.5994,flat_delivery_candidate,
test-00077,4,i came to the nail salan to relax not hear about your problems,c'mon lady bitch about your stressful life some more everyone in this nail salon loves hearing your loud and annoying voice,6,M1;M2;M3;M4;M5;M6,sarcastic,sarcastic,sarcastic,sarcastic,sarcastic,sarcastic,13,62,False,False,False,0.0,0.0516,flat_delivery_candidate,
test-00199,1,4 5 absolutely aweful thank you roosters,4 5 absolutely wonderful thank you roosters,6,M1;M2;M3;M4;M5;M6,sarcastic,sarcastic,sarcastic,sarcastic,sarcastic,sarcastic,7,40,False,False,False,0.0,0.4173,flat_delivery_candidate;positive_surface_wording_candidate,
test-00198,5,5 hours sleep for a 45 hour drive for this uninteresting interview,5 hours sleep for a 45 hour drive for this possibly life changing interview thanks cavs for making it worth staying up late,6,M1;M2;M3;M4;M5;M6,sarcastic,sarcastic,sarcastic,sarcastic,sarcastic,sarcastic,12,66,False,False,False,0.0,0.0,flat_delivery_candidate,
test-00197,5,51 earthquake just shook my house good lol i hate being in california,51 earthquake just shook my house good lol i love be california,6,M1;M2;M3;M4;M5;M6,sarcastic,sarcastic,sarcastic,sarcastic,sarcastic,sarcastic,13,69,False,False,False,0.0,0.1531,flat_delivery_candidate,
test-00093,8,breaking news qpr are going to sign 40 year old robbie fowler and a lad called olly murs some boring finishing today,breaking news qpr are going to sign 40 year old robbie fowler and a lad called olly murs some cracking finishing today,6,M1;M2;M3;M4;M5;M6,sarcastic,sarcastic,sarcastic,sarcastic,sarcastic,sarcastic,22,116,False,False,False,0.0,-0.3182,flat_delivery_candidate,
test-00096,5,bottom line that gorilla was trying to protect that boy ever seen tarzan geez,bottom line that gorilla was trying to protect that boy ever seen tarzan geez,6,M1;M2;M3;M4;M5;M6,sarcastic,sarcastic,sarcastic,sarcastic,sarcastic,sarcastic,14,77,False,False,False,0.0,0.3818,flat_delivery_candidate;positive_surface_wording_candidate,
test-00096,4,that gorilla wasn't trying to protect the boy,bottom line that gorilla was trying to protect that boy ever seen tarzan geez,6,M1;M2;M3;M4;M5;M6,sarcastic,sarcastic,sarcastic,sarcastic,sarcastic,sarcastic,8,45,False,False,False,0.0,-0.2924,flat_delivery_candidate,
test-00096,3,bottom line that gorilla was trying to get harm that boy never seen tarzan geez sarcas,bottom line that gorilla was trying to protect that boy ever seen tarzan geez,6,M1;M2;M3;M4;M5;M6,sarcastic,sarcastic,sarcastic,sarcastic,sarcastic,sarcastic,16,86,False,False,False,0.0,-0.5423,flat_delivery_candidate,
test-00195,5,645 worst time to wake up on a saturday,645 my favourite time to wake up on a saturday,6,M1;M2;M3;M4;M5;M6,sarcastic,sarcastic,sarcastic,sarcastic,sarcastic,sarcastic,9,39,False,False,False,0.0,-0.6249,flat_delivery_candidate,
test-00096,1,that gorilla wasn't trying to protect the boy,bottom line that gorilla was trying to protect that boy ever seen tarzan geez,6,M1;M2;M3;M4;M5;M6,sarcastic,sarcastic,sarcastic,sarcastic,sarcastic,sarcastic,8,45,False,False,False,0.0,-0.2924,flat_delivery_candidate,
test-00095,3,boy am i sad the rain's here,boy am i glad the rain's here,6,M1;M2;M3;M4;M5;M6,sarcastic,sarcastic,sarcastic,sarcastic,sarcastic,sarcastic,7,28,False,False,False,0.0,-0.4767,flat_delivery_candidate,
test-00095,2,boy i'm not glad the rain's here,boy am i glad the rain's here,6,M1;M2;M3;M4;M5;M6,sarcastic,sarcastic,sarcastic,sarcastic,sarcastic,sarcastic,7,32,False,False,False,0.0,-0.357,flat_delivery_candidate,
test-00196,3,6 0 run in 2 07 ? yea thats totally unimpressive,6 0 run in 2 07 ? yea thats totally impressive,6,M1;M2;M3;M4;M5;M6,sarcastic,sarcastic,sarcastic,sarcastic,sarcastic,sarcastic,11,48,True,False,False,0.0,-0.4005,rhetorical_question_candidate,
test-00094,5,brattan signs with melbourne shitty definitely see that one coming hate it,brattan signs with melbourne shitty didn't see that one coming,6,M1;M2;M3;M4;M5;M6,sarcastic,sarcastic,sarcastic,sarcastic,sarcastic,sarcastic,12,74,False,False,False,0.0,-0.6808,flat_delivery_candidate,
test-00094,4,brattan signs with melbourne shitty definitely saw that one coming,brattan signs with melbourne shitty didn't see that one coming,6,M1;M2;M3;M4;M5;M6,sarcastic,sarcastic,sarcastic,sarcastic,sarcastic,sarcastic,10,66,False,False,False,0.0,-0.2263,flat_delivery_candidate,
test-00094,3,brattan signs with melbourne shitty saw that one coming,brattan signs with melbourne shitty didn't see that one coming,6,M1;M2;M3;M4;M5;M6,sarcastic,sarcastic,sarcastic,sarcastic,sarcastic,sarcastic,9,55,False,False,False,0.0,-0.5574,flat_delivery_candidate,
test-00094,2,brattan signs with melbourne shitty i saw that coming,brattan signs with melbourne shitty didn't see that one coming,6,M1;M2;M3;M4;M5;M6,sarcastic,sarcastic,sarcastic,sarcastic,sarcastic,sarcastic,9,53,False,False,False,0.0,-0.5574,flat_delivery_candidate,
test-00094,1,brattan signs with melbourne shitty i saw that coming,brattan signs with melbourne shitty didn't see that one coming,6,M1;M2;M3;M4;M5;M6,sarcastic,sarcastic,sarcastic,sarcastic,sarcastic,sarcastic,9,53,False,False,False,0.0,-0.5574,flat_delivery_candidate,
test-00196,5,6 0 run in 2 07 ? yea thats totally unimpressive,6 0 run in 2 07 ? yea thats totally impressive,6,M1;M2;M3;M4;M5;M6,sarcastic,sarcastic,sarcastic,sarcastic,sarcastic,sarcastic,11,48,True,False,False,0.0,-0.4005,rhetorical_question_candidate,
test-00093,6,breaking news qpr are going to sign 40 year old robbie fowler and a lad called olly murs some crappy finishing today,breaking news qpr are going to sign 40 year old robbie fowler and a lad called olly murs some cracking finishing today,6,M1;M2;M3;M4;M5;M6,sarcastic,sarcastic,sarcastic,sarcastic,sarcastic,sarcastic,22,116,False,False,False,0.0,-0.5574,flat_delivery_candidate,
test-00090,4,bricks behind home plate seems like a sick idea,bricks behind home plate seems like a great idea,6,M1;M2;M3;M4;M5;M6,sarcastic,sarcastic,sarcastic,sarcastic,sarcastic,sarcastic,9,47,False,False,False,0.0,-0.2023,flat_delivery_candidate,
test-00093,3,breaking news qpr are going to sign 40 year old robbie fowler and a lad called olly murs some boring finishing today,breaking news qpr are going to sign 40 year old robbie fowler and a lad called olly murs some cracking finishing today,6,M1;M2;M3;M4;M5;M6,sarcastic,sarcastic,sarcastic,sarcastic,sarcastic,sarcastic,22,116,False,False,False,0.0,-0.3182,flat_delivery_candidate,
test-00196,8,6 0 run in 2 07 ? yea thats totally unimpressive,6 0 run in 2 07 ? yea thats totally impressive,6,M1;M2;M3;M4;M5;M6,sarcastic,sarcastic,sarcastic,sarcastic,sarcastic,sarcastic,11,48,True,False,False,0.0,-0.4005,rhetorical_question_candidate,
test-00093,1,breaking news qpr are going to sign 40 year old robbie fowler and a lad called olly murs some crappy finishing today,breaking news qpr are going to sign 40 year old robbie fowler and a lad called olly murs some cracking finishing today,6,M1;M2;M3;M4;M5;M6,sarcastic,sarcastic,sarcastic,sarcastic,sarcastic,sarcastic,22,116,False,False,False,0.0,-0.5574,flat_delivery_candidate,
test-00196,10,6 0 run in 2 07 ? yea thats totally unimpressive,6 0 run in 2 07 ? yea thats totally impressive,6,M1;M2;M3;M4;M5;M6,sarcastic,sarcastic,sarcastic,sarcastic,sarcastic,sarcastic,11,48,True,False,False,0.0,-0.4005,rhetorical_question_candidate,
test-00092,8,breaking manchester united and lionel messi have reached an agreement that the transfer will never happen hahaha,breaking manchester united and lionel messi have reached an agreement that the transfer will never happen hahaha,6,M1;M2;M3;M4;M5;M6,sarcastic,sarcastic,sarcastic,sarcastic,sarcastic,sarcastic,17,112,False,False,False,0.0,0.5386,flat_delivery_candidate;positive_surface_wording_candidate,
test-00197,1,51 earthquake just shook my house good lol i hate being california,51 earthquake just shook my house good lol i love be california,6,M1;M2;M3;M4;M5;M6,sarcastic,sarcastic,sarcastic,sarcastic,sarcastic,sarcastic,12,66,False,False,False,0.0,0.1531,flat_delivery_candidate,
test-00092,6,breaking manchester united and lionel messi have reached an agreement that the transfer will never happen hahaha,breaking manchester united and lionel messi have reached an agreement that the transfer will never happen hahaha,6,M1;M2;M3;M4;M5;M6,sarcastic,sarcastic,sarcastic,sarcastic,sarcastic,sarcastic,17,112,False,False,False,0.0,0.5386,flat_delivery_candidate;positive_surface_wording_candidate,
test-00197,2,i hate california and their stupid earthquakes,51 earthquake just shook my house good lol i love be california,6,M1;M2;M3;M4;M5;M6,sarcastic,sarcastic,sarcastic,sarcastic,sarcastic,sarcastic,7,46,False,False,False,0.0,-0.7964,flat_delivery_candidate,
test-00092,3,breaking manchester united and lionel messi have reached an agreement that the transfer will never happen hahaha,breaking manchester united and lionel messi have reached an agreement that the transfer will never happen hahaha,6,M1;M2;M3;M4;M5;M6,sarcastic,sarcastic,sarcastic,sarcastic,sarcastic,sarcastic,17,112,False,False,False,0.0,0.5386,flat_delivery_candidate;positive_surface_wording_candidate,
test-00092,1,breaking manchester united and lionel messi have reached an agreement that the transfer will never happen hahaha,breaking manchester united and lionel messi have reached an agreement that the transfer will never happen hahaha,6,M1;M2;M3;M4;M5;M6,sarcastic,sarcastic,sarcastic,sarcastic,sarcastic,sarcastic,17,112,False,False,False,0.0,0.5386,flat_delivery_candidate;positive_surface_wording_candidate,
test-00091,5,breaktime at workplace turns it into hell,breaktime at work hot damn you should see the view,6,M1;M2;M3;M4;M5;M6,sarcastic,sarcastic,sarcastic,sarcastic,sarcastic,sarcastic,7,41,False,False,False,0.0,-0.6808,flat_delivery_candidate,
test-00091,3,breaktime at work worst you shouldn t see the view,breaktime at work hot damn you should see the view,6,M1;M2;M3;M4;M5;M6,sarcastic,sarcastic,sarcastic,sarcastic,sarcastic,sarcastic,10,50,False,False,False,0.0,-0.6249,flat_delivery_candidate,
test-00197,4,51 earthquake just shook my house good lol i hate being in california,51 earthquake just shook my house good lol i love be california,6,M1;M2;M3;M4;M5;M6,sarcastic,sarcastic,sarcastic,sarcastic,sarcastic,sarcastic,13,69,False,False,False,0.0,0.1531,flat_delivery_candidate,
test-00090,5,bricks behind home plate seems like a sick idea,bricks behind home plate seems like a great idea,6,M1;M2;M3;M4;M5;M6,sarcastic,sarcastic,sarcastic,sarcastic,sarcastic,sarcastic,9,47,False,False,False,0.0,-0.2023,flat_delivery_candidate,
test-00077,1,no one wants to hear you complain,c'mon lady bitch about your stressful life some more everyone in this nail salon loves hearing your loud and annoying voice,6,M1;M2;M3;M4;M5;M6,sarcastic,sarcastic,sarcastic,sarcastic,sarcastic,sarcastic,7,33,False,False,False,0.0,-0.5719,flat_delivery_candidate,
test-00076,5,please don't call me ever,call me when you need me okay ?,6,M1;M2;M3;M4;M5;M6,sarcastic,sarcastic,sarcastic,sarcastic,sarcastic,sarcastic,5,25,False,False,False,0.0,0.3182,flat_delivery_candidate;positive_surface_wording_candidate;short_ambiguous_candidate,
test-00206,3,2 sunburnt shoulders bummer,2 sunburnt shoulders get in,6,M1;M2;M3;M4;M5;M6,sarcastic,sarcastic,sarcastic,sarcastic,sarcastic,sarcastic,4,27,False,False,False,0.0,-0.3818,flat_delivery_candidate;short_ambiguous_candidate,
test-00222,4,should one pursue the idea or am i being ironic ?,should one pursue the idea or am i being ironic ?,6,M1;M2;M3;M4;M5;M6,sarcastic,sarcastic,sarcastic,sarcastic,sarcastic,sarcastic,11,49,True,False,False,0.0,-0.128,rhetorical_question_candidate,
test-00216,2,people what are you doing with your life ? me you know socrates was killed because he asked too many questions,people what are you doing with your life ? me you know socrates was killed because he asked too many questions,6,M1;M2;M3;M4;M5;M6,sarcastic,sarcastic,sarcastic,sarcastic,sarcastic,sarcastic,21,110,True,False,False,0.0,-0.6705,rhetorical_question_candidate,
test-00216,3,people what are you doing with your life ? me you know socrates was killed because he asked too many questions,people what are you doing with your life ? me you know socrates was killed because he asked too many questions,6,M1;M2;M3;M4;M5;M6,sarcastic,sarcastic,sarcastic,sarcastic,sarcastic,sarcastic,21,110,True,False,False,0.0,-0.6705,rhetorical_question_candidate,
test-00216,4,people what are you doing with your life ? me you know socrates was killed because he asked too many questions,people what are you doing with your life ? me you know socrates was killed because he asked too many questions,6,M1;M2;M3;M4;M5;M6,sarcastic,sarcastic,sarcastic,sarcastic,sarcastic,sarcastic,21,110,True,False,False,0.0,-0.6705,rhetorical_question_candidate,
test-00216,5,people what are you doing with your life ? me you know socrates was killed because he asked too many questions,people what are you doing with your life ? me you know socrates was killed because he asked too many questions,6,M1;M2;M3;M4;M5;M6,sarcastic,sarcastic,sarcastic,sarcastic,sarcastic,sarcastic,21,110,True,False,False,0.0,-0.6705,rhetorical_question_candidate,
test-00063,2,i can totally wait till tomorrow,cant wait until tomorrow,6,M1;M2;M3;M4;M5;M6,sarcastic,sarcastic,sarcastic,sarcastic,sarcastic,sarcastic,6,32,False,False,False,0.0,0.0,flat_delivery_candidate;short_ambiguous_candidate,
test-00062,5,cas would be dead now if not for anna goddamn such freedom and for previous tweet too,cas would be dead now if not for anna goddamn such freedom and for previous tweet too,6,M1;M2;M3;M4;M5;M6,sarcastic,sarcastic,sarcastic,sarcastic,sarcastic,sarcastic,17,85,False,False,False,0.0,0.3515,flat_delivery_candidate;positive_surface_wording_candidate,
test-00062,3,cas wouldn t be dead now if for anna goddamn such cage and for previous tweet too,cas would be dead now if not for anna goddamn such freedom and for previous tweet too,6,M1;M2;M3;M4;M5;M6,sarcastic,sarcastic,sarcastic,sarcastic,sarcastic,sarcastic,17,81,False,False,False,0.0,-0.8126,flat_delivery_candidate,
test-00062,1,cas would be dead now if not for anna goddamn such freedom and for previous tweet too,cas would be dead now if not for anna goddamn such freedom and for previous tweet too,6,M1;M2;M3;M4;M5;M6,sarcastic,sarcastic,sarcastic,sarcastic,sarcastic,sarcastic,17,85,False,False,False,0.0,0.3515,flat_delivery_candidate;positive_surface_wording_candidate,
test-00217,4,you're creepy and i'm letting you know,he said i'm 20 and she is 16 but age is just a number me yeah jail is just a room,6,M1;M2;M3;M4;M5;M6,sarcastic,sarcastic,sarcastic,sarcastic,sarcastic,sarcastic,7,38,False,False,False,0.0,0.0,flat_delivery_candidate,
test-00060,1,don't take out thompson and curry while losing,cavs on a run take curry and thompson out,6,M1;M2;M3;M4;M5;M6,sarcastic,sarcastic,sarcastic,sarcastic,sarcastic,sarcastic,8,46,False,False,False,0.0,-0.3818,flat_delivery_candidate,
test-00222,1,should one pursue the idea or am i being ironic ?,should one pursue the idea or am i being ironic ?,6,M1;M2;M3;M4;M5;M6,sarcastic,sarcastic,sarcastic,sarcastic,sarcastic,sarcastic,11,49,True,False,False,0.0,-0.128,rhetorical_question_candidate,
test-00059,3,cavs vs warriors damn always thought i'd not see the day,cavs vs warriors wow never thought i'd see the day,6,M1;M2;M3;M4;M5;M6,sarcastic,sarcastic,sarcastic,sarcastic,sarcastic,sarcastic,11,56,False,False,False,0.0,-0.4019,flat_delivery_candidate,
test-00222,2,should one pursue the idea or am i being ironic ?,should one pursue the idea or am i being ironic ?,6,M1;M2;M3;M4;M5;M6,sarcastic,sarcastic,sarcastic,sarcastic,sarcastic,sarcastic,11,49,True,False,False,0.0,-0.128,rhetorical_question_candidate,
test-00222,3,should one pursue the idea or am i being ironic ?,should one pursue the idea or am i being ironic ?,6,M1;M2;M3;M4;M5;M6,sarcastic,sarcastic,sarcastic,sarcastic,sarcastic,sarcastic,11,49,True,False,False,0.0,-0.128,rhetorical_question_candidate,
test-00222,5,should one pursue the idea or am i being ironic ?,should one pursue the idea or am i being ironic ?,6,M1;M2;M3;M4;M5;M6,sarcastic,sarcastic,sarcastic,sarcastic,sarcastic,sarcastic,11,49,True,False,False,0.0,-0.128,rhetorical_question_candidate,
test-00216,1,people what are you doing with your life ? me you know socrates was killed because he asked too many questions,people what are you doing with your life ? me you know socrates was killed because he asked too many questions,6,M1;M2;M3;M4;M5;M6,sarcastic,sarcastic,sarcastic,sarcastic,sarcastic,sarcastic,21,110,True,False,False,0.0,-0.6705,rhetorical_question_candidate,
test-00225,4,i want you to think i'm an ass hat,please don't think i'm an ass hat,6,M1;M2;M3;M4;M5;M6,sarcastic,sarcastic,sarcastic,sarcastic,sarcastic,sarcastic,9,34,False,False,False,0.0,-0.4939,flat_delivery_candidate,
test-00226,1,lease intelligent people vote for trump,on the one where i said most intelligent oeople vote for trump,6,M1;M2;M3;M4;M5;M6,sarcastic,sarcastic,sarcastic,sarcastic,sarcastic,sarcastic,6,39,False,False,False,0.0,0.4588,flat_delivery_candidate;positive_surface_wording_candidate;short_ambiguous_candidate,
test-00055,1,chelsea is doing whip it's ? she'll be like demi moore soon enough,chelsea is doing whip it's ? she'll be like demi moore soon enough,6,M1;M2;M3;M4;M5;M6,sarcastic,sarcastic,sarcastic,sarcastic,sarcastic,sarcastic,13,66,True,False,False,0.0,0.3612,rhetorical_question_candidate;positive_surface_wording_candidate,
test-00226,4,trump supporters are dumb,on the one where i said most intelligent oeople vote for trump,6,M1;M2;M3;M4;M5;M6,sarcastic,sarcastic,sarcastic,sarcastic,sarcastic,sarcastic,4,25,False,False,False,0.0,-0.1027,flat_delivery_candidate;short_ambiguous_candidate,
test-00226,5,less intelligent people vote for trump,on the one where i said most intelligent oeople vote for trump,6,M1;M2;M3;M4;M5;M6,sarcastic,sarcastic,sarcastic,sarcastic,sarcastic,sarcastic,6,38,False,False,False,0.0,0.4033,flat_delivery_candidate;positive_surface_wording_candidate;short_ambiguous_candidate,
test-00227,1,much rage little brains many buthurts sigh,much rage little brains many buthurts sigh,6,M1;M2;M3;M4;M5;M6,sarcastic,sarcastic,sarcastic,sarcastic,sarcastic,sarcastic,7,42,False,False,False,0.0,-0.5423,flat_delivery_candidate,
test-00227,2,much rage little brains many buthurts sigh,much rage little brains many buthurts sigh,6,M1;M2;M3;M4;M5;M6,sarcastic,sarcastic,sarcastic,sarcastic,sarcastic,sarcastic,7,42,False,False,False,0.0,-0.5423,flat_delivery_candidate,
test-00227,3,much rage little brains many buthurts sigh,much rage little brains many buthurts sigh,6,M1;M2;M3;M4;M5;M6,sarcastic,sarcastic,sarcastic,sarcastic,sarcastic,sarcastic,7,42,False,False,False,0.0,-0.5423,flat_delivery_candidate,
test-00227,4,much rage little brains many buthurts sigh,much rage little brains many buthurts sigh,6,M1;M2;M3;M4;M5;M6,sarcastic,sarcastic,sarcastic,sarcastic,sarcastic,sarcastic,7,42,False,False,False,0.0,-0.5423,flat_delivery_candidate,
test-00227,5,much rage little brains many buthurts sigh,much rage little brains many buthurts sigh,6,M1;M2;M3;M4;M5;M6,sarcastic,sarcastic,sarcastic,sarcastic,sarcastic,sarcastic,7,42,False,False,False,0.0,-0.5423,flat_delivery_candidate,
test-00050,7,cleaning the bathroom sucks,cleaning the bathroom what joy i feel,6,M1;M2;M3;M4;M5;M6,sarcastic,sarcastic,sarcastic,sarcastic,sarcastic,sarcastic,4,27,False,False,False,0.0,-0.3612,flat_delivery_candidate;short_ambiguous_candidate,
test-00050,2,cleaning the bathroom sucks,cleaning the bathroom what joy i feel,6,M1;M2;M3;M4;M5;M6,sarcastic,sarcastic,sarcastic,sarcastic,sarcastic,sarcastic,4,27,False,False,False,0.0,-0.3612,flat_delivery_candidate;short_ambiguous_candidate,
test-00230,2,is like the electricity half of india still doesn't get it,is like the electricity half of india still doesn't get it,6,M1;M2;M3;M4;M5;M6,sarcastic,sarcastic,sarcastic,sarcastic,sarcastic,sarcastic,11,58,False,False,False,0.0,0.3612,flat_delivery_candidate;positive_surface_wording_candidate,
test-00049,5,cleaning with 1 yr old is so boring,cleaning with a 1 yr old is so fun,6,M1;M2;M3;M4;M5;M6,sarcastic,sarcastic,sarcastic,sarcastic,sarcastic,sarcastic,8,35,False,False,False,0.0,-0.4572,flat_delivery_candidate,
test-00064,3,can wait for entire life to see my dad's cousin that uninvited herself to my party tomorrow,can't wait to see my dad's cousin that invited herself to my party tomorrow,6,M1;M2;M3;M4;M5;M6,sarcastic,sarcastic,sarcastic,sarcastic,sarcastic,sarcastic,17,91,False,False,False,0.0,0.4019,flat_delivery_candidate;positive_surface_wording_candidate,
test-00065,1,now everyone will try to rip off people over muhammad ali signed stuff please honour his legacy w respect,can't wait to see everyone trying to rip off people over muhammad ali signed stuff please honour his legacy w respect,6,M1;M2;M3;M4;M5;M6,sarcastic,sarcastic,sarcastic,sarcastic,sarcastic,sarcastic,19,105,False,False,False,0.0,0.8442,flat_delivery_candidate;positive_surface_wording_candidate,
test-00076,3,do not call me when you need me okay ?,call me when you need me okay ?,6,M1;M2;M3;M4;M5;M6,sarcastic,sarcastic,sarcastic,sarcastic,sarcastic,sarcastic,10,38,True,False,False,0.0,0.2263,rhetorical_question_candidate,
test-00070,9,i wish i had a rich dad,can't wait for father's day to honor all fathers who really took spare the rod spoil the child to heart,6,M1;M2;M3;M4;M5;M6,sarcastic,sarcastic,sarcastic,sarcastic,sarcastic,sarcastic,7,23,False,False,False,0.0,0.743,flat_delivery_candidate;positive_surface_wording_candidate,
test-00076,1,don t call me when you need me,call me when you need me okay ?,6,M1;M2;M3;M4;M5;M6,sarcastic,sarcastic,sarcastic,sarcastic,sarcastic,sarcastic,8,30,False,False,False,0.0,0.0,flat_delivery_candidate,
test-00075,5,calls getting ignored lol don't that mean you doing some good,calls getting ignored lol don't that mean you doing some good,6,M1;M2;M3;M4;M5;M6,sarcastic,sarcastic,sarcastic,sarcastic,sarcastic,sarcastic,11,61,False,False,False,0.0,0.5267,flat_delivery_candidate;positive_surface_wording_candidate,
test-00075,3,calls not getting ignored lol do that mean you doing some bad,calls getting ignored lol don't that mean you doing some good,6,M1;M2;M3;M4;M5;M6,sarcastic,sarcastic,sarcastic,sarcastic,sarcastic,sarcastic,12,61,False,False,False,0.0,-0.5954,flat_delivery_candidate,
test-00075,1,if your calls are ignored you are not doing well,calls getting ignored lol don't that mean you doing some good,6,M1;M2;M3;M4;M5;M6,sarcastic,sarcastic,sarcastic,sarcastic,sarcastic,sarcastic,10,48,False,False,False,0.0,-0.4791,flat_delivery_candidate,
test-00074,3,can this week get any worst ?,can this week get any better ?,6,M1;M2;M3;M4;M5;M6,sarcastic,sarcastic,sarcastic,sarcastic,sarcastic,sarcastic,7,29,True,False,False,0.0,-0.6249,rhetorical_question_candidate,
test-00073,4,racists make everything worse,can we send the racists to africa amp they have help make africa great again lt for realz,6,M1;M2;M3;M4;M5;M6,sarcastic,sarcastic,sarcastic,sarcastic,sarcastic,sarcastic,4,29,False,False,False,0.0,-0.765,flat_delivery_candidate;short_ambiguous_candidate,
test-00073,3,can t we send the racists to africa amp they have not help make africa great again lt for realz,can we send the racists to africa amp they have help make africa great again lt for realz,6,M1;M2;M3;M4;M5;M6,sarcastic,sarcastic,sarcastic,sarcastic,sarcastic,sarcastic,20,95,False,False,False,0.0,-0.1675,flat_delivery_candidate,
test-00209,1,boo 135 hours of work tonight,135 hours of work tonight yay,6,M1;M2;M3;M4;M5;M6,sarcastic,sarcastic,sarcastic,sarcastic,sarcastic,sarcastic,6,29,False,False,False,0.0,0.0,flat_delivery_candidate;short_ambiguous_candidate,
test-00072,3,can you imagine if lebron had no help ?,can you imagine if lebron had help ?,6,M1;M2;M3;M4;M5;M6,sarcastic,sarcastic,sarcastic,sarcastic,sarcastic,sarcastic,9,39,True,False,False,0.0,0.128,rhetorical_question_candidate,
test-00209,2,135 hours of work tonight bummer,135 hours of work tonight yay,6,M1;M2;M3;M4;M5;M6,sarcastic,sarcastic,sarcastic,sarcastic,sarcastic,sarcastic,6,32,False,False,False,0.0,-0.3818,flat_delivery_candidate;short_ambiguous_candidate,
test-00209,3,135 hours of work tonight bummer,135 hours of work tonight yay,6,M1;M2;M3;M4;M5;M6,sarcastic,sarcastic,sarcastic,sarcastic,sarcastic,sarcastic,6,32,False,False,False,0.0,-0.3818,flat_delivery_candidate;short_ambiguous_candidate,
test-00071,5,stop singing you are driving me crazy,can you please refrain from singing ? this is a work place not a singing competition,6,M1;M2;M3;M4;M5;M6,sarcastic,sarcastic,sarcastic,sarcastic,sarcastic,sarcastic,7,37,False,False,False,0.0,-0.5574,flat_delivery_candidate,
test-00071,3,can you please persist from singing ? this is not a work place a singing competition,can you please refrain from singing ? this is a work place not a singing competition,6,M1;M2;M3;M4;M5;M6,sarcastic,sarcastic,sarcastic,sarcastic,sarcastic,sarcastic,16,84,True,False,False,0.0,0.3182,rhetorical_question_candidate;positive_surface_wording_candidate,
test-00210,1,1 hit yankee wins suck,1 hit yankee wins are the best wins,6,M1;M2;M3;M4;M5;M6,sarcastic,sarcastic,sarcastic,sarcastic,sarcastic,sarcastic,5,22,False,False,False,0.0,0.2023,flat_delivery_candidate;short_ambiguous_candidate,
test-00211,1,spx if you guys want to fend off a new ath then you better bet the farm and your kid's college funds on stopping 21165,spx if you guys want to fend off a new ath then you better bet the farm and your kid's college funds on stopping 21165,6,M1;M2;M3;M4;M5;M6,sarcastic,sarcastic,sarcastic,sarcastic,sarcastic,sarcastic,25,118,False,False,False,0.0,0.3818,flat_delivery_candidate;positive_surface_wording_candidate;long_context_dependent_candidate,
test-00215,5,awake cause it sounds like there's a fucking demon in my house totally planned on dying before ben goes out to dinner tonight,awake cause it sounds like there's a fucking demon in my house totally planned on dying before ben goes out to dinner tonight,6,M1;M2;M3;M4;M5;M6,sarcastic,sarcastic,sarcastic,sarcastic,sarcastic,sarcastic,23,125,False,False,False,0.0,0.3612,flat_delivery_candidate;positive_surface_wording_candidate,
test-00211,2,spx if you guys want to fend off a new ath then you better bet the farm and your kid's college funds on stopping 21165,spx if you guys want to fend off a new ath then you better bet the farm and your kid's college funds on stopping 21165,6,M1;M2;M3;M4;M5;M6,sarcastic,sarcastic,sarcastic,sarcastic,sarcastic,sarcastic,25,118,False,False,False,0.0,0.3818,flat_delivery_candidate;positive_surface_wording_candidate;long_context_dependent_candidate,
test-00211,3,spx if you guys want to fend off a new ath then you better bet the farm and your kid's college funds on stopping 21165,spx if you guys want to fend off a new ath then you better bet the farm and your kid's college funds on stopping 21165,6,M1;M2;M3;M4;M5;M6,sarcastic,sarcastic,sarcastic,sarcastic,sarcastic,sarcastic,25,118,False,False,False,0.0,0.3818,flat_delivery_candidate;positive_surface_wording_candidate;long_context_dependent_candidate,
test-00211,4,spx if you guys want to fend off a new ath then you better bet the farm and your kid's college funds on stopping 21165,spx if you guys want to fend off a new ath then you better bet the farm and your kid's college funds on stopping 21165,6,M1;M2;M3;M4;M5;M6,sarcastic,sarcastic,sarcastic,sarcastic,sarcastic,sarcastic,25,118,False,False,False,0.0,0.3818,flat_delivery_candidate;positive_surface_wording_candidate;long_context_dependent_candidate,
test-00211,5,spx if you guys want to fend off a new ath then you better bet the farm and your kid's college funds on stopping 21165,spx if you guys want to fend off a new ath then you better bet the farm and your kid's college funds on stopping 21165,6,M1;M2;M3;M4;M5;M6,sarcastic,sarcastic,sarcastic,sarcastic,sarcastic,sarcastic,25,118,False,False,False,0.0,0.3818,flat_delivery_candidate;positive_surface_wording_candidate;long_context_dependent_candidate,
test-00067,3,not excited to go into work so all my coworkers can t talk shit to me about game 7,can't wait to go into work so all my coworkers can talk shit to me about game 7,6,M1;M2;M3;M4;M5;M6,sarcastic,sarcastic,sarcastic,sarcastic,sarcastic,sarcastic,19,82,False,False,False,0.0,-0.6844,flat_delivery_candidate,
test-00213,1,sometimes it just feels like only in movies that your crush will fall in love with you too,sometimes it just feels like only in movies that your crush will fall in love with you too,6,M1;M2;M3;M4;M5;M6,sarcastic,sarcastic,sarcastic,sarcastic,sarcastic,sarcastic,18,90,False,False,False,0.0,0.7269,flat_delivery_candidate;positive_surface_wording_candidate,
test-00066,3,not excited to hear yinzers talk about crosby amp malkin fragrancing for the next two days,can't wait to hear yinzers talk about crosby amp malkin stinking for the next two days,6,M1;M2;M3;M4;M5;M6,sarcastic,sarcastic,sarcastic,sarcastic,sarcastic,sarcastic,16,90,False,False,False,0.0,-0.2584,flat_delivery_candidate,
test-00213,2,sometimes it just feels like only in movies that your crush will fall in love with you too,sometimes it just feels like only in movies that your crush will fall in love with you too,6,M1;M2;M3;M4;M5;M6,sarcastic,sarcastic,sarcastic,sarcastic,sarcastic,sarcastic,18,90,False,False,False,0.0,0.7269,flat_delivery_candidate;positive_surface_wording_candidate,
test-00066,1,i don't want to hear yinzers talk about crosby amp malkin stinking for the next two days,can't wait to hear yinzers talk about crosby amp malkin stinking for the next two days,6,M1;M2;M3;M4;M5;M6,sarcastic,sarcastic,sarcastic,sarcastic,sarcastic,sarcastic,17,88,False,False,False,0.0,-0.5606,flat_delivery_candidate,
test-00213,3,sometimes it just doesn t feel like only in movies that your crush won't fall in love with you too,sometimes it just feels like only in movies that your crush will fall in love with you too,6,M1;M2;M3;M4;M5;M6,sarcastic,sarcastic,sarcastic,sarcastic,sarcastic,sarcastic,20,98,False,False,False,0.0,-0.3544,flat_delivery_candidate,
test-00215,1,awake cause it sounds like there's a fucking demon in my house totally didn't plan on dying before ben goes out to dinner tonight,awake cause it sounds like there's a fucking demon in my house totally planned on dying before ben goes out to dinner tonight,6,M1;M2;M3;M4;M5;M6,sarcastic,sarcastic,sarcastic,sarcastic,sarcastic,sarcastic,24,129,False,False,False,0.0,0.3612,flat_delivery_candidate;positive_surface_wording_candidate,
test-00065,6,now everyone will try to rip off people over muhammad ali signed stuff please honour his legacy w respect,can't wait to see everyone trying to rip off people over muhammad ali signed stuff please honour his legacy w respect,6,M1;M2;M3;M4;M5;M6,sarcastic,sarcastic,sarcastic,sarcastic,sarcastic,sarcastic,19,105,False,False,False,0.0,0.8442,flat_delivery_candidate;positive_surface_wording_candidate,
test-00215,2,awake cause it sounds like there's a fucking demon in my house i'm scared don't want to die before ben goes out to dinner tonight,awake cause it sounds like there's a fucking demon in my house totally planned on dying before ben goes out to dinner tonight,6,M1;M2;M3;M4;M5;M6,sarcastic,sarcastic,sarcastic,sarcastic,sarcastic,sarcastic,25,129,False,False,False,0.0,0.3662,flat_delivery_candidate;positive_surface_wording_candidate;long_context_dependent_candidate,
test-00215,3,asleep cause it sounds like there's a fucking demon in my house totally unplanned on dying before ben goes out to dinner tonight,awake cause it sounds like there's a fucking demon in my house totally planned on dying before ben goes out to dinner tonight,6,M1;M2;M3;M4;M5;M6,sarcastic,sarcastic,sarcastic,sarcastic,sarcastic,sarcastic,23,128,False,False,False,0.0,0.3612,flat_delivery_candidate;positive_surface_wording_candidate,
test-00195,4,645 worst time to wake up on a saturday,645 my favourite time to wake up on a saturday,6,M1;M2;M3;M4;M5;M6,sarcastic,sarcastic,sarcastic,sarcastic,sarcastic,sarcastic,9,39,False,False,False,0.0,-0.6249,flat_delivery_candidate,
test-00097,3,bless elizabeth proctor she's honestly an annoying woman ha,bless elizabeth proctor she's honestly a great woman ha,6,M1;M2;M3;M4;M5;M6,sarcastic,sarcastic,sarcastic,sarcastic,sarcastic,sarcastic,9,59,False,False,False,0.0,0.6705,flat_delivery_candidate;positive_surface_wording_candidate,
test-00097,4,bless elizabeth proctor she's honestly a terrible woman ha,bless elizabeth proctor she's honestly a great woman ha,6,M1;M2;M3;M4;M5;M6,sarcastic,sarcastic,sarcastic,sarcastic,sarcastic,sarcastic,9,58,False,False,False,0.0,0.6249,flat_delivery_candidate;positive_surface_wording_candidate,
test-00173,2,banning guns wouldn't have prevented a crazy person,ah yes no way this psycho would have committed this crime if guns were illegal banning guns definitely would've prevented this,6,M1;M2;M3;M4;M5;M6,sarcastic,sarcastic,sarcastic,sarcastic,sarcastic,sarcastic,8,51,False,False,False,0.0,0.2411,flat_delivery_candidate,
test-00144,5,we really need to get the guns banned,another shooting ? yeah we totally need to make guns easier for people to get,6,M1;M2;M3;M4;M5;M6,sarcastic,sarcastic,sarcastic,sarcastic,sarcastic,sarcastic,8,37,False,False,False,0.0,-0.4588,flat_delivery_candidate,
test-00143,3,another summer weekend that's not a blast,another summer weekend that's a blast,6,M1;M2;M3;M4;M5;M6,sarcastic,sarcastic,sarcastic,sarcastic,sarcastic,sarcastic,7,41,False,False,False,0.0,0.0,flat_delivery_candidate,
test-00143,2,another summer weekend that's going to be boring,another summer weekend that's a blast,6,M1;M2;M3;M4;M5;M6,sarcastic,sarcastic,sarcastic,sarcastic,sarcastic,sarcastic,8,48,False,False,False,0.0,-0.3182,flat_delivery_candidate,
test-00142,5,anyway y'all carry on back to roots cause that's making me feel even worse,anyway y'all carry on back to roots cause that's making me feel even better,6,M1;M2;M3;M4;M5;M6,sarcastic,sarcastic,sarcastic,sarcastic,sarcastic,sarcastic,14,74,False,False,False,0.0,-0.4767,flat_delivery_candidate,
test-00169,4,the real world blows,ain't it fun ? living in the real world ?,6,M1;M2;M3;M4;M5;M6,sarcastic,sarcastic,sarcastic,sarcastic,sarcastic,sarcastic,4,20,False,False,False,0.0,0.0,flat_delivery_candidate;short_ambiguous_candidate,
test-00142,3,anyway y'all carry on back to roots cause that's making me feel even more annoying,anyway y'all carry on back to roots cause that's making me feel even better,6,M1;M2;M3;M4;M5;M6,sarcastic,sarcastic,sarcastic,sarcastic,sarcastic,sarcastic,15,82,False,False,False,0.0,-0.4576,flat_delivery_candidate,
test-00169,5,it's so boring living in the real world,ain't it fun ? living in the real world ?,6,M1;M2;M3;M4;M5;M6,sarcastic,sarcastic,sarcastic,sarcastic,sarcastic,sarcastic,8,39,False,False,False,0.0,-0.3804,flat_delivery_candidate,
test-00141,5,i have looked back at my ex's and said to myself i sure never knew how to pick em,i have looked back at my ex's and said to myself i sure know how to pick em smdh,6,M1;M2;M3;M4;M5;M6,sarcastic,sarcastic,sarcastic,sarcastic,sarcastic,sarcastic,19,81,False,False,False,0.0,0.3182,flat_delivery_candidate;positive_surface_wording_candidate,
test-00141,3,i have looked back at my ex's and said to myself i sure don't know how to pick em smdh,i have looked back at my ex's and said to myself i sure know how to pick em smdh,6,M1;M2;M3;M4;M5;M6,sarcastic,sarcastic,sarcastic,sarcastic,sarcastic,sarcastic,20,86,False,False,False,0.0,0.3182,flat_delivery_candidate;positive_surface_wording_candidate,
test-00171,3,ahh the annoying sound of ' zero cares given ' by others,ahh the sweet sound of ' zero cares given ' by others,6,M1;M2;M3;M4;M5;M6,sarcastic,sarcastic,sarcastic,sarcastic,sarcastic,sarcastic,12,56,False,False,False,0.0,0.0772,flat_delivery_candidate,
test-00172,3,ah even united healthcare is perpetuating the dumb male stereotype in their commercials now so uncool,ah even united healthcare is perpetuating the dumb male stereotype in their commercials now so cool,6,M1;M2;M3;M4;M5;M6,sarcastic,sarcastic,sarcastic,sarcastic,sarcastic,sarcastic,16,101,False,False,False,0.0,-0.4215,flat_delivery_candidate,
test-00140,1,supernatural is boring,aot may or may not have killed more people so far than supernatural has,6,M1;M2;M3;M4;M5;M6,sarcastic,sarcastic,sarcastic,sarcastic,sarcastic,sarcastic,3,22,False,False,False,0.0,-0.3182,flat_delivery_candidate;short_ambiguous_candidate,
test-00172,4,ah even united healthcare is perpetuating the dumb male stereotype in their commercials now so annoying,ah even united healthcare is perpetuating the dumb male stereotype in their commercials now so cool,6,M1;M2;M3;M4;M5;M6,sarcastic,sarcastic,sarcastic,sarcastic,sarcastic,sarcastic,16,103,False,False,False,0.0,-0.7424,flat_delivery_candidate,
test-00172,5,ah even united healthcare is perpetuating the dumb male stereotype in their commercials now so annoying,ah even united healthcare is perpetuating the dumb male stereotype in their commercials now so cool,6,M1;M2;M3;M4;M5;M6,sarcastic,sarcastic,sarcastic,sarcastic,sarcastic,sarcastic,16,103,False,False,False,0.0,-0.7424,flat_delivery_candidate,
test-00137,5,you are just so imperfect,aren't you just so darn perfect ?,6,M1;M2;M3;M4;M5;M6,sarcastic,sarcastic,sarcastic,sarcastic,sarcastic,sarcastic,5,25,False,False,False,0.0,-0.4572,flat_delivery_candidate;short_ambiguous_candidate,
test-00168,7,the world is a giant turd,aint that much shit in the world,6,M1;M2;M3;M4;M5;M6,sarcastic,sarcastic,sarcastic,sarcastic,sarcastic,sarcastic,6,25,False,False,False,0.0,0.0,flat_delivery_candidate;short_ambiguous_candidate,
test-00137,4,you're no prize either,aren't you just so darn perfect ?,6,M1;M2;M3;M4;M5;M6,sarcastic,sarcastic,sarcastic,sarcastic,sarcastic,sarcastic,4,22,False,False,False,0.0,0.2732,flat_delivery_candidate;short_ambiguous_candidate,
test-00137,3,you are just so darn perfect ?,aren't you just so darn perfect ?,6,M1;M2;M3;M4;M5;M6,sarcastic,sarcastic,sarcastic,sarcastic,sarcastic,sarcastic,7,30,True,False,False,0.0,0.6096,rhetorical_question_candidate;positive_surface_wording_candidate,
test-00174,3,stupid people still haven't understood what gmos are,ah yes good to see that people are still misunderstanding what gmos are,6,M1;M2;M3;M4;M5;M6,sarcastic,sarcastic,sarcastic,sarcastic,sarcastic,sarcastic,8,52,False,False,False,0.0,-0.5267,flat_delivery_candidate,
test-00177,2,i'm soooo not excited for another leg day,after being sick i'm making my return to working out this wednesday i'm sooo excited for another leg day,6,M1;M2;M3;M4;M5;M6,sarcastic,sarcastic,sarcastic,sarcastic,sarcastic,sarcastic,8,41,False,False,False,0.0,-0.2584,flat_delivery_candidate,
test-00134,5,as sure af this world doesn't need a lot more super skinny models who look like a 12 yo kiddo,as sure af this world needs a lot more super skinny models who look like a 12 yo kiddo if you don't get it btw,6,M1;M2;M3;M4;M5;M6,sarcastic,sarcastic,sarcastic,sarcastic,sarcastic,sarcastic,20,93,False,False,False,0.0,0.8399,flat_delivery_candidate;positive_surface_wording_candidate,
test-00134,4,i hate super skinny people,as sure af this world needs a lot more super skinny models who look like a 12 yo kiddo if you don't get it btw,6,M1;M2;M3;M4;M5;M6,sarcastic,sarcastic,sarcastic,sarcastic,sarcastic,sarcastic,5,26,False,False,False,0.0,0.0516,flat_delivery_candidate;short_ambiguous_candidate,
test-00134,3,as sure af this world doesn't need a lot more super skinny models who look like a 12 yo kiddo,as sure af this world needs a lot more super skinny models who look like a 12 yo kiddo if you don't get it btw,6,M1;M2;M3;M4;M5;M6,sarcastic,sarcastic,sarcastic,sarcastic,sarcastic,sarcastic,20,93,False,False,False,0.0,0.8399,flat_delivery_candidate;positive_surface_wording_candidate,
test-00134,2,the world doesn't need more super skinny people that looked 12,as sure af this world needs a lot more super skinny models who look like a 12 yo kiddo if you don't get it btw,6,M1;M2;M3;M4;M5;M6,sarcastic,sarcastic,sarcastic,sarcastic,sarcastic,sarcastic,11,62,False,False,False,0.0,-0.5208,flat_delivery_candidate,
test-00134,1,we don't need more skinny models,as sure af this world needs a lot more super skinny models who look like a 12 yo kiddo if you don't get it btw,6,M1;M2;M3;M4;M5;M6,sarcastic,sarcastic,sarcastic,sarcastic,sarcastic,sarcastic,6,32,False,False,False,0.0,0.0,flat_delivery_candidate;short_ambiguous_candidate,
test-00133,4,look how funny my kid is,asked my wife what time it was as i was waking up and our toddler scolded it's not time for sleep already,6,M1;M2;M3;M4;M5;M6,sarcastic,sarcastic,sarcastic,sarcastic,sarcastic,sarcastic,6,24,False,False,False,0.0,0.4404,flat_delivery_candidate;positive_surface_wording_candidate;short_ambiguous_candidate,
test-00179,1,absolutely hate how much doublespeak is littering the world,absolutely love how much doublespeak is littering the world,6,M1;M2;M3;M4;M5;M6,sarcastic,sarcastic,sarcastic,sarcastic,sarcastic,sarcastic,9,59,False,False,False,0.0,-0.6115,flat_delivery_candidate,
test-00179,3,absolutely hate how much doublespeak is littering the world,absolutely love how much doublespeak is littering the world,6,M1;M2;M3;M4;M5;M6,sarcastic,sarcastic,sarcastic,sarcastic,sarcastic,sarcastic,9,59,False,False,False,0.0,-0.6115,flat_delivery_candidate,
test-00179,4,absolutely hate how much doublespeak is littering the world,absolutely love how much doublespeak is littering the world,6,M1;M2;M3;M4;M5;M6,sarcastic,sarcastic,sarcastic,sarcastic,sarcastic,sarcastic,9,59,False,False,False,0.0,-0.6115,flat_delivery_candidate,
test-00179,5,absolutely annoyed with how much doublespeak is littering the world,absolutely love how much doublespeak is littering the world,6,M1;M2;M3;M4;M5;M6,sarcastic,sarcastic,sarcastic,sarcastic,sarcastic,sarcastic,10,67,False,False,False,0.0,-0.4391,flat_delivery_candidate,
test-00145,3,another night of work oh the annoying peak,another night of work oh the joy,6,M1;M2;M3;M4;M5;M6,sarcastic,sarcastic,sarcastic,sarcastic,sarcastic,sarcastic,8,42,False,False,False,0.0,-0.4019,flat_delivery_candidate,
test-00168,6,aint that much shit in the world,aint that much shit in the world,6,M1;M2;M3;M4;M5;M6,sarcastic,sarcastic,sarcastic,sarcastic,sarcastic,sarcastic,7,32,False,False,False,0.0,0.4449,flat_delivery_candidate;positive_surface_wording_candidate,
test-00129,5,at the crazy christian dentist's for my cleaning date with the erin andrews clone annoyed,at the crazy christian dentist's for my cleaning date with the erin andrews clone yay,6,M1;M2;M3;M4;M5;M6,sarcastic,sarcastic,sarcastic,sarcastic,sarcastic,sarcastic,15,89,False,False,False,0.0,-0.6124,flat_delivery_candidate,
test-00166,2,alison pearson is a piece of human garbage,alison pearson what a splendid human being,6,M1;M2;M3;M4;M5;M6,sarcastic,sarcastic,sarcastic,sarcastic,sarcastic,sarcastic,8,42,False,False,False,0.0,0.0,flat_delivery_candidate,
test-00159,5,alright it's just gonna take a few more years for brad stevens to get to iu,alright it's just gonna take a few more years for brad stevens to get to iu,6,M1;M2;M3;M4;M5;M6,sarcastic,sarcastic,sarcastic,sarcastic,sarcastic,sarcastic,16,75,False,False,False,0.0,0.25,flat_delivery_candidate,
test-00163,1,i don't want you if you are following those sluts,all those sluts you follow really makes me want you,6,M1;M2;M3;M4;M5;M6,sarcastic,sarcastic,sarcastic,sarcastic,sarcastic,sarcastic,10,49,False,False,False,0.0,-0.6023,flat_delivery_candidate,
test-00163,2,the women you follow make you unattractive,all those sluts you follow really makes me want you,6,M1;M2;M3;M4;M5;M6,sarcastic,sarcastic,sarcastic,sarcastic,sarcastic,sarcastic,7,42,False,False,False,0.0,-0.4404,flat_delivery_candidate,
test-00163,3,all those sluts you unfollow really makes me kick you,all those sluts you follow really makes me want you,6,M1;M2;M3;M4;M5;M6,sarcastic,sarcastic,sarcastic,sarcastic,sarcastic,sarcastic,10,53,False,False,False,0.0,-0.5719,flat_delivery_candidate,
test-00163,4,all those sluts you follow don't makes me want you,all those sluts you follow really makes me want you,6,M1;M2;M3;M4;M5;M6,sarcastic,sarcastic,sarcastic,sarcastic,sarcastic,sarcastic,10,50,False,False,False,0.0,-0.6023,flat_delivery_candidate,
test-00158,8,alright all the bulls can rally on the fact that a poor jobs number is temporarily going to fast the fed from raising rates,alright all the bulls can rally on the fact that a poor jobs number is temporarily going to slow the fed from raising rates spy,6,M1;M2;M3;M4;M5;M6,sarcastic,sarcastic,sarcastic,sarcastic,sarcastic,sarcastic,24,123,False,False,False,0.0,-0.2023,flat_delivery_candidate,
test-00163,5,all those sluts you follow really makes me hate you,all those sluts you follow really makes me want you,6,M1;M2;M3;M4;M5;M6,sarcastic,sarcastic,sarcastic,sarcastic,sarcastic,sarcastic,10,51,False,False,False,0.0,-0.8255,flat_delivery_candidate,
test-00164,1,all that blood was great,all that blood that was lost on that high sticking is such a tragedy,6,M1;M2;M3;M4;M5;M6,sarcastic,sarcastic,sarcastic,sarcastic,sarcastic,sarcastic,5,24,False,False,False,0.0,0.6249,flat_delivery_candidate;positive_surface_wording_candidate;short_ambiguous_candidate,
test-00157,5,also gotta move a piano as well annoyed,also gotta move a piano as well joy,6,M1;M2;M3;M4;M5;M6,sarcastic,sarcastic,sarcastic,sarcastic,sarcastic,sarcastic,8,39,False,False,False,0.0,-0.128,flat_delivery_candidate,
test-00157,3,also gotta move a piano as well sad,also gotta move a piano as well joy,6,M1;M2;M3;M4;M5;M6,sarcastic,sarcastic,sarcastic,sarcastic,sarcastic,sarcastic,8,35,False,False,False,0.0,-0.25,flat_delivery_candidate,
test-00156,3,also surely change yordano ventura its not good for you to be a hothead,also don't change yordano ventura being a hothead has done well for you,6,M1;M2;M3;M4;M5;M6,sarcastic,sarcastic,sarcastic,sarcastic,sarcastic,sarcastic,14,71,False,False,False,0.0,0.1265,flat_delivery_candidate,
test-00156,2,being a hothead doesn't work for you vetura,also don't change yordano ventura being a hothead has done well for you,6,M1;M2;M3;M4;M5;M6,sarcastic,sarcastic,sarcastic,sarcastic,sarcastic,sarcastic,8,43,False,False,False,0.0,0.0,flat_delivery_candidate,
test-00155,4,people say be yourself but never take their own advice,always be yourself except during job interviews the first couple months of relationships or any type of social interaction,6,M1;M2;M3;M4;M5;M6,sarcastic,sarcastic,sarcastic,sarcastic,sarcastic,sarcastic,10,54,False,False,False,0.0,0.0,flat_delivery_candidate,
test-00154,4,not comforting to hear three gunshots go off in your area,always comforting when you hear three gunshots go off in your area,6,M1;M2;M3;M4;M5;M6,sarcastic,sarcastic,sarcastic,sarcastic,sarcastic,sarcastic,11,57,False,False,False,0.0,-0.3089,flat_delivery_candidate,
test-00152,5,anadita patel you moron i too dont know anything about the person rip muhammad ali but i no try to show off my intelligence,anadita patel you moron i too dont know anything about the person rip muhammad ali but i no try to show off my intelligence,6,M1;M2;M3;M4;M5;M6,sarcastic,sarcastic,sarcastic,sarcastic,sarcastic,sarcastic,24,123,False,False,False,0.0,0.0644,flat_delivery_candidate,
test-00168,2,the world is a giant turd,aint that much shit in the world,6,M1;M2;M3;M4;M5;M6,sarcastic,sarcastic,sarcastic,sarcastic,sarcastic,sarcastic,6,25,False,False,False,0.0,0.0,flat_delivery_candidate;short_ambiguous_candidate,
test-00152,3,anadita patel you moron i too dont know anything about the person rip muhammad ali but i no try to show off my intelligence,anadita patel you moron i too dont know anything about the person rip muhammad ali but i no try to show off my intelligence,6,M1;M2;M3;M4;M5;M6,sarcastic,sarcastic,sarcastic,sarcastic,sarcastic,sarcastic,24,123,False,False,False,0.0,0.0644,flat_delivery_candidate,
test-00152,1,anadita patel you moron i too dont know anything about the person rip muhammad ali but i no try to show off my intelligence,anadita patel you moron i too dont know anything about the person rip muhammad ali but i no try to show off my intelligence,6,M1;M2;M3;M4;M5;M6,sarcastic,sarcastic,sarcastic,sarcastic,sarcastic,sarcastic,24,123,False,False,False,0.0,0.0644,flat_delivery_candidate,
test-00167,2,these things are horrible and make you hate existence,alcohol free gluten free dairy free predominantly meat free loving life,6,M1;M2;M3;M4;M5;M6,sarcastic,sarcastic,sarcastic,sarcastic,sarcastic,sarcastic,9,53,False,False,False,0.0,-0.802,flat_delivery_candidate,
test-00167,3,alcohol free gluten free dairy free predominantly meat free hating life,alcohol free gluten free dairy free predominantly meat free loving life,6,M1;M2;M3;M4;M5;M6,sarcastic,sarcastic,sarcastic,sarcastic,sarcastic,sarcastic,11,71,False,False,False,0.0,0.872,flat_delivery_candidate;positive_surface_wording_candidate,
test-00167,4,alcohol free gluten free dairy free predominantly meat free hate life,alcohol free gluten free dairy free predominantly meat free loving life,6,M1;M2;M3;M4;M5;M6,sarcastic,sarcastic,sarcastic,sarcastic,sarcastic,sarcastic,11,69,False,False,False,0.0,0.8591,flat_delivery_candidate;positive_surface_wording_candidate,
test-00150,5,another chapter in a long book of total nhs incompetence at peterborough city hospital it sucks,another chapter in a long book of total nhs incompetence at peterborough city hospital you absolute stars,6,M1;M2;M3;M4;M5;M6,sarcastic,sarcastic,sarcastic,sarcastic,sarcastic,sarcastic,16,95,False,False,False,0.0,-0.7003,flat_delivery_candidate,
test-00150,3,another chapter in a short book of total nhs incompetence at peterborough city hospital you aren t absolute stars,another chapter in a long book of total nhs incompetence at peterborough city hospital you absolute stars,6,M1;M2;M3;M4;M5;M6,sarcastic,sarcastic,sarcastic,sarcastic,sarcastic,sarcastic,19,113,False,False,False,0.0,-0.5106,flat_delivery_candidate,
test-00150,2,another chapter in a long book of total nhs incompetence at peterborough city hospital you absolute stars,another chapter in a long book of total nhs incompetence at peterborough city hospital you absolute stars,6,M1;M2;M3;M4;M5;M6,sarcastic,sarcastic,sarcastic,sarcastic,sarcastic,sarcastic,17,105,False,False,False,0.0,-0.5106,flat_delivery_candidate,
test-00150,1,another chapter in a long book of total nhs incompetence at peterborough city hospital you suck,another chapter in a long book of total nhs incompetence at peterborough city hospital you absolute stars,6,M1;M2;M3;M4;M5;M6,sarcastic,sarcastic,sarcastic,sarcastic,sarcastic,sarcastic,16,95,False,False,False,0.0,-0.7351,flat_delivery_candidate,
test-00167,7,these things are horrible and make you hate existence,alcohol free gluten free dairy free predominantly meat free loving life,6,M1;M2;M3;M4;M5;M6,sarcastic,sarcastic,sarcastic,sarcastic,sarcastic,sarcastic,9,53,False,False,False,0.0,-0.802,flat_delivery_candidate,
test-00167,8,alcohol free gluten free dairy free predominantly meat free hating life,alcohol free gluten free dairy free predominantly meat free loving life,6,M1;M2;M3;M4;M5;M6,sarcastic,sarcastic,sarcastic,sarcastic,sarcastic,sarcastic,11,71,False,False,False,0.0,0.872,flat_delivery_candidate;positive_surface_wording_candidate,
test-00167,9,alcohol free gluten free dairy free predominantly meat free hate life,alcohol free gluten free dairy free predominantly meat free loving life,6,M1;M2;M3;M4;M5;M6,sarcastic,sarcastic,sarcastic,sarcastic,sarcastic,sarcastic,11,69,False,False,False,0.0,0.8591,flat_delivery_candidate;positive_surface_wording_candidate,
test-00168,1,aint that much shit in the world,aint that much shit in the world,6,M1;M2;M3;M4;M5;M6,sarcastic,sarcastic,sarcastic,sarcastic,sarcastic,sarcastic,7,32,False,False,False,0.0,0.4449,flat_delivery_candidate;positive_surface_wording_candidate,
test-00147,2,we don't need another injured angels starter we have enough,another injured angels starter would be fantastic,6,M1;M2;M3;M4;M5;M6,sarcastic,sarcastic,sarcastic,sarcastic,sarcastic,sarcastic,10,59,False,False,False,0.0,0.3089,flat_delivery_candidate;positive_surface_wording_candidate,
test-00001,2,awesome an excuse to sit on the couch all day,due to the large blister on the bottom of my right foot i guess i'm stuck on the couch tomorrow that sucks,6,M1;M2;M3;M4;M5;M6,sarcastic,sarcastic,sarcastic,sarcastic,sarcastic,sarcastic,10,45,False,False,False,0.0,0.6597,flat_delivery_candidate;positive_surface_wording_candidate,
test-00129,3,at the boring christian dentist's for my cleaning date with the erin andrews clone damn,at the crazy christian dentist's for my cleaning date with the erin andrews clone yay,6,M1;M2;M3;M4;M5;M6,sarcastic,sarcastic,sarcastic,sarcastic,sarcastic,sarcastic,15,87,False,False,False,0.0,-0.6124,flat_delivery_candidate,
test-00098,3,blegh my car doesn t need a new engine but my neighbor won't fix it for me just need 250 down hard,blegh my car needs a new engine but my neighbor will fix it for me just need 250 down easy,6,M1;M2;M3;M4;M5;M6,sarcastic,sarcastic,sarcastic,sarcastic,sarcastic,sarcastic,22,98,False,False,False,0.0,-0.1531,flat_delivery_candidate,
test-00105,5,worst long weekend ever,best long weekend ever,6,M1;M2;M3;M4;M5;M6,sarcastic,sarcastic,sarcastic,sarcastic,sarcastic,sarcastic,4,23,False,False,False,0.0,-0.6249,flat_delivery_candidate;short_ambiguous_candidate,
test-00112,5,using people for entertainment is so immoral,because using people for entertainment isn't immoral at all,6,M1;M2;M3;M4;M5;M6,sarcastic,sarcastic,sarcastic,sarcastic,sarcastic,sarcastic,7,44,False,False,False,0.0,-0.1263,flat_delivery_candidate,
test-00189,2,throwing the ball without looking of course it's going to get intercepted,a curry blind left handed hook pass results in a turnover ? ? no way gtfo who could have seen that coming ?,6,M1;M2;M3;M4;M5;M6,sarcastic,sarcastic,sarcastic,sarcastic,sarcastic,sarcastic,12,73,False,False,False,0.0,0.0,flat_delivery_candidate,
test-00189,3,a curry blind left handed hook pass results in a turnover i saw it coming,a curry blind left handed hook pass results in a turnover ? ? no way gtfo who could have seen that coming ?,6,M1;M2;M3;M4;M5;M6,sarcastic,sarcastic,sarcastic,sarcastic,sarcastic,sarcastic,15,73,False,False,False,0.0,-0.4019,flat_delivery_candidate,
test-00189,4,a curry blind left handed hook pass results in a turnover ? ? so predictable,a curry blind left handed hook pass results in a turnover ? ? no way gtfo who could have seen that coming ?,6,M1;M2;M3;M4;M5;M6,sarcastic,sarcastic,sarcastic,sarcastic,sarcastic,sarcastic,15,76,True,False,False,0.0,-0.4696,rhetorical_question_candidate,
test-00189,5,a curry blind left handed hook pass results in a turnover ? ? no way gtfo,a curry blind left handed hook pass results in a turnover ? ? no way gtfo who could have seen that coming ?,6,M1;M2;M3;M4;M5;M6,sarcastic,sarcastic,sarcastic,sarcastic,sarcastic,sarcastic,16,73,True,False,False,0.0,-0.644,rhetorical_question_candidate,
test-00110,5,being alone is so boring,being alone is always fun,6,M1;M2;M3;M4;M5;M6,sarcastic,sarcastic,sarcastic,sarcastic,sarcastic,sarcastic,5,24,False,False,False,0.0,-0.5563,flat_delivery_candidate;short_ambiguous_candidate,
test-00190,1,a client already pissed me off at early morning with his ugly terrible letter to me well the letter was under the belt line like,a client already pissed me off at early morning with his wonderful nice letter to me well the letter was under the belt line like,6,M1;M2;M3;M4;M5;M6,sarcastic,sarcastic,sarcastic,sarcastic,sarcastic,sarcastic,25,128,False,False,False,0.0,-0.7906,flat_delivery_candidate;long_context_dependent_candidate,
test-00109,5,being born to your parents religion is the first time you agreed to teams and conditions without reading them,being born to your parents religion is the first time you agreed to teams and conditions without reading them,6,M1;M2;M3;M4;M5;M6,sarcastic,sarcastic,sarcastic,sarcastic,sarcastic,sarcastic,19,109,False,False,False,0.0,0.2732,flat_delivery_candidate,
test-00190,3,a client already pissed me off at early morning with his terrible aweful letter to me well the letter was under the belt line like,a client already pissed me off at early morning with his wonderful nice letter to me well the letter was under the belt line like,6,M1;M2;M3;M4;M5;M6,sarcastic,sarcastic,sarcastic,sarcastic,sarcastic,sarcastic,25,130,False,False,False,0.0,-0.5719,flat_delivery_candidate;long_context_dependent_candidate,
test-00109,2,being born to your parents religion is the first time you agreed to teams and conditions without reading them,being born to your parents religion is the first time you agreed to teams and conditions without reading them,6,M1;M2;M3;M4;M5;M6,sarcastic,sarcastic,sarcastic,sarcastic,sarcastic,sarcastic,19,109,False,False,False,0.0,0.2732,flat_delivery_candidate,
test-00109,1,being born to your parents religion is the first time you agreed to teams and conditions without reading them,being born to your parents religion is the first time you agreed to teams and conditions without reading them,6,M1;M2;M3;M4;M5;M6,sarcastic,sarcastic,sarcastic,sarcastic,sarcastic,sarcastic,19,109,False,False,False,0.0,0.2732,flat_delivery_candidate,
test-00190,6,a client already pissed me off at early morning with his ugly terrible letter to me well the letter was under the belt line like,a client already pissed me off at early morning with his wonderful nice letter to me well the letter was under the belt line like,6,M1;M2;M3;M4;M5;M6,sarcastic,sarcastic,sarcastic,sarcastic,sarcastic,sarcastic,25,128,False,False,False,0.0,-0.7906,flat_delivery_candidate;long_context_dependent_candidate,
test-00190,8,a client already pissed me off at early morning with his terrible aweful letter to me well the letter was under the belt line like,a client already pissed me off at early morning with his wonderful nice letter to me well the letter was under the belt line like,6,M1;M2;M3;M4;M5;M6,sarcastic,sarcastic,sarcastic,sarcastic,sarcastic,sarcastic,25,130,False,False,False,0.0,-0.5719,flat_delivery_candidate;long_context_dependent_candidate,
test-00108,3,being forgotten is annoying it doesn t make me feel warm and fuzzy inside,being forgotten is awesome it makes me feel warm and fuzzy inside,6,M1;M2;M3;M4;M5;M6,sarcastic,sarcastic,sarcastic,sarcastic,sarcastic,sarcastic,14,73,False,False,False,0.0,-0.4019,flat_delivery_candidate,
test-00105,3,worst long weekend ever,best long weekend ever,6,M1;M2;M3;M4;M5;M6,sarcastic,sarcastic,sarcastic,sarcastic,sarcastic,sarcastic,4,23,False,False,False,0.0,-0.6249,flat_delivery_candidate;short_ambiguous_candidate,
test-00114,5,because i give shit to burritos,because restaurant chain burritos are what i live for,6,M1;M2;M3;M4;M5;M6,sarcastic,sarcastic,sarcastic,sarcastic,sarcastic,sarcastic,6,31,False,False,False,0.0,-0.5574,flat_delivery_candidate;short_ambiguous_candidate,
test-00105,2,worst long weekend ever,best long weekend ever,6,M1;M2;M3;M4;M5;M6,sarcastic,sarcastic,sarcastic,sarcastic,sarcastic,sarcastic,4,23,False,False,False,0.0,-0.6249,flat_delivery_candidate;short_ambiguous_candidate,
test-00105,1,worst long weekend ever,best long weekend ever,6,M1;M2;M3;M4;M5;M6,sarcastic,sarcastic,sarcastic,sarcastic,sarcastic,sarcastic,4,23,False,False,False,0.0,-0.6249,flat_delivery_candidate;short_ambiguous_candidate,
test-00104,1,best part about colossus is that you can never leave to pee because you're literally always short amp looking for a spot to get in,best part about colossus is that you can never leave to pee because you're literally always short amp looking for a spot to get in,6,M1;M2;M3;M4;M5;M6,sarcastic,sarcastic,sarcastic,sarcastic,sarcastic,sarcastic,25,130,False,False,False,0.0,0.654,flat_delivery_candidate;positive_surface_wording_candidate;long_context_dependent_candidate,
test-00101,4,elementary school teacher don't teach me anything,big thanks to my elem teachers for which i learned what apple looks like,6,M1;M2;M3;M4;M5;M6,sarcastic,sarcastic,sarcastic,sarcastic,sarcastic,sarcastic,7,49,False,False,False,0.0,0.0,flat_delivery_candidate,
test-00101,3,thankless to my elem teachers for which i only learned what apple looks like,big thanks to my elem teachers for which i learned what apple looks like,6,M1;M2;M3;M4;M5;M6,sarcastic,sarcastic,sarcastic,sarcastic,sarcastic,sarcastic,14,76,False,False,False,0.0,0.3612,flat_delivery_candidate;positive_surface_wording_candidate,
test-00194,1,8 years old girls are pouting in their pooja it sounds normal but it's a irony,8 years old girls are pouting in their pooja it sounds normal but it's a irony,6,M1;M2;M3;M4;M5;M6,sarcastic,sarcastic,sarcastic,sarcastic,sarcastic,sarcastic,16,78,False,False,False,0.0,-0.0772,flat_delivery_candidate,
test-00194,2,8 years old girls are pouting in their pooja it sounds normal but it's a irony,8 years old girls are pouting in their pooja it sounds normal but it's a irony,6,M1;M2;M3;M4;M5;M6,sarcastic,sarcastic,sarcastic,sarcastic,sarcastic,sarcastic,16,78,False,False,False,0.0,-0.0772,flat_delivery_candidate,
test-00194,3,8 years old girls are pouting in their pooja it sounds normal but it's a irony,8 years old girls are pouting in their pooja it sounds normal but it's a irony,6,M1;M2;M3;M4;M5;M6,sarcastic,sarcastic,sarcastic,sarcastic,sarcastic,sarcastic,16,78,False,False,False,0.0,-0.0772,flat_delivery_candidate,
test-00194,5,8 years old girls are pouting in their pooja it sounds normal but it's a irony,8 years old girls are pouting in their pooja it sounds normal but it's a irony,6,M1;M2;M3;M4;M5;M6,sarcastic,sarcastic,sarcastic,sarcastic,sarcastic,sarcastic,16,78,False,False,False,0.0,-0.0772,flat_delivery_candidate,
test-00099,5,bitch it's june you picked a worst time to start working on your summer body,bitch it's june you picked a great time to start working on your summer body,6,M1;M2;M3;M4;M5;M6,sarcastic,sarcastic,sarcastic,sarcastic,sarcastic,sarcastic,15,76,False,False,False,0.0,-0.836,flat_delivery_candidate,
test-00099,4,bitch it's june you picked a bad time to start working on your summer body,bitch it's june you picked a great time to start working on your summer body,6,M1;M2;M3;M4;M5;M6,sarcastic,sarcastic,sarcastic,sarcastic,sarcastic,sarcastic,15,74,False,False,False,0.0,-0.8074,flat_delivery_candidate,
test-00099,3,bitch it's not june you picked a bad time to start working on your summer body,bitch it's june you picked a great time to start working on your summer body,6,M1;M2;M3;M4;M5;M6,sarcastic,sarcastic,sarcastic,sarcastic,sarcastic,sarcastic,16,78,False,False,False,0.0,-0.8074,flat_delivery_candidate,
test-00099,2,you really should have worked on your figure before,bitch it's june you picked a great time to start working on your summer body,6,M1;M2;M3;M4;M5;M6,sarcastic,sarcastic,sarcastic,sarcastic,sarcastic,sarcastic,9,51,False,False,False,0.0,0.0,flat_delivery_candidate,
test-00099,1,you picked a poor time to start working on your summer body,bitch it's june you picked a great time to start working on your summer body,6,M1;M2;M3;M4;M5;M6,sarcastic,sarcastic,sarcastic,sarcastic,sarcastic,sarcastic,12,59,False,False,False,0.0,-0.4767,flat_delivery_candidate,
test-00113,4,college athletes are sketchy people,because there's so much virtue to begin with in bigtime college athletics,6,M1;M2;M3;M4;M5;M6,sarcastic,sarcastic,sarcastic,sarcastic,sarcastic,sarcastic,5,35,False,False,False,0.0,0.0,flat_delivery_candidate;short_ambiguous_candidate,
test-00186,5,a giant spider was hanging out on the parking lot keypad this morning shocked,a giant spider was hanging out on the parking lot keypad this morning that's exactly how all fridays should start,6,M1;M2;M3;M4;M5;M6,sarcastic,sarcastic,sarcastic,sarcastic,sarcastic,sarcastic,14,77,False,False,False,0.0,-0.3182,flat_delivery_candidate,
test-00129,1,at the crazy christian dentist's for my cleaning date with the erin andrews clone boo,at the crazy christian dentist's for my cleaning date with the erin andrews clone yay,6,M1;M2;M3;M4;M5;M6,sarcastic,sarcastic,sarcastic,sarcastic,sarcastic,sarcastic,15,85,False,False,False,0.0,-0.34,flat_delivery_candidate,
test-00120,4,bae is such a bad singer,bae is such a good singer,6,M1;M2;M3;M4;M5;M6,sarcastic,sarcastic,sarcastic,sarcastic,sarcastic,sarcastic,6,24,False,False,False,0.0,-0.5423,flat_delivery_candidate;short_ambiguous_candidate,
test-00181,1,a real mlber would know how to stop playing tok hard not staying within himself pressing smh bench him,a real mlber would know how to stop playing tok hard not staying within himself pressing smh bench him,6,M1;M2;M3;M4;M5;M6,sarcastic,sarcastic,sarcastic,sarcastic,sarcastic,sarcastic,19,102,False,False,False,0.0,-0.4767,flat_delivery_candidate,
test-00181,3,a real mlber would know how to stop playing tok hard not staying within himself pressing smh bench him,a real mlber would know how to stop playing tok hard not staying within himself pressing smh bench him,6,M1;M2;M3;M4;M5;M6,sarcastic,sarcastic,sarcastic,sarcastic,sarcastic,sarcastic,19,102,False,False,False,0.0,-0.4767,flat_delivery_candidate,
test-00181,5,a real mlber would know how to stop playing tok hard not staying within himself pressing smh bench him,a real mlber would know how to stop playing tok hard not staying within himself pressing smh bench him,6,M1;M2;M3;M4;M5;M6,sarcastic,sarcastic,sarcastic,sarcastic,sarcastic,sarcastic,19,102,False,False,False,0.0,-0.4767,flat_delivery_candidate,
test-00126,2,audits are draining my will to live,audits are a blast to do,6,M1;M2;M3;M4;M5;M6,sarcastic,sarcastic,sarcastic,sarcastic,sarcastic,sarcastic,7,35,False,False,False,0.0,0.0,flat_delivery_candidate,
test-00125,5,terrible lineup wonder if your ban will come up ?,awesome lineup wonder if your ban will come up ?,6,M1;M2;M3;M4;M5;M6,sarcastic,sarcastic,sarcastic,sarcastic,sarcastic,sarcastic,10,49,True,False,False,0.0,-0.7717,rhetorical_question_candidate,
test-00183,3,a bad long wait in the doctors office should definitely not calm my nerves,a nice long wait in the doctors office should calm my nerves,6,M1;M2;M3;M4;M5;M6,sarcastic,sarcastic,sarcastic,sarcastic,sarcastic,sarcastic,14,74,False,False,False,0.0,-0.354,flat_delivery_candidate,
test-00125,3,annoying lineup wonder if your ban will not come up ?,awesome lineup wonder if your ban will come up ?,6,M1;M2;M3;M4;M5;M6,sarcastic,sarcastic,sarcastic,sarcastic,sarcastic,sarcastic,11,53,True,False,False,0.0,-0.743,rhetorical_question_candidate,
test-00123,4,babies got it easy,babies are so lucky they can sleep all day and still everyone loves them p,6,M1;M2;M3;M4;M5;M6,sarcastic,sarcastic,sarcastic,sarcastic,sarcastic,sarcastic,4,18,False,False,False,0.0,0.4404,flat_delivery_candidate;positive_surface_wording_candidate;short_ambiguous_candidate,
test-00123,2,i wish i could sleep all day and not get yelled at,babies are so lucky they can sleep all day and still everyone loves them p,6,M1;M2;M3;M4;M5;M6,sarcastic,sarcastic,sarcastic,sarcastic,sarcastic,sarcastic,12,50,False,False,False,0.0,0.4019,flat_delivery_candidate;positive_surface_wording_candidate,
test-00122,1,boo the lights are out using a flashlight is no fun,back from vacation amp none of the overhead lights are working using a flashlight in storage is such fun,6,M1;M2;M3;M4;M5;M6,sarcastic,sarcastic,sarcastic,sarcastic,sarcastic,sarcastic,11,51,False,False,False,0.0,0.2732,flat_delivery_candidate,
test-00186,1,a giant spider was hanging out on the parking lot keypad this morning that's not how friday should start,a giant spider was hanging out on the parking lot keypad this morning that's exactly how all fridays should start,6,M1;M2;M3;M4;M5;M6,sarcastic,sarcastic,sarcastic,sarcastic,sarcastic,sarcastic,19,104,False,False,False,0.0,0.0,flat_delivery_candidate,
test-00121,2,back in huntsville always boring to be back here where no one is and nothing ever happens ever,back in huntsville always good to be back here where no one is and nothing ever happens ever,6,M1;M2;M3;M4;M5;M6,sarcastic,sarcastic,sarcastic,sarcastic,sarcastic,sarcastic,18,94,False,False,False,0.0,-0.5423,flat_delivery_candidate,
test-00121,1,back in huntsville always sad to be back here where no one is and nothing ever happens ever,back in huntsville always good to be back here where no one is and nothing ever happens ever,6,M1;M2;M3;M4;M5;M6,sarcastic,sarcastic,sarcastic,sarcastic,sarcastic,sarcastic,18,91,False,False,False,0.0,-0.6486,flat_delivery_candidate,
test-00120,5,bae is such a bad singer,bae is such a good singer,6,M1;M2;M3;M4;M5;M6,sarcastic,sarcastic,sarcastic,sarcastic,sarcastic,sarcastic,6,24,False,False,False,0.0,-0.5423,flat_delivery_candidate;short_ambiguous_candidate,
test-00120,3,bae is such a bad singer,bae is such a good singer,6,M1;M2;M3;M4;M5;M6,sarcastic,sarcastic,sarcastic,sarcastic,sarcastic,sarcastic,6,24,False,False,False,0.0,-0.5423,flat_delivery_candidate;short_ambiguous_candidate,
test-00186,4,a giant spider was hanging out on the parking lot keypad this morning bummer,a giant spider was hanging out on the parking lot keypad this morning that's exactly how all fridays should start,6,M1;M2;M3;M4;M5;M6,sarcastic,sarcastic,sarcastic,sarcastic,sarcastic,sarcastic,14,76,False,False,False,0.0,-0.3818,flat_delivery_candidate,
test-00120,2,bae is such a bad singer,bae is such a good singer,6,M1;M2;M3;M4;M5;M6,sarcastic,sarcastic,sarcastic,sarcastic,sarcastic,sarcastic,6,24,False,False,False,0.0,-0.5423,flat_delivery_candidate;short_ambiguous_candidate,
test-00186,2,a giant spider was hanging out on the parking lot keypad this morning that's exactly how all fridays shouldn't start,a giant spider was hanging out on the parking lot keypad this morning that's exactly how all fridays should start,6,M1;M2;M3;M4;M5;M6,sarcastic,sarcastic,sarcastic,sarcastic,sarcastic,sarcastic,20,116,False,False,False,0.0,0.0,flat_delivery_candidate,
test-00119,3,bake off at work today if i lie and say my cake is ' vegan ' and ' gluten free ' does that automatically entitle me to win ?,bake off at work today if i lie and say my cake is ' vegan ' and ' gluten free ' does that automatically entitle me to win ?,6,M1;M2;M3;M4;M5;M6,sarcastic,sarcastic,sarcastic,sarcastic,sarcastic,sarcastic,29,124,True,False,False,0.0,0.7964,rhetorical_question_candidate;positive_surface_wording_candidate;long_context_dependent_candidate,
test-00119,2,faking out and making it that my treat is trendy might let me win,bake off at work today if i lie and say my cake is ' vegan ' and ' gluten free ' does that automatically entitle me to win ?,6,M1;M2;M3;M4;M5;M6,sarcastic,sarcastic,sarcastic,sarcastic,sarcastic,sarcastic,14,65,False,False,False,0.0,0.5719,flat_delivery_candidate;positive_surface_wording_candidate,
test-00119,1,bake off at work today if i lie and say my cake is ' vegan ' and ' gluten free ' does that automatically entitle me to win ?,bake off at work today if i lie and say my cake is ' vegan ' and ' gluten free ' does that automatically entitle me to win ?,6,M1;M2;M3;M4;M5;M6,sarcastic,sarcastic,sarcastic,sarcastic,sarcastic,sarcastic,29,124,True,False,False,0.0,0.7964,rhetorical_question_candidate;positive_surface_wording_candidate;long_context_dependent_candidate,
test-00118,3,based on the tweets on the ed sheeran trend it seems his fans are really dumb,based on the tweets on the ed sheeran trend it seems his fans are really quite intelligent,6,M1;M2;M3;M4;M5;M6,sarcastic,sarcastic,sarcastic,sarcastic,sarcastic,sarcastic,16,77,False,False,False,0.0,-0.5563,flat_delivery_candidate,
test-00118,2,according to my research ed sheeran fans are stupid,based on the tweets on the ed sheeran trend it seems his fans are really quite intelligent,6,M1;M2;M3;M4;M5;M6,sarcastic,sarcastic,sarcastic,sarcastic,sarcastic,sarcastic,9,51,False,False,False,0.0,-0.5267,flat_delivery_candidate,
test-00186,3,a giant spider was coming up on the parking lot keypad this morning that's exactly how all fridays should not start,a giant spider was hanging out on the parking lot keypad this morning that's exactly how all fridays should start,6,M1;M2;M3;M4;M5;M6,sarcastic,sarcastic,sarcastic,sarcastic,sarcastic,sarcastic,21,115,False,False,False,0.0,0.0,flat_delivery_candidate,
test-00116,10,beatty called it heaven can wait but it's really here comes mr jordan that crafty devil threw people off the lubitsch trail,beatty called it heaven can wait but it's really here comes mr jordan that crafty devil threw people off the lubitsch trail,6,M1;M2;M3;M4;M5;M6,sarcastic,sarcastic,sarcastic,sarcastic,sarcastic,sarcastic,22,123,False,False,False,0.0,-0.714,flat_delivery_candidate,
test-00116,7,beatty called it heaven can wait but it's really here comes mr jordan that crafty devil threw people off the lubitsch trail,beatty called it heaven can wait but it's really here comes mr jordan that crafty devil threw people off the lubitsch trail,6,M1;M2;M3;M4;M5;M6,sarcastic,sarcastic,sarcastic,sarcastic,sarcastic,sarcastic,22,123,False,False,False,0.0,-0.714,flat_delivery_candidate,
test-00116,6,beatty called it heaven can wait but it's really here comes mr jordan that crafty devil threw people off the lubitsch trail,beatty called it heaven can wait but it's really here comes mr jordan that crafty devil threw people off the lubitsch trail,6,M1;M2;M3;M4;M5;M6,sarcastic,sarcastic,sarcastic,sarcastic,sarcastic,sarcastic,22,123,False,False,False,0.0,-0.714,flat_delivery_candidate,
test-00116,5,beatty called it heaven can wait but it's really here comes mr jordan that crafty devil threw people off the lubitsch trail,beatty called it heaven can wait but it's really here comes mr jordan that crafty devil threw people off the lubitsch trail,6,M1;M2;M3;M4;M5;M6,sarcastic,sarcastic,sarcastic,sarcastic,sarcastic,sarcastic,22,123,False,False,False,0.0,-0.714,flat_delivery_candidate,
test-00116,2,beatty called it heaven can wait but it's really here comes mr jordan that crafty devil threw people off the lubitsch trail,beatty called it heaven can wait but it's really here comes mr jordan that crafty devil threw people off the lubitsch trail,6,M1;M2;M3;M4;M5;M6,sarcastic,sarcastic,sarcastic,sarcastic,sarcastic,sarcastic,22,123,False,False,False,0.0,-0.714,flat_delivery_candidate,
test-00116,1,beatty called it heaven can wait but it's really here comes mr jordan that crafty devil threw people off the lubitsch trail,beatty called it heaven can wait but it's really here comes mr jordan that crafty devil threw people off the lubitsch trail,6,M1;M2;M3;M4;M5;M6,sarcastic,sarcastic,sarcastic,sarcastic,sarcastic,sarcastic,22,123,False,False,False,0.0,-0.714,flat_delivery_candidate,
test-00049,1,cleaning with a 1 year old is no fun,cleaning with a 1 yr old is so fun,6,M1;M2;M3;M4;M5;M6,sarcastic,sarcastic,sarcastic,sarcastic,sarcastic,sarcastic,9,36,False,False,False,0.0,0.2732,flat_delivery_candidate,
test-00160,5,half an hour away from this hell,almost lunchtime i get a half hour away from this paradise,6,M1;M2;M3;M4;M5;M6,sarcastic,sarcastic,sarcastic,sarcastic,sarcastic,sarcastic,7,32,False,False,False,0.0,-0.7579,flat_delivery_candidate,
test-00021,2,they want us to have bad teeth so we go back to them,dentists make money off of people with bad teeth so should we really trust the toothpaste they recommend ?,6,M1;M2;M3;M4;M5;M6,sarcastic,sarcastic,sarcastic,sarcastic,sarcastic,sarcastic,13,52,False,False,False,0.0,-0.4939,flat_delivery_candidate,
test-00250,1,like maybe they should mark it on the tag 60 cotton 40 her fault,like maybe they should mark it on the tag 60 cotton 40 her fault,6,M1;M2;M3;M4;M5;M6,sarcastic,sarcastic,sarcastic,sarcastic,sarcastic,sarcastic,14,64,False,False,False,0.0,-0.0516,flat_delivery_candidate,
test-00010,7,don't rest posey hat what are you doing ?,don't worry bochy give posey hat rest he needs since he's getting up in age,6,M1;M2;M3;M4;M5;M6,sarcastic,sarcastic,sarcastic,sarcastic,sarcastic,sarcastic,9,41,True,False,False,0.0,0.0,rhetorical_question_candidate,
test-00010,9,bochy should be retired by now,don't worry bochy give posey hat rest he needs since he's getting up in age,6,M1;M2;M3;M4;M5;M6,sarcastic,sarcastic,sarcastic,sarcastic,sarcastic,sarcastic,6,30,False,False,False,0.0,0.0,flat_delivery_candidate;short_ambiguous_candidate,
test-00259,2,i'm poor but not stupid ?,i am poor so don't let me to pay attention,6,M1;M2;M3;M4;M5;M6,sarcastic,sarcastic,sarcastic,sarcastic,sarcastic,sarcastic,6,25,True,False,False,0.0,0.3847,rhetorical_question_candidate;positive_surface_wording_candidate;short_ambiguous_candidate,
test-00031,5,damn i'm so lucky both in good times and bad times bad luck never left my side,damn i'm so lucky both in good times and bad times bad luck never left my side,6,M1;M2;M3;M4;M5;M6,sarcastic,sarcastic,sarcastic,sarcastic,sarcastic,sarcastic,17,78,False,False,False,0.0,-0.1796,flat_delivery_candidate,
test-00259,1,let me pay attention even though i'm poor,i am poor so don't let me to pay attention,6,M1;M2;M3;M4;M5;M6,sarcastic,sarcastic,sarcastic,sarcastic,sarcastic,sarcastic,8,41,False,False,False,0.0,-0.5423,flat_delivery_candidate,
test-00031,3,yes i'm unlucky both in good times and bad times good luck never come my side,damn i'm so lucky both in good times and bad times bad luck never left my side,6,M1;M2;M3;M4;M5;M6,sarcastic,sarcastic,sarcastic,sarcastic,sarcastic,sarcastic,16,77,False,False,False,0.0,0.7906,flat_delivery_candidate;positive_surface_wording_candidate,
test-00031,1,damn i'm not lucky both in good times and bad times bad luck never left my side,damn i'm so lucky both in good times and bad times bad luck never left my side,6,M1;M2;M3;M4;M5;M6,sarcastic,sarcastic,sarcastic,sarcastic,sarcastic,sarcastic,17,79,False,False,False,0.0,-0.7296,flat_delivery_candidate,
test-00245,3,we don t need to outlaw guns to protect people yea cause its not working so well with heroin,we need to outlaw guns to protect people yea cause its working so well with heroin,6,M1;M2;M3;M4;M5;M6,sarcastic,sarcastic,sarcastic,sarcastic,sarcastic,sarcastic,19,92,False,False,False,0.0,0.221,flat_delivery_candidate,
test-00258,5,i cannot get tolerate by watching my own photo,i cannot get tolerate by watching my own photo,6,M1;M2;M3;M4;M5;M6,sarcastic,sarcastic,sarcastic,sarcastic,sarcastic,sarcastic,9,46,False,False,False,0.0,0.0,flat_delivery_candidate,
test-00030,3,dat last half an hour before your two days not off though,dat last half an hour before your two days off though,6,M1;M2;M3;M4;M5;M6,sarcastic,sarcastic,sarcastic,sarcastic,sarcastic,sarcastic,12,57,False,False,False,0.0,0.0,flat_delivery_candidate,
test-00246,2,there's too many male voices stupid way of answering eddie izzards question,there's too many male voices great way of answering eddie izzards question,6,M1;M2;M3;M4;M5;M6,sarcastic,sarcastic,sarcastic,sarcastic,sarcastic,sarcastic,12,75,False,False,False,0.0,-0.5267,flat_delivery_candidate,
test-00246,4,there's too many male voices stupid way of answering eddie izzards question,there's too many male voices great way of answering eddie izzards question,6,M1;M2;M3;M4;M5;M6,sarcastic,sarcastic,sarcastic,sarcastic,sarcastic,sarcastic,12,75,False,False,False,0.0,-0.5267,flat_delivery_candidate,
test-00029,2,david villa with a crap kick,david villa with a worldclass penaltykick,6,M1;M2;M3;M4;M5;M6,sarcastic,sarcastic,sarcastic,sarcastic,sarcastic,sarcastic,6,28,False,False,False,0.0,-0.3818,flat_delivery_candidate;short_ambiguous_candidate,
test-00258,4,i cannot get tolerate by watching my own photo,i cannot get tolerate by watching my own photo,6,M1;M2;M3;M4;M5;M6,sarcastic,sarcastic,sarcastic,sarcastic,sarcastic,sarcastic,9,46,False,False,False,0.0,0.0,flat_delivery_candidate,
test-00258,3,i cannot get tolerate by watching my own photo,i cannot get tolerate by watching my own photo,6,M1;M2;M3;M4;M5;M6,sarcastic,sarcastic,sarcastic,sarcastic,sarcastic,sarcastic,9,46,False,False,False,0.0,0.0,flat_delivery_candidate,
test-00028,8,day 3 at reception we're a day behind schedule freaking aweful,day 3 at reception we're a day behind schedule lovely,6,M1;M2;M3;M4;M5;M6,sarcastic,sarcastic,sarcastic,sarcastic,sarcastic,sarcastic,11,62,False,False,False,0.0,-0.4215,flat_delivery_candidate,
test-00258,2,i cannot get tolerate by watching my own photo,i cannot get tolerate by watching my own photo,6,M1;M2;M3;M4;M5;M6,sarcastic,sarcastic,sarcastic,sarcastic,sarcastic,sarcastic,9,46,False,False,False,0.0,0.0,flat_delivery_candidate,
test-00258,1,i cannot get tolerate by watching my own photo,i cannot get tolerate by watching my own photo,6,M1;M2;M3;M4;M5;M6,sarcastic,sarcastic,sarcastic,sarcastic,sarcastic,sarcastic,9,46,False,False,False,0.0,0.0,flat_delivery_candidate,
test-00028,3,day 3 at reception we're a day behind schedule freaking aweful,day 3 at reception we're a day behind schedule lovely,6,M1;M2;M3;M4;M5;M6,sarcastic,sarcastic,sarcastic,sarcastic,sarcastic,sarcastic,11,62,False,False,False,0.0,-0.4215,flat_delivery_candidate,
test-00014,1,all teen books seem to be in a dystopian future with totalitarian leaders,does anyone know of a teen book series set in a future dystopia with a totalitarian government and forbidden love ?,6,M1;M2;M3;M4;M5;M6,sarcastic,sarcastic,sarcastic,sarcastic,sarcastic,sarcastic,13,73,False,False,False,0.0,-0.4767,flat_delivery_candidate,
test-00257,5,ah yes here's the guy that's wiping the floor with superman i'm gonna try chocking him out very stupid bruce,ah yes here's the guy that's wiping the floor with superman i'm gonna try chocking him out genius bruce pure genius,6,M1;M2;M3;M4;M5;M6,sarcastic,sarcastic,sarcastic,sarcastic,sarcastic,sarcastic,20,108,False,False,False,0.0,-0.2484,flat_delivery_candidate,
test-00014,3,all teen books seem to be in a dystopian future with totalitarian leaders,does anyone know of a teen book series set in a future dystopia with a totalitarian government and forbidden love ?,6,M1;M2;M3;M4;M5;M6,sarcastic,sarcastic,sarcastic,sarcastic,sarcastic,sarcastic,13,73,False,False,False,0.0,-0.4767,flat_delivery_candidate,
test-00249,3,minsan is so bitching,minsan is so assuring,6,M1;M2;M3;M4;M5;M6,sarcastic,sarcastic,sarcastic,sarcastic,sarcastic,sarcastic,4,21,False,False,False,0.0,-0.4101,flat_delivery_candidate;short_ambiguous_candidate,
test-00010,6,don't give posey a rest he's still young,don't worry bochy give posey hat rest he needs since he's getting up in age,6,M1;M2;M3;M4;M5;M6,sarcastic,sarcastic,sarcastic,sarcastic,sarcastic,sarcastic,8,40,False,False,False,0.0,0.0,flat_delivery_candidate,
test-00010,4,bochy should be retired by now,don't worry bochy give posey hat rest he needs since he's getting up in age,6,M1;M2;M3;M4;M5;M6,sarcastic,sarcastic,sarcastic,sarcastic,sarcastic,sarcastic,6,30,False,False,False,0.0,0.0,flat_delivery_candidate;short_ambiguous_candidate,
test-00033,4,nba players are bad actors,curry must be hurt,6,M1;M2;M3;M4;M5;M6,sarcastic,sarcastic,sarcastic,sarcastic,sarcastic,sarcastic,5,26,False,False,False,0.0,-0.5423,flat_delivery_candidate;short_ambiguous_candidate,
test-00261,1,' be strong i whisper to my wifi signal ',' be strong i whisper to my wifi signal ',6,M1;M2;M3;M4;M5;M6,sarcastic,sarcastic,sarcastic,sarcastic,sarcastic,sarcastic,10,41,False,False,False,0.0,0.5106,flat_delivery_candidate;positive_surface_wording_candidate,
test-00261,5,' be strong i whisper to my wifi signal ',' be strong i whisper to my wifi signal ',6,M1;M2;M3;M4;M5;M6,sarcastic,sarcastic,sarcastic,sarcastic,sarcastic,sarcastic,10,41,False,False,False,0.0,0.5106,flat_delivery_candidate;positive_surface_wording_candidate,
test-00008,6,when people exit your life you would like them to do it quicker,don't you feel sad when people slowly walk away from your life when you actually want them to run,6,M1;M2;M3;M4;M5;M6,sarcastic,sarcastic,sarcastic,sarcastic,sarcastic,sarcastic,13,63,False,False,False,0.0,0.3612,flat_delivery_candidate;positive_surface_wording_candidate,
test-00261,4,' be strong i whisper to my wifi signal ',' be strong i whisper to my wifi signal ',6,M1;M2;M3;M4;M5;M6,sarcastic,sarcastic,sarcastic,sarcastic,sarcastic,sarcastic,10,41,False,False,False,0.0,0.5106,flat_delivery_candidate;positive_surface_wording_candidate,
test-00261,3,' be strong i whisper to my wifi signal ',' be strong i whisper to my wifi signal ',6,M1;M2;M3;M4;M5;M6,sarcastic,sarcastic,sarcastic,sarcastic,sarcastic,sarcastic,10,41,False,False,False,0.0,0.5106,flat_delivery_candidate;positive_surface_wording_candidate,
test-00239,5,laughs insanely its really fun to b controlled by anti,laughs insanely its really fun to b controlled by anti,6,M1;M2;M3;M4;M5;M6,sarcastic,sarcastic,sarcastic,sarcastic,sarcastic,sarcastic,10,54,False,False,False,0.0,0.6697,flat_delivery_candidate;positive_surface_wording_candidate,
test-00008,11,when people exit your life you would like them to do it quicker,don't you feel sad when people slowly walk away from your life when you actually want them to run,6,M1;M2;M3;M4;M5;M6,sarcastic,sarcastic,sarcastic,sarcastic,sarcastic,sarcastic,13,63,False,False,False,0.0,0.3612,flat_delivery_candidate;positive_surface_wording_candidate,
test-00261,2,' be strong i whisper to my wifi signal ',' be strong i whisper to my wifi signal ',6,M1;M2;M3;M4;M5;M6,sarcastic,sarcastic,sarcastic,sarcastic,sarcastic,sarcastic,10,41,False,False,False,0.0,0.5106,flat_delivery_candidate;positive_surface_wording_candidate,
test-00240,3,eats a salad one time i am honestly the most pure being on this earth i can feel toxins escaping my body right in this moment,eats a salad one time i am honestly the most pure being on this earth i can feel toxins escaping my body right in this moment,6,M1;M2;M3;M4;M5;M6,sarcastic,sarcastic,sarcastic,sarcastic,sarcastic,sarcastic,26,125,False,False,False,0.0,0.4939,flat_delivery_candidate;positive_surface_wording_candidate;long_context_dependent_candidate,
test-00036,10,corrupt media establishment can't even coordinate on when to steal the democratic nomination,corrupt media establishment can't even coordinate on when to steal the democratic nomination,6,M1;M2;M3;M4;M5;M6,sarcastic,sarcastic,sarcastic,sarcastic,sarcastic,sarcastic,13,92,False,False,False,0.0,-0.4939,flat_delivery_candidate,
test-00036,8,corrupt media establishment can even coordinate on when not to steal the democratic nomination,corrupt media establishment can't even coordinate on when to steal the democratic nomination,6,M1;M2;M3;M4;M5;M6,sarcastic,sarcastic,sarcastic,sarcastic,sarcastic,sarcastic,14,94,False,False,False,0.0,0.3875,flat_delivery_candidate;positive_surface_wording_candidate,
test-00036,7,the nomination was bought a long time ago,corrupt media establishment can't even coordinate on when to steal the democratic nomination,6,M1;M2;M3;M4;M5;M6,sarcastic,sarcastic,sarcastic,sarcastic,sarcastic,sarcastic,8,41,False,False,False,0.0,0.0,flat_delivery_candidate,
test-00242,3,when someone tries to enlighten my feeling with one of my own jokes oh i have not tasted my own medicine and it is bitter,when someone tries to hurt my feeling with one of my own jokes oh i have tasted my own medicine and it is bitter,6,M1;M2;M3;M4;M5;M6,sarcastic,sarcastic,sarcastic,sarcastic,sarcastic,sarcastic,25,121,False,False,False,0.0,0.4588,flat_delivery_candidate;positive_surface_wording_candidate;long_context_dependent_candidate,
test-00009,1,don't ya just hate being the villain of someone else life,don't ya just love being the villain of someone else life,6,M1;M2;M3;M4;M5;M6,sarcastic,sarcastic,sarcastic,sarcastic,sarcastic,sarcastic,11,57,False,False,False,0.0,-0.1536,flat_delivery_candidate,
test-00036,5,corrupt media establishment can't even coordinate on when to steal the democratic nomination,corrupt media establishment can't even coordinate on when to steal the democratic nomination,6,M1;M2;M3;M4;M5;M6,sarcastic,sarcastic,sarcastic,sarcastic,sarcastic,sarcastic,13,92,False,False,False,0.0,-0.4939,flat_delivery_candidate,
test-00036,3,corrupt media establishment can coordinate well on when to steal the democratic nomination,corrupt media establishment can't even coordinate on when to steal the democratic nomination,6,M1;M2;M3;M4;M5;M6,sarcastic,sarcastic,sarcastic,sarcastic,sarcastic,sarcastic,13,90,False,False,False,0.0,-0.2732,flat_delivery_candidate,
test-00036,2,the nomination was bought a long time ago,corrupt media establishment can't even coordinate on when to steal the democratic nomination,6,M1;M2;M3;M4;M5;M6,sarcastic,sarcastic,sarcastic,sarcastic,sarcastic,sarcastic,8,41,False,False,False,0.0,0.0,flat_delivery_candidate,
test-00009,2,don't ya just hate being the villain of someone else life,don't ya just love being the villain of someone else life,6,M1;M2;M3;M4;M5;M6,sarcastic,sarcastic,sarcastic,sarcastic,sarcastic,sarcastic,11,57,False,False,False,0.0,-0.1536,flat_delivery_candidate,
test-00009,3,don't ya just hate being the villain of someone else life,don't ya just love being the villain of someone else life,6,M1;M2;M3;M4;M5;M6,sarcastic,sarcastic,sarcastic,sarcastic,sarcastic,sarcastic,11,57,False,False,False,0.0,-0.1536,flat_delivery_candidate,
test-00035,4,i guess someone isn't advancing this season,coutinho isn't going to psg then,6,M1;M2;M3;M4;M5;M6,sarcastic,sarcastic,sarcastic,sarcastic,sarcastic,sarcastic,7,43,False,False,False,0.0,0.0,flat_delivery_candidate,
test-00259,3,i am rich so let me to pay attention,i am poor so don't let me to pay attention,6,M1;M2;M3;M4;M5;M6,sarcastic,sarcastic,sarcastic,sarcastic,sarcastic,sarcastic,9,36,False,False,False,0.0,0.4939,flat_delivery_candidate;positive_surface_wording_candidate,
test-00010,1,don't give posey a rest he's still young,don't worry bochy give posey hat rest he needs since he's getting up in age,6,M1;M2;M3;M4;M5;M6,sarcastic,sarcastic,sarcastic,sarcastic,sarcastic,sarcastic,8,40,False,False,False,0.0,0.0,flat_delivery_candidate,
test-00010,2,don't rest posey hat what are you doing ?,don't worry bochy give posey hat rest he needs since he's getting up in age,6,M1;M2;M3;M4;M5;M6,sarcastic,sarcastic,sarcastic,sarcastic,sarcastic,sarcastic,9,41,True,False,False,0.0,0.0,rhetorical_question_candidate,
test-00027,3,deadpool is nowhere vibe tonight,deadpool is my vibe tonight,6,M1;M2;M3;M4;M5;M6,sarcastic,sarcastic,sarcastic,sarcastic,sarcastic,sarcastic,5,32,False,False,False,0.0,0.0,flat_delivery_candidate;short_ambiguous_candidate,
test-00250,2,like maybe they should mark it on the tag 60 cotton 40 her fault,like maybe they should mark it on the tag 60 cotton 40 her fault,6,M1;M2;M3;M4;M5;M6,sarcastic,sarcastic,sarcastic,sarcastic,sarcastic,sarcastic,14,64,False,False,False,0.0,-0.0516,flat_delivery_candidate,
test-00239,3,laughs insanely its really annoying to b uncontrolled by anti,laughs insanely its really fun to b controlled by anti,6,M1;M2;M3;M4;M5;M6,sarcastic,sarcastic,sarcastic,sarcastic,sarcastic,sarcastic,10,61,False,False,False,0.0,-0.5198,flat_delivery_candidate,
test-00257,4,ah yes here's the guy that's wiping the floor with superman i'm gonna try chocking him out idiot,ah yes here's the guy that's wiping the floor with superman i'm gonna try chocking him out genius bruce pure genius,6,M1;M2;M3;M4;M5;M6,sarcastic,sarcastic,sarcastic,sarcastic,sarcastic,sarcastic,18,96,False,False,False,0.0,-0.1531,flat_delivery_candidate,
test-00253,2,i sleep n sleep a lot because it don't cost money,i sleep n sleep a lot because it don't cost money,6,M1;M2;M3;M4;M5;M6,sarcastic,sarcastic,sarcastic,sarcastic,sarcastic,sarcastic,11,49,False,False,False,0.0,0.0,flat_delivery_candidate,
test-00253,4,at least i don't lose money when i'm sleeping,i sleep n sleep a lot because it don't cost money,6,M1;M2;M3;M4;M5;M6,sarcastic,sarcastic,sarcastic,sarcastic,sarcastic,sarcastic,9,45,False,False,False,0.0,0.3089,flat_delivery_candidate;positive_surface_wording_candidate,
test-00253,5,i sleep n sleep a lot because it don't cost money,i sleep n sleep a lot because it don't cost money,6,M1;M2;M3;M4;M5;M6,sarcastic,sarcastic,sarcastic,sarcastic,sarcastic,sarcastic,11,49,False,False,False,0.0,0.0,flat_delivery_candidate,
test-00016,10,you don't need to watch bachelor to get an update the tweets do that part,didn't watch the bachelor but i'm so glad everyone tweeted about it so i know what's going on,6,M1;M2;M3;M4;M5;M6,sarcastic,sarcastic,sarcastic,sarcastic,sarcastic,sarcastic,15,73,False,False,False,0.0,0.0,flat_delivery_candidate,
test-00017,1,didn't know the pga was run by mexicans moving tournament from trump's doral to mexico city lol,didn't know the pga was run by mexicans moving tournament from trump's doral to mexico city lol,6,M1;M2;M3;M4;M5;M6,sarcastic,sarcastic,sarcastic,sarcastic,sarcastic,sarcastic,17,95,False,False,False,0.0,0.4215,flat_delivery_candidate;positive_surface_wording_candidate,
test-00021,4,why do dentist recomment good things ? isn't that bad for buisness ?,dentists make money off of people with bad teeth so should we really trust the toothpaste they recommend ?,6,M1;M2;M3;M4;M5;M6,sarcastic,sarcastic,sarcastic,sarcastic,sarcastic,sarcastic,13,68,True,False,False,0.0,0.7278,rhetorical_question_candidate;positive_surface_wording_candidate,
test-00255,1,i get it sarcasm is your thing right ? everything you've said is dripping in sarcasm you guys i've been figured out,i get it sarcasm is your thing right ? everything you've said is dripping in sarcasm you guys i've been figured out,6,M1;M2;M3;M4;M5;M6,sarcastic,sarcastic,sarcastic,sarcastic,sarcastic,sarcastic,22,115,True,False,False,0.0,-0.4215,rhetorical_question_candidate,
test-00254,3,i hate said the person sarcastically,i love said the person sarcastically,6,M1;M2;M3;M4;M5;M6,sarcastic,sarcastic,sarcastic,sarcastic,sarcastic,sarcastic,6,36,False,False,False,0.0,-0.7003,flat_delivery_candidate;short_ambiguous_candidate,
test-00017,3,did know the pga was run by mexicans not moving tournament from trump's doral to mexico city lol,didn't know the pga was run by mexicans moving tournament from trump's doral to mexico city lol,6,M1;M2;M3;M4;M5;M6,sarcastic,sarcastic,sarcastic,sarcastic,sarcastic,sarcastic,18,96,False,False,False,0.0,0.4215,flat_delivery_candidate;positive_surface_wording_candidate,
test-00017,5,didn't know the pga was run by mexicans moving tournament from trump's doral to mexico city lol,didn't know the pga was run by mexicans moving tournament from trump's doral to mexico city lol,6,M1;M2;M3;M4;M5;M6,sarcastic,sarcastic,sarcastic,sarcastic,sarcastic,sarcastic,17,95,False,False,False,0.0,0.4215,flat_delivery_candidate;positive_surface_wording_candidate,
test-00254,5,i love said the person sarcastically,i love said the person sarcastically,6,M1;M2;M3;M4;M5;M6,sarcastic,sarcastic,sarcastic,sarcastic,sarcastic,sarcastic,6,36,False,False,False,0.0,0.4767,flat_delivery_candidate;positive_surface_wording_candidate;short_ambiguous_candidate,
test-00018,3,did you see how the yankees manufactured that run from a leadoff double ? that was so bad,did you see how the yankees manufactured that run from a leadoff double ? that was amazing,6,M1;M2;M3;M4;M5;M6,sarcastic,sarcastic,sarcastic,sarcastic,sarcastic,sarcastic,18,89,True,False,False,0.0,-0.6696,rhetorical_question_candidate,
test-00020,5,did i just go tanning while sunburned ? yes why ? girlish stupidity i did use sunscreen on the bad spots i'm so stupid,did i just go tanning while sunburned ? yes why ? girlish stupidity i did use sunscreen on the bad spots i'm so smart,6,M1;M2;M3;M4;M5;M6,sarcastic,sarcastic,sarcastic,sarcastic,sarcastic,sarcastic,24,118,True,False,False,0.0,-0.8565,rhetorical_question_candidate,
test-00254,4,i love said the person sarcastically,i love said the person sarcastically,6,M1;M2;M3;M4;M5;M6,sarcastic,sarcastic,sarcastic,sarcastic,sarcastic,sarcastic,6,36,False,False,False,0.0,0.4767,flat_delivery_candidate;positive_surface_wording_candidate;short_ambiguous_candidate,
test-00019,1,did you know that the more birthdays you'll have in your lifetime the longer you will live ?,did you know that the more birthdays you'll have in your lifetime the longer you will live ?,6,M1;M2;M3;M4;M5;M6,sarcastic,sarcastic,sarcastic,sarcastic,sarcastic,sarcastic,18,92,True,False,False,0.0,0.0,rhetorical_question_candidate,
test-00020,4,did i just go tanning while sunburned ? yes why ? girlish stupidity i did use sunscreen on the bad spots i'm so stupid,did i just go tanning while sunburned ? yes why ? girlish stupidity i did use sunscreen on the bad spots i'm so smart,6,M1;M2;M3;M4;M5;M6,sarcastic,sarcastic,sarcastic,sarcastic,sarcastic,sarcastic,24,118,True,False,False,0.0,-0.8565,rhetorical_question_candidate,
test-00020,3,did i just go tanning while sunburned ? yes why ? girlish intelligence i did not use sunscreen on the bad spots i'm so idiot,did i just go tanning while sunburned ? yes why ? girlish stupidity i did use sunscreen on the bad spots i'm so smart,6,M1;M2;M3;M4;M5;M6,sarcastic,sarcastic,sarcastic,sarcastic,sarcastic,sarcastic,25,124,True,False,False,0.0,-0.5108,rhetorical_question_candidate;long_context_dependent_candidate,
test-00020,2,i'm not a smart girl,did i just go tanning while sunburned ? yes why ? girlish stupidity i did use sunscreen on the bad spots i'm so smart,6,M1;M2;M3;M4;M5;M6,sarcastic,sarcastic,sarcastic,sarcastic,sarcastic,sarcastic,5,20,False,False,False,0.0,-0.3089,flat_delivery_candidate;short_ambiguous_candidate,
test-00019,2,did you know that the more birthdays you'll have in your lifetime the longer you will live ?,did you know that the more birthdays you'll have in your lifetime the longer you will live ?,6,M1;M2;M3;M4;M5;M6,sarcastic,sarcastic,sarcastic,sarcastic,sarcastic,sarcastic,18,92,True,False,False,0.0,0.0,rhetorical_question_candidate,
test-00020,1,i went tanning with a sunburn i'm not smart,did i just go tanning while sunburned ? yes why ? girlish stupidity i did use sunscreen on the bad spots i'm so smart,6,M1;M2;M3;M4;M5;M6,sarcastic,sarcastic,sarcastic,sarcastic,sarcastic,sarcastic,9,43,False,False,False,0.0,-0.3089,flat_delivery_candidate,
test-00019,3,did you know that the more birthdays you'll have in your lifetime the longer you will live ?,did you know that the more birthdays you'll have in your lifetime the longer you will live ?,6,M1;M2;M3;M4;M5;M6,sarcastic,sarcastic,sarcastic,sarcastic,sarcastic,sarcastic,18,92,True,False,False,0.0,0.0,rhetorical_question_candidate,
test-00019,4,did you know that the more birthdays you'll have in your lifetime the longer you will live ?,did you know that the more birthdays you'll have in your lifetime the longer you will live ?,6,M1;M2;M3;M4;M5;M6,sarcastic,sarcastic,sarcastic,sarcastic,sarcastic,sarcastic,18,92,True,False,False,0.0,0.0,rhetorical_question_candidate,
test-00019,5,did you know that the more birthdays you'll have in your lifetime the longer you will live ?,did you know that the more birthdays you'll have in your lifetime the longer you will live ?,6,M1;M2;M3;M4;M5;M6,sarcastic,sarcastic,sarcastic,sarcastic,sarcastic,sarcastic,18,92,True,False,False,0.0,0.0,rhetorical_question_candidate,
test-00253,1,i sleep n sleep a lot because it don't cost money,i sleep n sleep a lot because it don't cost money,6,M1;M2;M3;M4;M5;M6,sarcastic,sarcastic,sarcastic,sarcastic,sarcastic,sarcastic,11,49,False,False,False,0.0,0.0,flat_delivery_candidate,
test-00255,2,i get it sarcasm is your thing right ? everything you've said is dripping in sarcasm you guys i've been figured out,i get it sarcasm is your thing right ? everything you've said is dripping in sarcasm you guys i've been figured out,6,M1;M2;M3;M4;M5;M6,sarcastic,sarcastic,sarcastic,sarcastic,sarcastic,sarcastic,22,115,True,False,False,0.0,-0.4215,rhetorical_question_candidate,
test-00023,2,dear travelers pls bring along ur washing machine amp fridge as well considering those r hand luggage,dear travelers pls bring along ur washing machine amp fridge as well considering those r hand luggage,6,M1;M2;M3;M4;M5;M6,sarcastic,sarcastic,sarcastic,sarcastic,sarcastic,sarcastic,17,101,False,False,False,0.0,0.802,flat_delivery_candidate;positive_surface_wording_candidate,
test-00025,4,life is hard i'm just looking to catch a break,dear life would you at least start using lubricant ?,6,M1;M2;M3;M4;M5;M6,sarcastic,sarcastic,sarcastic,sarcastic,sarcastic,sarcastic,10,46,False,False,False,0.0,-0.1027,flat_delivery_candidate,
test-00257,3,ah no here's the guy that's wiping the floor with superman i'm not gonna try chocking him out stupid bruce pure stupid,ah yes here's the guy that's wiping the floor with superman i'm gonna try chocking him out genius bruce pure genius,6,M1;M2;M3;M4;M5;M6,sarcastic,sarcastic,sarcastic,sarcastic,sarcastic,sarcastic,22,118,False,False,False,0.0,-0.8402,flat_delivery_candidate,
test-00250,3,like maybe they should mark it on the tag 60 cotton 40 her fault,like maybe they should mark it on the tag 60 cotton 40 her fault,6,M1;M2;M3;M4;M5;M6,sarcastic,sarcastic,sarcastic,sarcastic,sarcastic,sarcastic,14,64,False,False,False,0.0,-0.0516,flat_delivery_candidate,
test-00015,2,i know you don't love sarcasm,do you like sarcasm ?,6,M1;M2;M3;M4;M5;M6,sarcastic,sarcastic,sarcastic,sarcastic,sarcastic,sarcastic,6,29,False,False,False,0.0,-0.4023,flat_delivery_candidate;short_ambiguous_candidate,
test-00026,2,preloaded apps are clogging up my phone you suck samsung,dear at amp t amp samsung i'm so glad i have zero storage for my things my 32 gb phone thanks to the useless apps i can't uninstall,6,M1;M2;M3;M4;M5;M6,sarcastic,sarcastic,sarcastic,sarcastic,sarcastic,sarcastic,10,56,False,False,False,0.0,-0.4404,flat_delivery_candidate,
test-00025,10,dear life can you not be so hard sometimes,dear life would you at least start using lubricant ?,6,M1;M2;M3;M4;M5;M6,sarcastic,sarcastic,sarcastic,sarcastic,sarcastic,sarcastic,9,42,False,False,False,0.0,0.1861,flat_delivery_candidate,
test-00025,9,life is hard i'm just looking to catch a break,dear life would you at least start using lubricant ?,6,M1;M2;M3;M4;M5;M6,sarcastic,sarcastic,sarcastic,sarcastic,sarcastic,sarcastic,10,46,False,False,False,0.0,-0.1027,flat_delivery_candidate,
test-00257,1,not smart bruce,ah yes here's the guy that's wiping the floor with superman i'm gonna try chocking him out genius bruce pure genius,6,M1;M2;M3;M4;M5;M6,sarcastic,sarcastic,sarcastic,sarcastic,sarcastic,sarcastic,3,15,False,False,False,0.0,-0.3089,flat_delivery_candidate;short_ambiguous_candidate,
test-00250,5,like maybe they should mark it on the tag 60 cotton 40 her fault,like maybe they should mark it on the tag 60 cotton 40 her fault,6,M1;M2;M3;M4;M5;M6,sarcastic,sarcastic,sarcastic,sarcastic,sarcastic,sarcastic,14,64,False,False,False,0.0,-0.0516,flat_delivery_candidate,
test-00251,1,jews sitting around in an oak wood decorated room amp wahabis marauding through the desert are the reasons behind all our ills,jews sitting around in an oak wood decorated room amp wahabis marauding through the desert are the reasons behind all our ills,6,M1;M2;M3;M4;M5;M6,sarcastic,sarcastic,sarcastic,sarcastic,sarcastic,sarcastic,22,126,False,False,False,0.0,0.0,flat_delivery_candidate,
test-00025,5,dear life can you not be so hard sometimes,dear life would you at least start using lubricant ?,6,M1;M2;M3;M4;M5;M6,sarcastic,sarcastic,sarcastic,sarcastic,sarcastic,sarcastic,9,42,False,False,False,0.0,0.1861,flat_delivery_candidate,
test-00251,4,jews sitting around in an oak wood decorated room amp wahabis marauding through the desert are the reasons behind all our ills,jews sitting around in an oak wood decorated room amp wahabis marauding through the desert are the reasons behind all our ills,6,M1;M2;M3;M4;M5;M6,sarcastic,sarcastic,sarcastic,sarcastic,sarcastic,sarcastic,22,126,False,False,False,0.0,0.0,flat_delivery_candidate,
test-00255,3,i get it sarcasm is your thing right ? everything you've said is dripping in sarcasm you guys i've been figured out,i get it sarcasm is your thing right ? everything you've said is dripping in sarcasm you guys i've been figured out,6,M1;M2;M3;M4;M5;M6,sarcastic,sarcastic,sarcastic,sarcastic,sarcastic,sarcastic,22,115,True,False,False,0.0,-0.4215,rhetorical_question_candidate,
test-00024,10,dear life can you not be so hard sometimes,dear life would you at least start using lubricants,6,M1;M2;M3;M4;M5;M6,sarcastic,sarcastic,sarcastic,sarcastic,sarcastic,sarcastic,9,42,False,False,False,0.0,0.1861,flat_delivery_candidate,
test-00024,9,life is hard i'm just looking to catch a break,dear life would you at least start using lubricants,6,M1;M2;M3;M4;M5;M6,sarcastic,sarcastic,sarcastic,sarcastic,sarcastic,sarcastic,10,46,False,False,False,0.0,-0.1027,flat_delivery_candidate,
test-00255,5,i get it sarcasm is your thing right ? everything you've said is dripping in sarcasm you guys i've been figured out,i get it sarcasm is your thing right ? everything you've said is dripping in sarcasm you guys i've been figured out,6,M1;M2;M3;M4;M5;M6,sarcastic,sarcastic,sarcastic,sarcastic,sarcastic,sarcastic,22,115,True,False,False,0.0,-0.4215,rhetorical_question_candidate,
test-00024,5,dear life can you not be so hard sometimes,dear life would you at least start using lubricants,6,M1;M2;M3;M4;M5;M6,sarcastic,sarcastic,sarcastic,sarcastic,sarcastic,sarcastic,9,42,False,False,False,0.0,0.1861,flat_delivery_candidate,
test-00024,4,life is hard i'm just looking to catch a break,dear life would you at least start using lubricants,6,M1;M2;M3;M4;M5;M6,sarcastic,sarcastic,sarcastic,sarcastic,sarcastic,sarcastic,10,46,False,False,False,0.0,-0.1027,flat_delivery_candidate,
test-00252,3,if you not a champion don t show me you a champion wow no lyrics huh so we're going to succumb that lameness all series ?,if you a champion show me you a champion wow deep lyrics huh so we're going to endure that lameness all series ?,6,M1;M2;M3;M4;M5;M6,sarcastic,sarcastic,sarcastic,sarcastic,sarcastic,sarcastic,26,121,True,False,False,0.0,-0.6696,rhetorical_question_candidate;long_context_dependent_candidate,
test-00016,5,you don't need to watch bachelor to get an update the tweets do that part,didn't watch the bachelor but i'm so glad everyone tweeted about it so i know what's going on,6,M1;M2;M3;M4;M5;M6,sarcastic,sarcastic,sarcastic,sarcastic,sarcastic,sarcastic,15,73,False,False,False,0.0,0.0,flat_delivery_candidate,
test-00252,5,if you a champion show me you a champion wow deep lyrics,if you a champion show me you a champion wow deep lyrics huh so we're going to endure that lameness all series ?,6,M1;M2;M3;M4;M5;M6,sarcastic,sarcastic,sarcastic,sarcastic,sarcastic,sarcastic,12,56,False,False,False,0.0,0.9118,flat_delivery_candidate;positive_surface_wording_candidate,
test-00255,4,people don't like my wit,i get it sarcasm is your thing right ? everything you've said is dripping in sarcasm you guys i've been figured out,6,M1;M2;M3;M4;M5;M6,sarcastic,sarcastic,sarcastic,sarcastic,sarcastic,sarcastic,5,24,False,False,False,0.0,-0.2755,flat_delivery_candidate;short_ambiguous_candidate,
test-00023,4,dear travelers pls bring along ur washing machine amp fridge as well considering those r hand luggage,dear travelers pls bring along ur washing machine amp fridge as well considering those r hand luggage,6,M1;M2;M3;M4;M5;M6,sarcastic,sarcastic,sarcastic,sarcastic,sarcastic,sarcastic,17,101,False,False,False,0.0,0.802,flat_delivery_candidate;positive_surface_wording_candidate,
test-00239,4,look at me i like to make others feel uncomfortable,laughs insanely its really fun to b controlled by anti,6,M1;M2;M3;M4;M5;M6,sarcastic,sarcastic,sarcastic,sarcastic,sarcastic,sarcastic,10,51,False,False,False,0.0,-0.0258,flat_delivery_candidate,
test-00033,5,i guess curry can never be hurt,curry must be hurt,6,M1;M2;M3;M4;M5;M6,sarcastic,sarcastic,sarcastic,sarcastic,sarcastic,sarcastic,7,31,False,False,False,0.0,0.4168,flat_delivery_candidate;positive_surface_wording_candidate,
test-00237,8,no tropical storm heading our way hate it when it rains hard and we still have school,yes tropical storm heading our way love it when it rains hard and we still have school,6,M1;M2;M3;M4;M5;M6,sarcastic,sarcastic,sarcastic,sarcastic,sarcastic,sarcastic,17,85,False,False,False,0.0,-0.743,flat_delivery_candidate,
test-00238,3,relative visit uncle bhaiya namaste kya chal raha hai ? father bas fogg chal raha hai this is how you treat relatives,relative visit uncle bhaiya namaste kya chal raha hai ? father bas fogg chal raha hai this is how you treat relatives,6,M1;M2;M3;M4;M5;M6,sarcastic,sarcastic,sarcastic,sarcastic,sarcastic,sarcastic,22,117,True,False,False,0.0,0.4019,rhetorical_question_candidate;positive_surface_wording_candidate,
test-00043,3,cnn now giving us the definition of misconstrue so trump will know when he's screwed up,cnn now giving us the definition of misconstrue so trump will know when he's screwed up,6,M1;M2;M3;M4;M5;M6,sarcastic,sarcastic,sarcastic,sarcastic,sarcastic,sarcastic,16,87,False,False,False,0.0,-0.2023,flat_delivery_candidate,
test-00004,5,draymond what a bad player,draymond what a player,6,M1;M2;M3;M4;M5;M6,sarcastic,sarcastic,sarcastic,sarcastic,sarcastic,sarcastic,5,26,False,False,False,0.0,-0.5423,flat_delivery_candidate;short_ambiguous_candidate,
test-00040,5,misbehaving computer at 2 30 pm on a monday will ruin productivity,computer misbehaving at 2 30 pm on a monday is super great for productivity,6,M1;M2;M3;M4;M5;M6,sarcastic,sarcastic,sarcastic,sarcastic,sarcastic,sarcastic,12,66,False,False,False,0.0,-0.7579,flat_delivery_candidate,
test-00045,5,clevinger makes me throw up,clevinger makes me throw up,6,M1;M2;M3;M4;M5;M6,sarcastic,sarcastic,sarcastic,sarcastic,sarcastic,sarcastic,5,27,False,False,False,0.0,0.0,flat_delivery_candidate;short_ambiguous_candidate,
test-00007,8,don't you just hate it when people ignore you,don't you just love it when people ignore you,6,M1;M2;M3;M4;M5;M6,sarcastic,sarcastic,sarcastic,sarcastic,sarcastic,sarcastic,9,45,False,False,False,0.0,0.1275,flat_delivery_candidate,
test-00040,7,computer is killing productivity,computer misbehaving at 2 30 pm on a monday is super great for productivity,6,M1;M2;M3;M4;M5;M6,sarcastic,sarcastic,sarcastic,sarcastic,sarcastic,sarcastic,4,32,False,False,False,0.0,-0.6597,flat_delivery_candidate;short_ambiguous_candidate,
test-00004,4,draymond what a bad player,draymond what a player,6,M1;M2;M3;M4;M5;M6,sarcastic,sarcastic,sarcastic,sarcastic,sarcastic,sarcastic,5,26,False,False,False,0.0,-0.5423,flat_delivery_candidate;short_ambiguous_candidate,
test-00040,8,computer nicely behaving at 2 30 pm on a monday is super flop for productivity,computer misbehaving at 2 30 pm on a monday is super great for productivity,6,M1;M2;M3;M4;M5;M6,sarcastic,sarcastic,sarcastic,sarcastic,sarcastic,sarcastic,15,78,False,False,False,0.0,0.6597,flat_delivery_candidate;positive_surface_wording_candidate,
test-00235,5,48 and 49 were in 11 talk at one point ah the mlb draft is so risk averse sarcasm,48 and 49 were in 11 talk at one point ah the mlb draft is so risk averse sarcasm,6,M1;M2;M3;M4;M5;M6,sarcastic,sarcastic,sarcastic,sarcastic,sarcastic,sarcastic,19,81,False,False,False,0.0,-0.6,flat_delivery_candidate,
test-00040,10,misbehaving computer at 2 30 pm on a monday will ruin productivity,computer misbehaving at 2 30 pm on a monday is super great for productivity,6,M1;M2;M3;M4;M5;M6,sarcastic,sarcastic,sarcastic,sarcastic,sarcastic,sarcastic,12,66,False,False,False,0.0,-0.7579,flat_delivery_candidate,
test-00007,3,don't you just hate it when people ignore you,don't you just love it when people ignore you,6,M1;M2;M3;M4;M5;M6,sarcastic,sarcastic,sarcastic,sarcastic,sarcastic,sarcastic,9,45,False,False,False,0.0,0.1275,flat_delivery_candidate,
test-00043,2,cnn now giving us the definition of misconstrue so trump will know when he's screwed up,cnn now giving us the definition of misconstrue so trump will know when he's screwed up,6,M1;M2;M3;M4;M5;M6,sarcastic,sarcastic,sarcastic,sarcastic,sarcastic,sarcastic,16,87,False,False,False,0.0,-0.2023,flat_delivery_candidate,
test-00002,4,dry heaves from cancer are aweful,dry heaves from cancer are awesome,6,M1;M2;M3;M4;M5;M6,sarcastic,sarcastic,sarcastic,sarcastic,sarcastic,sarcastic,6,33,False,False,False,0.0,-0.6597,flat_delivery_candidate;short_ambiguous_candidate,
test-00007,4,don't you just hate it when people ignore you,don't you just love it when people ignore you,6,M1;M2;M3;M4;M5;M6,sarcastic,sarcastic,sarcastic,sarcastic,sarcastic,sarcastic,9,45,False,False,False,0.0,0.1275,flat_delivery_candidate,
test-00004,3,draymond what a worse player,draymond what a player,6,M1;M2;M3;M4;M5;M6,sarcastic,sarcastic,sarcastic,sarcastic,sarcastic,sarcastic,5,28,False,False,False,0.0,-0.4767,flat_delivery_candidate;short_ambiguous_candidate,
test-00043,1,cnn now giving us the definition of misconstrue so trump will know when he's screwed up,cnn now giving us the definition of misconstrue so trump will know when he's screwed up,6,M1;M2;M3;M4;M5;M6,sarcastic,sarcastic,sarcastic,sarcastic,sarcastic,sarcastic,16,87,False,False,False,0.0,-0.2023,flat_delivery_candidate,
test-00238,2,relative visit uncle bhaiya namaste kya chal raha hai ? father bas fogg chal raha hai this is how you treat relatives,relative visit uncle bhaiya namaste kya chal raha hai ? father bas fogg chal raha hai this is how you treat relatives,6,M1;M2;M3;M4;M5;M6,sarcastic,sarcastic,sarcastic,sarcastic,sarcastic,sarcastic,22,117,True,False,False,0.0,0.4019,rhetorical_question_candidate;positive_surface_wording_candidate,
test-00234,3,sarcasm at its worst,at its finest,6,M1;M2;M3;M4;M5;M6,sarcastic,sarcastic,sarcastic,sarcastic,sarcastic,sarcastic,4,20,False,False,False,0.0,-0.7184,flat_delivery_candidate;short_ambiguous_candidate,
test-00238,1,relative visit uncle bhaiya namaste kya chal raha hai ? father bas fogg chal raha hai this is how you treat relatives,relative visit uncle bhaiya namaste kya chal raha hai ? father bas fogg chal raha hai this is how you treat relatives,6,M1;M2;M3;M4;M5;M6,sarcastic,sarcastic,sarcastic,sarcastic,sarcastic,sarcastic,22,117,True,False,False,0.0,0.4019,rhetorical_question_candidate;positive_surface_wording_candidate,
test-00046,3,i am the reasonable one,clearly i'm being unreasonable,6,M1;M2;M3;M4;M5;M6,sarcastic,sarcastic,sarcastic,sarcastic,sarcastic,sarcastic,5,23,False,False,False,0.0,0.0,flat_delivery_candidate;short_ambiguous_candidate,
test-00237,7,my school never closes and i'm going to get wet,yes tropical storm heading our way love it when it rains hard and we still have school,6,M1;M2;M3;M4;M5;M6,sarcastic,sarcastic,sarcastic,sarcastic,sarcastic,sarcastic,10,47,False,False,False,0.0,0.0,flat_delivery_candidate,
test-00235,3,48 and 49 were in 11 talk at one point ah the mlb draft is never a risk averse,48 and 49 were in 11 talk at one point ah the mlb draft is so risk averse sarcasm,6,M1;M2;M3;M4;M5;M6,sarcastic,sarcastic,sarcastic,sarcastic,sarcastic,sarcastic,19,78,False,False,False,0.0,0.2057,flat_delivery_candidate,
test-00004,2,draymond is a shit player,draymond what a player,6,M1;M2;M3;M4;M5;M6,sarcastic,sarcastic,sarcastic,sarcastic,sarcastic,sarcastic,5,25,False,False,False,0.0,-0.5574,flat_delivery_candidate;short_ambiguous_candidate,
test-00235,1,48 and 49 were in 11 talk at one point ah the mlb draft is so risk averse sarcasm,48 and 49 were in 11 talk at one point ah the mlb draft is so risk averse sarcasm,6,M1;M2;M3;M4;M5;M6,sarcastic,sarcastic,sarcastic,sarcastic,sarcastic,sarcastic,19,81,False,False,False,0.0,-0.6,flat_delivery_candidate,
test-00002,5,dry heaves from cancer are aweful,dry heaves from cancer are awesome,6,M1;M2;M3;M4;M5;M6,sarcastic,sarcastic,sarcastic,sarcastic,sarcastic,sarcastic,6,33,False,False,False,0.0,-0.6597,flat_delivery_candidate;short_ambiguous_candidate,
test-00237,3,no tropical storm heading our way hate it when it rains hard and we still have school,yes tropical storm heading our way love it when it rains hard and we still have school,6,M1;M2;M3;M4;M5;M6,sarcastic,sarcastic,sarcastic,sarcastic,sarcastic,sarcastic,17,85,False,False,False,0.0,-0.743,flat_delivery_candidate,
test-00005,1,dozier shouldn't be hitting 3 rd,dozier hitting 3 rd ? makes sense,6,M1;M2;M3;M4;M5;M6,sarcastic,sarcastic,sarcastic,sarcastic,sarcastic,sarcastic,6,32,False,False,False,0.0,0.0,flat_delivery_candidate;short_ambiguous_candidate,
test-00006,3,don't you just hate when people takes the credit for something you did ? yeah ? not me,don't you just love when people takes the credit for something you did ? yeah ? me too,6,M1;M2;M3;M4;M5;M6,sarcastic,sarcastic,sarcastic,sarcastic,sarcastic,sarcastic,18,86,True,False,False,0.0,0.7997,rhetorical_question_candidate;positive_surface_wording_candidate,
test-00232,2,way too much tax on this pizza,i jst ordered some vat and service tax and surprisingly got a pizza free,6,M1;M2;M3;M4;M5;M6,sarcastic,sarcastic,sarcastic,sarcastic,sarcastic,sarcastic,7,30,False,False,False,0.0,0.0,flat_delivery_candidate,
test-00047,3,clearly we all did not take fulmer right ?,clearly we all took fulmer right ?,6,M1;M2;M3;M4;M5;M6,sarcastic,sarcastic,sarcastic,sarcastic,sarcastic,sarcastic,9,42,True,False,False,0.0,0.4019,rhetorical_question_candidate;positive_surface_wording_candidate,
test-00238,5,relative visit uncle bhaiya namaste kya chal raha hai ? father bas fogg chal raha hai this is how you treat relatives,relative visit uncle bhaiya namaste kya chal raha hai ? father bas fogg chal raha hai this is how you treat relatives,6,M1;M2;M3;M4;M5;M6,sarcastic,sarcastic,sarcastic,sarcastic,sarcastic,sarcastic,22,117,True,False,False,0.0,0.4019,rhetorical_question_candidate;positive_surface_wording_candidate,
test-00263,4,look at my wit,the big hash tag was in case you were wondering,6,M1;M2;M3;M4;M5;M6,sarcastic,sarcastic,sarcastic,sarcastic,sarcastic,sarcastic,4,14,False,False,False,0.0,0.0,flat_delivery_candidate;short_ambiguous_candidate,
test-00005,5,nonsense dosier hitting 3 rd,dozier hitting 3 rd ? makes sense,6,M1;M2;M3;M4;M5;M6,sarcastic,sarcastic,sarcastic,sarcastic,sarcastic,sarcastic,5,28,False,False,False,0.0,-0.4019,flat_delivery_candidate;short_ambiguous_candidate,
test-00002,1,dry heaves suck,dry heaves from cancer are awesome,6,M1;M2;M3;M4;M5;M6,sarcastic,sarcastic,sarcastic,sarcastic,sarcastic,sarcastic,3,15,False,False,False,0.0,-0.4404,flat_delivery_candidate;short_ambiguous_candidate,
test-00237,2,my school never closes and i'm going to get wet,yes tropical storm heading our way love it when it rains hard and we still have school,6,M1;M2;M3;M4;M5;M6,sarcastic,sarcastic,sarcastic,sarcastic,sarcastic,sarcastic,10,47,False,False,False,0.0,0.0,flat_delivery_candidate,
test-00008,1,when people exit your life you would like them to do it quicker,don't you feel sad when people slowly walk away from your life when you actually want them to run,6,M1;M2;M3;M4;M5;M6,sarcastic,sarcastic,sarcastic,sarcastic,sarcastic,sarcastic,13,63,False,False,False,0.0,0.3612,flat_delivery_candidate;positive_surface_wording_candidate,
test-00043,4,trump doesn't understand big words,cnn now giving us the definition of misconstrue so trump will know when he's screwed up,6,M1;M2;M3;M4;M5;M6,sarcastic,sarcastic,sarcastic,sarcastic,sarcastic,sarcastic,5,34,False,False,False,0.0,0.0,flat_delivery_candidate;short_ambiguous_candidate,
test-00007,9,don't you just hate it when people ignore you,don't you just love it when people ignore you,6,M1;M2;M3;M4;M5;M6,sarcastic,sarcastic,sarcastic,sarcastic,sarcastic,sarcastic,9,45,False,False,False,0.0,0.1275,flat_delivery_candidate,
test-00002,2,dry heaves from cancer are not awesome,dry heaves from cancer are awesome,6,M1;M2;M3;M4;M5;M6,sarcastic,sarcastic,sarcastic,sarcastic,sarcastic,sarcastic,7,38,False,False,False,0.0,-0.8269,flat_delivery_candidate,
test-00238,4,relative visit uncle bhaiya namaste kya chal raha hai ? father bas fogg chal raha hai this is how you treat relatives,relative visit uncle bhaiya namaste kya chal raha hai ? father bas fogg chal raha hai this is how you treat relatives,6,M1;M2;M3;M4;M5;M6,sarcastic,sarcastic,sarcastic,sarcastic,sarcastic,sarcastic,22,117,True,False,False,0.0,0.4019,rhetorical_question_candidate;positive_surface_wording_candidate,
test-00002,3,dry heaves from cancer are depressive,dry heaves from cancer are awesome,6,M1;M2;M3;M4;M5;M6,sarcastic,sarcastic,sarcastic,sarcastic,sarcastic,sarcastic,6,37,False,False,False,0.0,-0.7906,flat_delivery_candidate;short_ambiguous_candidate,
test-00039,1,i'm not happy for you,congratulations,6,M1;M2;M3;M4;M5;M6,sarcastic,sarcastic,sarcastic,sarcastic,sarcastic,sarcastic,5,21,False,False,False,0.0,-0.4585,flat_delivery_candidate;short_ambiguous_candidate,
test-00040,2,computer is killing productivity,computer misbehaving at 2 30 pm on a monday is super great for productivity,6,M1;M2;M3;M4;M5;M6,sarcastic,sarcastic,sarcastic,sarcastic,sarcastic,sarcastic,4,32,False,False,False,0.0,-0.6597,flat_delivery_candidate;short_ambiguous_candidate,
test-00040,3,computer nicely behaving at 2 30 pm on a monday is super flop for productivity,computer misbehaving at 2 30 pm on a monday is super great for productivity,6,M1;M2;M3;M4;M5;M6,sarcastic,sarcastic,sarcastic,sarcastic,sarcastic,sarcastic,15,78,False,False,False,0.0,0.6597,flat_delivery_candidate;positive_surface_wording_candidate,
test-00263,3,the big hashtag was sarcasm i know you didn't understand fuckhead,the big hash tag was in case you were wondering,6,M1;M2;M3;M4;M5;M6,sarcastic,sarcastic,sarcastic,sarcastic,sarcastic,sarcastic,11,65,False,False,False,0.0,0.3387,flat_delivery_candidate;positive_surface_wording_candidate,
test-00043,5,cnn now giving us the definition of misconstrue so trump will know when he's screwed up,cnn now giving us the definition of misconstrue so trump will know when he's screwed up,6,M1;M2;M3;M4;M5;M6,sarcastic,sarcastic,sarcastic,sarcastic,sarcastic,sarcastic,16,87,False,False,False,0.0,-0.2023,flat_delivery_candidate,
test-00116,4,heaven can wait is a strange movie,beatty called it heaven can wait but it's really here comes mr jordan that crafty devil threw people off the lubitsch trail,5,M1;M2;M3;M4;M6,sarcastic,sarcastic,sarcastic,sarcastic,not_sarcastic,sarcastic,7,34,False,False,False,0.0,0.3612,flat_delivery_candidate;positive_surface_wording_candidate,
test-00016,3,didn't watch the bachelor don't care everyone tweeted about it so i know what's going on,didn't watch the bachelor but i'm so glad everyone tweeted about it so i know what's going on,5,M1;M2;M3;M4;M5,sarcastic,sarcastic,sarcastic,sarcastic,sarcastic,not_sarcastic,16,88,False,False,False,0.0,-0.3875,flat_delivery_candidate,
test-00116,8,beatty called it hell can wait but it's really here goes mr jordan that crafty devil threw people off the lubitsch trail,beatty called it heaven can wait but it's really here comes mr jordan that crafty devil threw people off the lubitsch trail,5,M1;M2;M3;M4;M6,sarcastic,sarcastic,sarcastic,sarcastic,not_sarcastic,sarcastic,22,120,False,False,False,0.0,-0.872,flat_delivery_candidate,
test-00116,9,heaven can wait is a strange movie,beatty called it heaven can wait but it's really here comes mr jordan that crafty devil threw people off the lubitsch trail,5,M1;M2;M3;M4;M6,sarcastic,sarcastic,sarcastic,sarcastic,not_sarcastic,sarcastic,7,34,False,False,False,0.0,0.3612,flat_delivery_candidate;positive_surface_wording_candidate,
test-00153,5,disgusting first lap such happyness my lease favorite german is down to 10 th,amazing first lap such a shame my favorite german is down to 10 th,5,M2;M3;M4;M5;M6,not_sarcastic,sarcastic,sarcastic,sarcastic,sarcastic,sarcastic,14,77,False,False,False,0.0,-0.1027,flat_delivery_candidate,
test-00116,3,beatty called it hell can wait but it's really here goes mr jordan that crafty devil threw people off the lubitsch trail,beatty called it heaven can wait but it's really here comes mr jordan that crafty devil threw people off the lubitsch trail,5,M1;M2;M3;M4;M6,sarcastic,sarcastic,sarcastic,sarcastic,not_sarcastic,sarcastic,22,120,False,False,False,0.0,-0.872,flat_delivery_candidate,
test-00119,4,i want to win but with no effort,bake off at work today if i lie and say my cake is ' vegan ' and ' gluten free ' does that automatically entitle me to win ?,5,M2;M3;M4;M5;M6,not_sarcastic,sarcastic,sarcastic,sarcastic,sarcastic,sarcastic,8,32,False,False,False,0.0,-0.0644,flat_delivery_candidate,
test-00117,1,be influential by being an influencer that influences people's influencing in an influential way buy my book,be influential by being an influencer that influences people's influencing in an influential way buy my book,5,M1;M2;M3;M4;M5,sarcastic,sarcastic,sarcastic,sarcastic,sarcastic,not_sarcastic,17,108,False,False,False,0.0,0.7003,flat_delivery_candidate;positive_surface_wording_candidate,
test-00153,3,boring first lap so happy my non favorite german is down to 10 th,amazing first lap such a shame my favorite german is down to 10 th,5,M1;M2;M3;M4;M5,sarcastic,sarcastic,sarcastic,sarcastic,sarcastic,not_sarcastic,14,65,False,False,False,0.0,0.7537,flat_delivery_candidate;positive_surface_wording_candidate,
test-00153,1,terrible first lap happy that my least favorite german is down to 10 th,amazing first lap such a shame my favorite german is down to 10 th,5,M1;M2;M3;M4;M5,sarcastic,sarcastic,sarcastic,sarcastic,sarcastic,not_sarcastic,14,71,False,False,False,0.0,-0.2216,flat_delivery_candidate,
test-00151,4,that wasn't a surprise at all,and by revealing i mean not at all not even in the least,5,M1;M2;M3;M4;M5,sarcastic,sarcastic,sarcastic,sarcastic,sarcastic,not_sarcastic,6,29,False,False,False,0.0,-0.2057,flat_delivery_candidate;short_ambiguous_candidate,
test-00117,2,be influential by being an influencer that influences people's influencing in an influential way buy my book,be influential by being an influencer that influences people's influencing in an influential way buy my book,5,M1;M2;M3;M4;M5,sarcastic,sarcastic,sarcastic,sarcastic,sarcastic,not_sarcastic,17,108,False,False,False,0.0,0.7003,flat_delivery_candidate;positive_surface_wording_candidate,
test-00117,3,he used complicated sentences just to add beauty to his book for selling it,be influential by being an influencer that influences people's influencing in an influential way buy my book,5,M2;M3;M4;M5;M6,not_sarcastic,sarcastic,sarcastic,sarcastic,sarcastic,sarcastic,14,75,False,False,False,0.0,0.6124,flat_delivery_candidate;positive_surface_wording_candidate,
test-00167,5,i hate life when i have to live without alcohol gluten dairy and meat,alcohol free gluten free dairy free predominantly meat free loving life,5,M1;M2;M3;M4;M5,sarcastic,sarcastic,sarcastic,sarcastic,sarcastic,not_sarcastic,14,69,False,False,False,0.0,-0.5719,flat_delivery_candidate,
test-00151,2,it's showing way too much,and by revealing i mean not at all not even in the least,5,M1;M2;M3;M4;M5,sarcastic,sarcastic,sarcastic,sarcastic,sarcastic,not_sarcastic,5,25,False,False,False,0.0,0.0,flat_delivery_candidate;short_ambiguous_candidate,
test-00152,4,i judge people who don't know stuff before their time,anadita patel you moron i too dont know anything about the person rip muhammad ali but i no try to show off my intelligence,5,M2;M3;M4;M5;M6,not_sarcastic,sarcastic,sarcastic,sarcastic,sarcastic,sarcastic,10,53,False,False,False,0.0,0.0,flat_delivery_candidate,
test-00256,3,rush me i'm not waiting for the last minute,don't rush me i'm waiting for the last minute,5,M1;M2;M3;M4;M5,sarcastic,sarcastic,sarcastic,sarcastic,sarcastic,not_sarcastic,9,43,False,False,False,0.0,0.0,flat_delivery_candidate,
test-00118,1,based on the tweets on the ed sheeran trend it seems his fans are really not intelligent,based on the tweets on the ed sheeran trend it seems his fans are really quite intelligent,5,M2;M3;M4;M5;M6,not_sarcastic,sarcastic,sarcastic,sarcastic,sarcastic,sarcastic,17,88,False,False,False,0.0,-0.4134,flat_delivery_candidate,
test-00152,2,people pretending they were always fans of ali after he died,anadita patel you moron i too dont know anything about the person rip muhammad ali but i no try to show off my intelligence,5,M1;M2;M3;M4;M5,sarcastic,sarcastic,sarcastic,sarcastic,sarcastic,not_sarcastic,11,60,False,False,False,0.0,-0.4939,flat_delivery_candidate,
test-00118,5,based on the tweets on the ed sheeran trend it seems his fans are really quite idiotic,based on the tweets on the ed sheeran trend it seems his fans are really quite intelligent,5,M1;M2;M3;M4;M5,sarcastic,sarcastic,sarcastic,sarcastic,sarcastic,not_sarcastic,17,86,False,False,False,0.0,-0.6335,flat_delivery_candidate,
test-00118,4,based on the tweets on the ed sheeran trend it seems his fans are really quite stupid,based on the tweets on the ed sheeran trend it seems his fans are really quite intelligent,5,M1;M2;M3;M4;M5,sarcastic,sarcastic,sarcastic,sarcastic,sarcastic,not_sarcastic,17,85,False,False,False,0.0,-0.6087,flat_delivery_candidate,
test-00117,5,be influential by being an influencer that influences people's influencing in an influential way buy my book,be influential by being an influencer that influences people's influencing in an influential way buy my book,5,M1;M2;M3;M4;M5,sarcastic,sarcastic,sarcastic,sarcastic,sarcastic,not_sarcastic,17,108,False,False,False,0.0,0.7003,flat_delivery_candidate;positive_surface_wording_candidate,
test-00142,2,roots is depressing as all hell,anyway y'all carry on back to roots cause that's making me feel even better,5,M1;M2;M3;M4;M5,sarcastic,sarcastic,sarcastic,sarcastic,sarcastic,not_sarcastic,6,31,False,False,False,0.0,-0.802,flat_delivery_candidate;short_ambiguous_candidate,
test-00165,4,government explanations of conspiricies are all lies,all conspiracies are off base with no truth to them and all govt explanations are true and accurate and shouldn't be questioned,5,M1;M2;M3;M4;M5,sarcastic,sarcastic,sarcastic,sarcastic,sarcastic,not_sarcastic,7,52,False,False,False,0.0,-0.4215,flat_delivery_candidate,
test-00188,5,a day trip to saudi arabia aweful,a day trip to saudi arabia there's nice,5,M1;M2;M3;M4;M5,sarcastic,sarcastic,sarcastic,sarcastic,sarcastic,not_sarcastic,7,33,False,False,False,0.0,0.0,flat_delivery_candidate,
test-00158,2,alright all the bulls can rally on the fact that a poor jobs number is temporarily going to slow the fed from raising rates spy,alright all the bulls can rally on the fact that a poor jobs number is temporarily going to slow the fed from raising rates spy,5,M1;M2;M3;M4;M6,sarcastic,sarcastic,sarcastic,sarcastic,not_sarcastic,sarcastic,25,127,False,False,False,0.0,-0.2023,flat_delivery_candidate;long_context_dependent_candidate,
test-00111,5,i wonder if there is at all happening when i am from my computer,been away from my computer so just wondering if there's any thing going on in the grain markets today ?,5,M1;M2;M3;M4;M5,sarcastic,sarcastic,sarcastic,sarcastic,sarcastic,not_sarcastic,14,64,False,False,False,0.0,0.0,flat_delivery_candidate,
test-00158,3,alright all the bulls can rally on the rumour that a good jobs number is permanently going to fastenthe fed from downing rate spy,alright all the bulls can rally on the fact that a poor jobs number is temporarily going to slow the fed from raising rates spy,5,M2;M3;M4;M5;M6,not_sarcastic,sarcastic,sarcastic,sarcastic,sarcastic,sarcastic,24,129,False,False,False,0.0,0.6369,flat_delivery_candidate;positive_surface_wording_candidate,
test-00111,4,i pretend i don't care that i was away from my computer,been away from my computer so just wondering if there's any thing going on in the grain markets today ?,5,M1;M2;M3;M4;M5,sarcastic,sarcastic,sarcastic,sarcastic,sarcastic,not_sarcastic,12,55,False,False,False,0.0,-0.4639,flat_delivery_candidate,
test-00158,6,alright all the bulls can rally on the fact that a poor jobs number is temporarily going to slow the fed from raising rates spy,alright all the bulls can rally on the fact that a poor jobs number is temporarily going to slow the fed from raising rates spy,5,M1;M2;M3;M4;M6,sarcastic,sarcastic,sarcastic,sarcastic,not_sarcastic,sarcastic,25,127,False,False,False,0.0,-0.2023,flat_delivery_candidate;long_context_dependent_candidate,
test-00018,2,my team did not need that play to happen,did you see how the yankees manufactured that run from a leadoff double ? that was amazing,5,M1;M2;M3;M4;M5,sarcastic,sarcastic,sarcastic,sarcastic,sarcastic,not_sarcastic,9,40,False,False,False,0.0,-0.2584,flat_delivery_candidate,
test-00110,4,being alone is never fun,being alone is always fun,5,M1;M2;M3;M4;M6,sarcastic,sarcastic,sarcastic,sarcastic,not_sarcastic,sarcastic,5,24,False,False,False,0.0,-0.5722,flat_delivery_candidate;short_ambiguous_candidate,
test-00110,2,being alone is never fun,being alone is always fun,5,M1;M2;M3;M4;M6,sarcastic,sarcastic,sarcastic,sarcastic,not_sarcastic,sarcastic,5,24,False,False,False,0.0,-0.5722,flat_delivery_candidate;short_ambiguous_candidate,
test-00158,7,alright all the bulls can rally on the fact that a poor jobs number is temporarily going to slow the fed from raising rates spy,alright all the bulls can rally on the fact that a poor jobs number is temporarily going to slow the fed from raising rates spy,5,M1;M2;M3;M4;M6,sarcastic,sarcastic,sarcastic,sarcastic,not_sarcastic,sarcastic,25,127,False,False,False,0.0,-0.2023,flat_delivery_candidate;long_context_dependent_candidate,
test-00018,5,did you see how the yankees manufactured that run from a leadoff double ? that was disgusting,did you see how the yankees manufactured that run from a leadoff double ? that was amazing,5,M1;M2;M3;M4;M5,sarcastic,sarcastic,sarcastic,sarcastic,sarcastic,not_sarcastic,17,93,True,False,False,0.0,-0.5267,rhetorical_question_candidate,
test-00109,3,being born to your parents religion is the first time you didn t agree to terms and conditions after reading them,being born to your parents religion is the first time you agreed to teams and conditions without reading them,5,M2;M3;M4;M5;M6,not_sarcastic,sarcastic,sarcastic,sarcastic,sarcastic,sarcastic,21,113,False,False,False,0.0,0.3612,flat_delivery_candidate;positive_surface_wording_candidate,
test-00001,5,due to the large blister on the bottom of my right foot i guess i'm stuck on the couch tomorrow that's awsome,due to the large blister on the bottom of my right foot i guess i'm stuck on the couch tomorrow that sucks,5,M1;M2;M3;M4;M5,sarcastic,sarcastic,sarcastic,sarcastic,sarcastic,not_sarcastic,22,109,False,False,False,0.0,-0.25,flat_delivery_candidate,
test-00001,4,i hate having a blister but i love sitting on the couch,due to the large blister on the bottom of my right foot i guess i'm stuck on the couch tomorrow that sucks,5,M1;M2;M3;M4;M5,sarcastic,sarcastic,sarcastic,sarcastic,sarcastic,not_sarcastic,12,55,False,False,False,0.0,0.6652,flat_delivery_candidate;positive_surface_wording_candidate,
test-00001,3,due to the large blister on the bottom of my right foot i guess i'm stuck on the couch tomorrow that awsome,due to the large blister on the bottom of my right foot i guess i'm stuck on the couch tomorrow that sucks,5,M1;M2;M3;M4;M5,sarcastic,sarcastic,sarcastic,sarcastic,sarcastic,not_sarcastic,22,107,False,False,False,0.0,-0.25,flat_delivery_candidate,
test-00160,1,almost lunchtime i get a half hour away from this terrible place,almost lunchtime i get a half hour away from this paradise,5,M1;M2;M3;M4;M5,sarcastic,sarcastic,sarcastic,sarcastic,sarcastic,not_sarcastic,12,64,False,False,False,0.0,-0.561,flat_delivery_candidate,
test-00160,2,i'm happy to be away from the miserable place i work,almost lunchtime i get a half hour away from this paradise,5,M1;M2;M3;M4;M5,sarcastic,sarcastic,sarcastic,sarcastic,sarcastic,not_sarcastic,11,52,False,False,False,0.0,0.128,flat_delivery_candidate,
test-00160,3,almost lunchtime i get a half hour close far this terrible workplace,almost lunchtime i get a half hour away from this paradise,5,M1;M2;M3;M4;M5,sarcastic,sarcastic,sarcastic,sarcastic,sarcastic,not_sarcastic,12,68,False,False,False,0.0,-0.561,flat_delivery_candidate,
test-00191,2,everyone looked super upset and i want to be anywhere else,a beautiful start to the week lots of happy smiling people going to ldn today,5,M1;M2;M3;M4;M5,sarcastic,sarcastic,sarcastic,sarcastic,sarcastic,not_sarcastic,11,58,False,False,False,0.0,0.3818,flat_delivery_candidate;positive_surface_wording_candidate,
test-00107,5,being honest is difficult when ur friend swanking his imported item collection without realizing those all are made in china,being honest is difficult when ur friend swanking his imported item collection without realizing those all are made in china,5,M2;M3;M4;M5;M6,not_sarcastic,sarcastic,sarcastic,sarcastic,sarcastic,sarcastic,20,124,False,False,False,0.0,0.6124,flat_delivery_candidate;positive_surface_wording_candidate,
test-00189,1,a no look pass getting picked off is to be expected,a curry blind left handed hook pass results in a turnover ? ? no way gtfo who could have seen that coming ?,5,M1;M2;M3;M4;M6,sarcastic,sarcastic,sarcastic,sarcastic,not_sarcastic,sarcastic,11,51,False,False,False,0.0,-0.296,flat_delivery_candidate,
test-00158,1,alright all the bulls can rally on the fact that a poor jobs number is temporarily going to slow the fed from raising rates spy,alright all the bulls can rally on the fact that a poor jobs number is temporarily going to slow the fed from raising rates spy,5,M1;M2;M3;M4;M6,sarcastic,sarcastic,sarcastic,sarcastic,not_sarcastic,sarcastic,25,127,False,False,False,0.0,-0.2023,flat_delivery_candidate;long_context_dependent_candidate,
test-00154,5,disgusting when you hear three gunshots go off in your area,always comforting when you hear three gunshots go off in your area,5,M1;M2;M3;M4;M5,sarcastic,sarcastic,sarcastic,sarcastic,sarcastic,not_sarcastic,11,59,False,False,False,0.0,-0.5267,flat_delivery_candidate,
test-00188,4,a day trip to saudi arabia aweful,a day trip to saudi arabia there's nice,5,M1;M2;M3;M4;M5,sarcastic,sarcastic,sarcastic,sarcastic,sarcastic,not_sarcastic,7,33,False,False,False,0.0,0.0,flat_delivery_candidate,
test-00165,1,government explanations of conspiricies are all lies,all conspiracies are off base with no truth to them and all govt explanations are true and accurate and shouldn't be questioned,5,M1;M2;M3;M4;M5,sarcastic,sarcastic,sarcastic,sarcastic,sarcastic,not_sarcastic,7,52,False,False,False,0.0,-0.4215,flat_delivery_candidate,
test-00164,5,all that blood that was lost on that high sticking is such a tragedy,all that blood that was lost on that high sticking is such a tragedy,5,M1;M2;M3;M4;M5,sarcastic,sarcastic,sarcastic,sarcastic,sarcastic,not_sarcastic,14,68,False,False,False,0.0,-0.7717,flat_delivery_candidate,
test-00016,8,didn't watch the bachelor don't care everyone tweeted about it so i know what's going on,didn't watch the bachelor but i'm so glad everyone tweeted about it so i know what's going on,5,M1;M2;M3;M4;M5,sarcastic,sarcastic,sarcastic,sarcastic,sarcastic,not_sarcastic,16,88,False,False,False,0.0,-0.3875,flat_delivery_candidate,
test-00187,1,a film showing up in poor lights will be willingly passed by censor board because it will show up atleast in some lights,a film showing up in poor lights will be willingly passed by censor board because it will show up atleast in some lights,5,M1;M2;M3;M4;M5,sarcastic,sarcastic,sarcastic,sarcastic,sarcastic,not_sarcastic,23,120,False,False,False,0.0,-0.7269,flat_delivery_candidate,
test-00115,1,2 lines are plenty,because 4 lines is so much better when 2 would do,5,M2;M3;M4;M5;M6,not_sarcastic,sarcastic,sarcastic,sarcastic,sarcastic,sarcastic,4,18,False,False,False,0.0,0.0,flat_delivery_candidate;short_ambiguous_candidate,
test-00164,4,all that blood that was lost on that high sticking is not a tragedy,all that blood that was lost on that high sticking is such a tragedy,5,M1;M2;M3;M4;M5,sarcastic,sarcastic,sarcastic,sarcastic,sarcastic,not_sarcastic,14,67,False,False,False,0.0,0.2996,flat_delivery_candidate,
test-00187,2,a film showing up in poor lights will be willingly passed by censor board because it will show up atleast in some lights,a film showing up in poor lights will be willingly passed by censor board because it will show up atleast in some lights,5,M1;M2;M3;M4;M5,sarcastic,sarcastic,sarcastic,sarcastic,sarcastic,not_sarcastic,23,120,False,False,False,0.0,-0.7269,flat_delivery_candidate,
test-00263,2,the big hash tag was in case you were wondering,the big hash tag was in case you were wondering,5,M1;M2;M3;M4;M6,sarcastic,sarcastic,sarcastic,sarcastic,not_sarcastic,sarcastic,10,47,False,False,False,0.0,0.0,flat_delivery_candidate,
test-00164,3,all that blood that was lost on that high sticking is such a miracle,all that blood that was lost on that high sticking is such a tragedy,5,M1;M2;M3;M4;M5,sarcastic,sarcastic,sarcastic,sarcastic,sarcastic,not_sarcastic,14,68,False,False,False,0.0,0.3612,flat_delivery_candidate;positive_surface_wording_candidate,
test-00187,3,a film showing up in poor lights will be willingly passed by censor board because it will show up atleast in some lights,a film showing up in poor lights will be willingly passed by censor board because it will show up atleast in some lights,5,M1;M2;M3;M4;M5,sarcastic,sarcastic,sarcastic,sarcastic,sarcastic,not_sarcastic,23,120,False,False,False,0.0,-0.7269,flat_delivery_candidate,
test-00156,1,being hot headed has not done well for you,also don't change yordano ventura being a hothead has done well for you,5,M1;M2;M3;M5;M6,sarcastic,sarcastic,sarcastic,not_sarcastic,sarcastic,sarcastic,9,42,False,False,False,0.0,-0.2057,flat_delivery_candidate,
test-00156,4,being hot headed has not done well for you,also don't change yordano ventura being a hothead has done well for you,5,M1;M2;M3;M5;M6,sarcastic,sarcastic,sarcastic,not_sarcastic,sarcastic,sarcastic,9,42,False,False,False,0.0,-0.2057,flat_delivery_candidate,
test-00187,5,a film showing up in poor lights will be willingly passed by censor board because it will show up atleast in some lights,a film showing up in poor lights will be willingly passed by censor board because it will show up atleast in some lights,5,M1;M2;M3;M4;M5,sarcastic,sarcastic,sarcastic,sarcastic,sarcastic,not_sarcastic,23,120,False,False,False,0.0,-0.7269,flat_delivery_candidate,
test-00188,1,a day trip to saudi arabia there's not nice,a day trip to saudi arabia there's nice,5,M1;M2;M3;M4;M5,sarcastic,sarcastic,sarcastic,sarcastic,sarcastic,not_sarcastic,9,43,False,False,False,0.0,-0.3252,flat_delivery_candidate,
test-00164,2,all that blood that was lost on that high sticking is not a tragedy,all that blood that was lost on that high sticking is such a tragedy,5,M1;M2;M3;M4;M5,sarcastic,sarcastic,sarcastic,sarcastic,sarcastic,not_sarcastic,14,67,False,False,False,0.0,0.2996,flat_delivery_candidate,
test-00188,2,a day trip to saudi arabia there's aweful,a day trip to saudi arabia there's nice,5,M1;M2;M3;M4;M5,sarcastic,sarcastic,sarcastic,sarcastic,sarcastic,not_sarcastic,8,41,False,False,False,0.0,0.0,flat_delivery_candidate,
test-00113,2,there is no virtue in college sport,because there's so much virtue to begin with in bigtime college athletics,5,M2;M3;M4;M5;M6,not_sarcastic,sarcastic,sarcastic,sarcastic,sarcastic,sarcastic,7,35,False,False,False,0.0,0.1531,flat_delivery_candidate,
test-00188,3,a day trip to saudi arabia there's unpleasant,a day trip to saudi arabia there's nice,5,M1;M2;M3;M4;M5,sarcastic,sarcastic,sarcastic,sarcastic,sarcastic,not_sarcastic,8,45,False,False,False,0.0,-0.4767,flat_delivery_candidate,
test-00157,4,also gotta move a piano as well bummer,also gotta move a piano as well joy,5,M1;M2;M3;M4;M5,sarcastic,sarcastic,sarcastic,sarcastic,sarcastic,not_sarcastic,8,38,False,False,False,0.0,-0.128,flat_delivery_candidate,
test-00014,4,all teen book series are set in a future dystopia with a totalitarian government and forbidden love,does anyone know of a teen book series set in a future dystopia with a totalitarian government and forbidden love ?,5,M1;M2;M3;M4;M5,sarcastic,sarcastic,sarcastic,sarcastic,sarcastic,not_sarcastic,17,99,False,False,False,0.0,-0.1779,flat_delivery_candidate,
test-00148,2,another day another no volume pop of 025 for no reason spyit's like taking candy from a baby,another day another no volume pop of 025 for no reason spyit's like taking candy from a baby,5,M2;M3;M4;M5;M6,not_sarcastic,sarcastic,sarcastic,sarcastic,sarcastic,sarcastic,18,92,False,False,False,0.0,-0.2263,flat_delivery_candidate,
test-00120,1,bae is not a good singer,bae is such a good singer,5,M2;M3;M4;M5;M6,not_sarcastic,sarcastic,sarcastic,sarcastic,sarcastic,sarcastic,6,24,False,False,False,0.0,-0.3412,flat_delivery_candidate;short_ambiguous_candidate,
test-00136,4,i hate cleaning i think it's beneath me because i'm young,as a twenty fiveyearold woman there's nothing i'd rather be doing in a sunday than cleaning the kitchen bins and fridge,5,M1;M2;M3;M4;M5,sarcastic,sarcastic,sarcastic,sarcastic,sarcastic,not_sarcastic,11,57,False,False,False,0.0,-0.5719,flat_delivery_candidate,
test-00175,3,oh no i hate replacing a tire at 9 in the morning,ah yes i love replacing a tire at 9 in the morning,5,M1;M2;M3;M4;M5,sarcastic,sarcastic,sarcastic,sarcastic,sarcastic,not_sarcastic,12,49,False,False,False,0.0,-0.7096,flat_delivery_candidate,
test-00175,5,oh no i hate replacing a tire at 9 in the morning,ah yes i love replacing a tire at 9 in the morning,5,M1;M2;M3;M4;M5,sarcastic,sarcastic,sarcastic,sarcastic,sarcastic,not_sarcastic,12,49,False,False,False,0.0,-0.7096,flat_delivery_candidate,
test-00176,1,boo a headache,ah joy a headache,5,M1;M2;M3;M4;M5,sarcastic,sarcastic,sarcastic,sarcastic,sarcastic,not_sarcastic,3,14,False,False,False,0.0,0.0,flat_delivery_candidate;short_ambiguous_candidate,
test-00176,3,not a joy a headache,ah joy a headache,5,M1;M2;M3;M4;M5,sarcastic,sarcastic,sarcastic,sarcastic,sarcastic,not_sarcastic,5,20,False,False,False,0.0,-0.4717,flat_delivery_candidate;short_ambiguous_candidate,
test-00177,3,after being sick i'm making my return to working out this wednesday i'm sooo tired for another leg day,after being sick i'm making my return to working out this wednesday i'm sooo excited for another leg day,5,M1;M2;M3;M4;M5,sarcastic,sarcastic,sarcastic,sarcastic,sarcastic,not_sarcastic,19,102,False,False,False,0.0,-0.7351,flat_delivery_candidate,
test-00259,5,i am poor but let me to pay attention,i am poor so don't let me to pay attention,5,M1;M2;M3;M4;M5,sarcastic,sarcastic,sarcastic,sarcastic,sarcastic,not_sarcastic,9,37,False,False,False,0.0,-0.3919,flat_delivery_candidate,
test-00145,1,another night of work bummer,another night of work oh the joy,5,M1;M2;M3;M4;M5,sarcastic,sarcastic,sarcastic,sarcastic,sarcastic,not_sarcastic,5,28,False,False,False,0.0,-0.3818,flat_delivery_candidate;short_ambiguous_candidate,
test-00145,2,another night of work terrible,another night of work oh the joy,5,M1;M2;M3;M4;M5,sarcastic,sarcastic,sarcastic,sarcastic,sarcastic,not_sarcastic,5,30,False,False,False,0.0,-0.4767,flat_delivery_candidate;short_ambiguous_candidate,
test-00262,5,and the winner of most pointless shift goes to today june 5 th 2016,and the winner of most pointless shift goes to today june 5 th 2016,5,M2;M3;M4;M5;M6,not_sarcastic,sarcastic,sarcastic,sarcastic,sarcastic,sarcastic,14,67,False,False,False,0.0,0.5859,flat_delivery_candidate;positive_surface_wording_candidate,
test-00010,3,don't worry bochy give posey hat rest he needs since he's getting up in age,don't worry bochy give posey hat rest he needs since he's getting up in age,5,M1;M2;M3;M4;M6,sarcastic,sarcastic,sarcastic,sarcastic,not_sarcastic,sarcastic,15,75,False,False,False,0.0,0.3412,flat_delivery_candidate;positive_surface_wording_candidate,
test-00177,4,i hate leg day,after being sick i'm making my return to working out this wednesday i'm sooo excited for another leg day,5,M1;M2;M3;M4;M5,sarcastic,sarcastic,sarcastic,sarcastic,sarcastic,not_sarcastic,4,14,False,False,False,0.0,-0.5719,flat_delivery_candidate;short_ambiguous_candidate,
test-00132,5,at a padres game and i'm trying to explain the fascinating history of cannibalism i learned today to k he's never loved me more,at a padres game and i'm trying to explain the fascinating history of cannibalism i learned today to k he's never loved me more,5,M2;M3;M4;M5;M6,not_sarcastic,sarcastic,sarcastic,sarcastic,sarcastic,sarcastic,24,127,False,False,False,0.0,0.091,flat_delivery_candidate,
test-00177,5,after being sick i'm making my return to working out this wednesday i'm sooo annoyed for another leg day,after being sick i'm making my return to working out this wednesday i'm sooo excited for another leg day,5,M1;M2;M3;M4;M5,sarcastic,sarcastic,sarcastic,sarcastic,sarcastic,not_sarcastic,19,104,False,False,False,0.0,-0.7096,flat_delivery_candidate,
test-00132,3,at a padres game and i'm trying to explain the fascinating history of cannibalism i learned today to k he's never loved me more,at a padres game and i'm trying to explain the fascinating history of cannibalism i learned today to k he's never loved me more,5,M2;M3;M4;M5;M6,not_sarcastic,sarcastic,sarcastic,sarcastic,sarcastic,sarcastic,24,127,False,False,False,0.0,0.091,flat_delivery_candidate,
test-00107,3,being honest is difficult when ur friend swanking his imported item collection without realizing those all are made in china,being honest is difficult when ur friend swanking his imported item collection without realizing those all are made in china,5,M2;M3;M4;M5;M6,not_sarcastic,sarcastic,sarcastic,sarcastic,sarcastic,sarcastic,20,124,False,False,False,0.0,0.6124,flat_delivery_candidate;positive_surface_wording_candidate,
test-00178,2,i think it's the advertisers fault that we have a short attention span,advertisers complain because we are the generation with less attention in history about 8 seconds i cannot imagine why,5,M1;M2;M4;M5;M6,sarcastic,sarcastic,not_sarcastic,sarcastic,sarcastic,sarcastic,13,70,False,False,False,0.0,-0.4019,flat_delivery_candidate,
test-00168,10,the world is full of shit,aint that much shit in the world,5,M1;M2;M4;M5;M6,sarcastic,sarcastic,not_sarcastic,sarcastic,sarcastic,sarcastic,6,25,False,False,False,0.0,-0.5574,flat_delivery_candidate;short_ambiguous_candidate,
test-00010,5,don't worry bochy give posey hat rest he needs since he's getting up in age,don't worry bochy give posey hat rest he needs since he's getting up in age,5,M1;M2;M3;M4;M6,sarcastic,sarcastic,sarcastic,sarcastic,not_sarcastic,sarcastic,15,75,False,False,False,0.0,0.3412,flat_delivery_candidate;positive_surface_wording_candidate,
test-00131,2,the weather sucks bad,at least it's great weather to be driving to cambridge in,5,M1;M2;M3;M4;M5,sarcastic,sarcastic,sarcastic,sarcastic,sarcastic,not_sarcastic,4,21,False,False,False,0.0,-0.7184,flat_delivery_candidate;short_ambiguous_candidate,
test-00136,3,as a twenty fiveyearold woman i'd rather anything rather than cleaning the kitchen bins and fridge,as a twenty fiveyearold woman there's nothing i'd rather be doing in a sunday than cleaning the kitchen bins and fridge,5,M1;M2;M3;M4;M5,sarcastic,sarcastic,sarcastic,sarcastic,sarcastic,not_sarcastic,16,98,False,False,False,0.0,0.0,flat_delivery_candidate,
test-00144,4,yeah we need to make guns harder for people to get,another shooting ? yeah we totally need to make guns easier for people to get,5,M1;M2;M3;M4;M5,sarcastic,sarcastic,sarcastic,sarcastic,sarcastic,not_sarcastic,11,50,False,False,False,0.0,0.296,flat_delivery_candidate,
test-00130,2,it's a bit late to pull cy now,at least they are pulling cy before things get out of hand,5,M1;M2;M3;M4;M5,sarcastic,sarcastic,sarcastic,sarcastic,sarcastic,not_sarcastic,8,30,False,False,False,0.0,0.0,flat_delivery_candidate,
test-00174,4,people like to pretend they know what they're talking about,ah yes good to see that people are still misunderstanding what gmos are,5,M2;M3;M4;M5;M6,not_sarcastic,sarcastic,sarcastic,sarcastic,sarcastic,sarcastic,10,59,False,False,False,0.0,0.2732,flat_delivery_candidate,
test-00008,3,i feel sad when people people walk away slowly from my life when i want them to run away,don't you feel sad when people slowly walk away from your life when you actually want them to run,5,M1;M2;M3;M4;M5,sarcastic,sarcastic,sarcastic,sarcastic,sarcastic,not_sarcastic,19,88,False,False,False,0.0,-0.4215,flat_delivery_candidate,
test-00262,1,today was the most pointless shift,and the winner of most pointless shift goes to today june 5 th 2016,5,M2;M3;M4;M5;M6,not_sarcastic,sarcastic,sarcastic,sarcastic,sarcastic,sarcastic,6,34,False,False,False,0.0,0.0,flat_delivery_candidate;short_ambiguous_candidate,
test-00008,5,don't you feel sad when people slowly walk away from your life when you actually want them to run,don't you feel sad when people slowly walk away from your life when you actually want them to run,5,M1;M2;M3;M4;M5,sarcastic,sarcastic,sarcastic,sarcastic,sarcastic,not_sarcastic,19,97,False,False,False,0.0,0.4318,flat_delivery_candidate;positive_surface_wording_candidate,
test-00170,3,ahhhh property taxes i hate june,ahhhh property taxes i love june,5,M1;M2;M3;M4;M5,sarcastic,sarcastic,sarcastic,sarcastic,sarcastic,not_sarcastic,6,32,False,False,False,0.0,-0.5719,flat_delivery_candidate;short_ambiguous_candidate,
test-00169,3,is it worst ? living in the real world ?,ain't it fun ? living in the real world ?,5,M2;M3;M4;M5;M6,not_sarcastic,sarcastic,sarcastic,sarcastic,sarcastic,sarcastic,10,40,True,False,False,0.0,-0.6662,rhetorical_question_candidate,
test-00172,1,not cool that they are perpetuating the dumb male stereotype,ah even united healthcare is perpetuating the dumb male stereotype in their commercials now so cool,5,M1;M2;M3;M4;M6,sarcastic,sarcastic,sarcastic,sarcastic,not_sarcastic,sarcastic,10,60,False,False,False,0.0,-0.7623,flat_delivery_candidate,
test-00008,8,i feel sad when people people walk away slowly from my life when i want them to run away,don't you feel sad when people slowly walk away from your life when you actually want them to run,5,M1;M2;M3;M4;M5,sarcastic,sarcastic,sarcastic,sarcastic,sarcastic,not_sarcastic,19,88,False,False,False,0.0,-0.4215,flat_delivery_candidate,
test-00140,2,everyone dies in this show,aot may or may not have killed more people so far than supernatural has,5,M2;M3;M4;M5;M6,not_sarcastic,sarcastic,sarcastic,sarcastic,sarcastic,sarcastic,5,26,False,False,False,0.0,0.0,flat_delivery_candidate;short_ambiguous_candidate,
test-00139,5,are people really blaming the black community for orlando ? terrible,are people really blaming the black community for orlando ? those black people just sitting there being black unbelievable,5,M1;M2;M3;M4;M5,sarcastic,sarcastic,sarcastic,sarcastic,sarcastic,not_sarcastic,11,68,True,False,False,0.0,-0.7645,rhetorical_question_candidate,
test-00262,3,and the winner of most pointless shift goes to today june 5 th 2016,and the winner of most pointless shift goes to today june 5 th 2016,5,M2;M3;M4;M5;M6,not_sarcastic,sarcastic,sarcastic,sarcastic,sarcastic,sarcastic,14,67,False,False,False,0.0,0.5859,flat_delivery_candidate;positive_surface_wording_candidate,
test-00008,10,don't you feel sad when people slowly walk away from your life when you actually want them to run,don't you feel sad when people slowly walk away from your life when you actually want them to run,5,M1;M2;M3;M4;M5,sarcastic,sarcastic,sarcastic,sarcastic,sarcastic,not_sarcastic,19,97,False,False,False,0.0,0.4318,flat_delivery_candidate;positive_surface_wording_candidate,
test-00139,3,are people blaming the black community for orlando ? unbelievable,are people really blaming the black community for orlando ? those black people just sitting there being black unbelievable,5,M1;M2;M3;M4;M5,sarcastic,sarcastic,sarcastic,sarcastic,sarcastic,not_sarcastic,10,65,True,False,False,0.0,-0.34,rhetorical_question_candidate,
test-00139,2,it's believable that some horrible people are blaming black people for what happened,are people really blaming the black community for orlando ? those black people just sitting there being black unbelievable,5,M1;M2;M3;M4;M5,sarcastic,sarcastic,sarcastic,sarcastic,sarcastic,not_sarcastic,13,84,False,False,False,0.0,-0.7717,flat_delivery_candidate,
test-00143,4,another summer weekend that's not blast,another summer weekend that's a blast,5,M1;M2;M3;M4;M5,sarcastic,sarcastic,sarcastic,sarcastic,sarcastic,not_sarcastic,6,39,False,False,False,0.0,0.0,flat_delivery_candidate;short_ambiguous_candidate,
test-00143,5,bummer another summer weekend that's a blast,another summer weekend that's a blast,5,M1;M2;M3;M4;M5,sarcastic,sarcastic,sarcastic,sarcastic,sarcastic,not_sarcastic,7,44,False,False,False,0.0,-0.3818,flat_delivery_candidate,
test-00008,13,i feel sad when people people walk away slowly from my life when i want them to run away,don't you feel sad when people slowly walk away from your life when you actually want them to run,5,M1;M2;M3;M4;M5,sarcastic,sarcastic,sarcastic,sarcastic,sarcastic,not_sarcastic,19,88,False,False,False,0.0,-0.4215,flat_delivery_candidate,
test-00008,15,don't you feel sad when people slowly walk away from your life when you actually want them to run,don't you feel sad when people slowly walk away from your life when you actually want them to run,5,M1;M2;M3;M4;M5,sarcastic,sarcastic,sarcastic,sarcastic,sarcastic,not_sarcastic,19,97,False,False,False,0.0,0.4318,flat_delivery_candidate;positive_surface_wording_candidate,
test-00144,1,another shooting ? yeah we totally need to make guns harder for people to get,another shooting ? yeah we totally need to make guns easier for people to get,5,M1;M2;M3;M4;M5,sarcastic,sarcastic,sarcastic,sarcastic,sarcastic,not_sarcastic,15,77,True,False,False,0.0,0.296,rhetorical_question_candidate,
test-00144,3,another shooting ? yeah we totally need to make guns harder for people to get,another shooting ? yeah we totally need to make guns easier for people to get,5,M1;M2;M3;M4;M5,sarcastic,sarcastic,sarcastic,sarcastic,sarcastic,not_sarcastic,15,77,True,False,False,0.0,0.296,rhetorical_question_candidate,
test-00130,3,at least they are pushing cy before things get in control,at least they are pulling cy before things get out of hand,5,M2;M3;M4;M5;M6,not_sarcastic,sarcastic,sarcastic,sarcastic,sarcastic,sarcastic,11,57,False,False,False,0.0,0.0,flat_delivery_candidate,
test-00010,8,don't worry bochy give posey hat rest he needs since he's getting up in age,don't worry bochy give posey hat rest he needs since he's getting up in age,5,M1;M2;M3;M4;M6,sarcastic,sarcastic,sarcastic,sarcastic,not_sarcastic,sarcastic,15,75,False,False,False,0.0,0.3412,flat_delivery_candidate;positive_surface_wording_candidate,
test-00263,1,the big hash tag was in case you were wondering,the big hash tag was in case you were wondering,5,M1;M2;M3;M4;M6,sarcastic,sarcastic,sarcastic,sarcastic,not_sarcastic,sarcastic,10,47,False,False,False,0.0,0.0,flat_delivery_candidate,
test-00124,5,b c im young its so many other girls guys out here why keep some 1 around who u actually had aconnection with ? that makes sense,b c im young its so many other girls guys out here why keep some 1 around who u actually had aconnection with ? that makes sense,5,M1;M2;M3;M4;M5,sarcastic,sarcastic,sarcastic,sarcastic,sarcastic,not_sarcastic,27,128,True,False,False,0.0,0.0,rhetorical_question_candidate;long_context_dependent_candidate,
test-00184,3,a hate crime against sexual orientation of course nothing in the usa over the last 12 mths gave oxygen to his views,a hate crime against sexual orientation of course nothing in the usa over the last 12 mths gave oxygen to his views,5,M2;M3;M4;M5;M6,not_sarcastic,sarcastic,sarcastic,sarcastic,sarcastic,sarcastic,22,115,False,False,False,0.0,-0.802,flat_delivery_candidate,
test-00124,1,b c im young its so many other girls guys out here why keep some 1 around who u actually had aconnection with ? that makes sense,b c im young its so many other girls guys out here why keep some 1 around who u actually had aconnection with ? that makes sense,5,M1;M2;M3;M4;M5,sarcastic,sarcastic,sarcastic,sarcastic,sarcastic,not_sarcastic,27,128,True,False,False,0.0,0.0,rhetorical_question_candidate;long_context_dependent_candidate,
test-00262,10,today june 5 th 2016 was the most pointless shift,and the winner of most pointless shift goes to today june 5 th 2016,5,M2;M3;M4;M5;M6,not_sarcastic,sarcastic,sarcastic,sarcastic,sarcastic,sarcastic,10,49,False,False,False,0.0,0.0,flat_delivery_candidate,
test-00167,10,i hate life when i have to live without alcohol gluten dairy and meat,alcohol free gluten free dairy free predominantly meat free loving life,5,M1;M2;M3;M4;M5,sarcastic,sarcastic,sarcastic,sarcastic,sarcastic,not_sarcastic,14,69,False,False,False,0.0,-0.5719,flat_delivery_candidate,
test-00123,5,babies are so lucky they can sleep all day and still everyone loves them p,babies are so lucky they can sleep all day and still everyone loves them p,5,M1;M2;M3;M4;M5,sarcastic,sarcastic,sarcastic,sarcastic,sarcastic,not_sarcastic,15,74,False,False,False,0.0,0.8083,flat_delivery_candidate;positive_surface_wording_candidate,
test-00147,5,another injured angels starter would be disgusting,another injured angels starter would be fantastic,5,M2;M3;M4;M5;M6,not_sarcastic,sarcastic,sarcastic,sarcastic,sarcastic,sarcastic,7,50,False,False,False,0.0,-0.7269,flat_delivery_candidate,
test-00123,3,babies are so lucky they can sleep all day and still everyone loves them p,babies are so lucky they can sleep all day and still everyone loves them p,5,M1;M2;M3;M4;M5,sarcastic,sarcastic,sarcastic,sarcastic,sarcastic,not_sarcastic,15,74,False,False,False,0.0,0.8083,flat_delivery_candidate;positive_surface_wording_candidate,
test-00123,1,babies are so lucky they can sleep all day and still everyone loves them p,babies are so lucky they can sleep all day and still everyone loves them p,5,M1;M2;M3;M4;M5,sarcastic,sarcastic,sarcastic,sarcastic,sarcastic,not_sarcastic,15,74,False,False,False,0.0,0.8083,flat_delivery_candidate;positive_surface_wording_candidate,
test-00122,5,back from vacation amp none of the overhead lights are working using a flashlight in storage is so irritating,back from vacation amp none of the overhead lights are working using a flashlight in storage is such fun,5,M1;M2;M4;M5;M6,sarcastic,sarcastic,not_sarcastic,sarcastic,sarcastic,sarcastic,19,109,False,False,False,0.0,-0.5949,flat_delivery_candidate,
test-00148,1,another day another no volume pop of 025 for no reason spyit's like taking candy from a baby,another day another no volume pop of 025 for no reason spyit's like taking candy from a baby,5,M2;M3;M4;M5;M6,not_sarcastic,sarcastic,sarcastic,sarcastic,sarcastic,sarcastic,18,92,False,False,False,0.0,-0.2263,flat_delivery_candidate,
test-00184,4,a hate crime against sexual orientation of course nothing in the usa over the last 12 mths gave oxygen to his views,a hate crime against sexual orientation of course nothing in the usa over the last 12 mths gave oxygen to his views,5,M2;M3;M4;M5;M6,not_sarcastic,sarcastic,sarcastic,sarcastic,sarcastic,sarcastic,22,115,False,False,False,0.0,-0.802,flat_delivery_candidate,
test-00121,5,back in huntsville always bad to be back here where no one is and nothing ever happens ever,back in huntsville always good to be back here where no one is and nothing ever happens ever,5,M1;M2;M3;M4;M5,sarcastic,sarcastic,sarcastic,sarcastic,sarcastic,not_sarcastic,18,91,False,False,False,0.0,-0.6908,flat_delivery_candidate,
test-00148,3,another day another no volume pop of 025 for no reason spyit's like taking candy from a baby,another day another no volume pop of 025 for no reason spyit's like taking candy from a baby,5,M2;M3;M4;M5;M6,not_sarcastic,sarcastic,sarcastic,sarcastic,sarcastic,sarcastic,18,92,False,False,False,0.0,-0.2263,flat_delivery_candidate,
test-00121,3,back in huntsville always annoying to be back here where no one is and nothing ever happens ever,back in huntsville always good to be back here where no one is and nothing ever happens ever,5,M1;M2;M3;M4;M5,sarcastic,sarcastic,sarcastic,sarcastic,sarcastic,not_sarcastic,18,96,False,False,False,0.0,-0.5994,flat_delivery_candidate,
test-00148,4,another day another no volume pop of 025 for no reason spyit's like taking candy from a baby,another day another no volume pop of 025 for no reason spyit's like taking candy from a baby,5,M2;M3;M4;M5;M6,not_sarcastic,sarcastic,sarcastic,sarcastic,sarcastic,sarcastic,18,92,False,False,False,0.0,-0.2263,flat_delivery_candidate,
test-00013,3,does seattle bean fielder for celebrating and carrying the bat halfway to first,does seattle bean fielder for celebrating and carrying the bat halfway to first,5,M1;M2;M3;M4;M6,sarcastic,sarcastic,sarcastic,sarcastic,not_sarcastic,sarcastic,13,79,False,False,False,0.0,0.5719,flat_delivery_candidate;positive_surface_wording_candidate,
test-00013,4,does seattle bean fielder for celebrating and carrying the bat halfway to first,does seattle bean fielder for celebrating and carrying the bat halfway to first,5,M1;M2;M3;M4;M6,sarcastic,sarcastic,sarcastic,sarcastic,not_sarcastic,sarcastic,13,79,False,False,False,0.0,0.5719,flat_delivery_candidate;positive_surface_wording_candidate,
test-00013,5,does seattle bean fielder for celebrating and carrying the bat halfway to first,does seattle bean fielder for celebrating and carrying the bat halfway to first,5,M1;M2;M3;M4;M6,sarcastic,sarcastic,sarcastic,sarcastic,not_sarcastic,sarcastic,13,79,False,False,False,0.0,0.5719,flat_delivery_candidate;positive_surface_wording_candidate,
test-00148,5,another day another no volume pop of 025 for no reason spyit's like taking candy from a baby,another day another no volume pop of 025 for no reason spyit's like taking candy from a baby,5,M2;M3;M4;M5;M6,not_sarcastic,sarcastic,sarcastic,sarcastic,sarcastic,sarcastic,18,92,False,False,False,0.0,-0.2263,flat_delivery_candidate,
test-00124,3,b c im young its so many other girls guys out here why keep some 1 around who u actually had aconnection with ? that makes sense,b c im young its so many other girls guys out here why keep some 1 around who u actually had aconnection with ? that makes sense,5,M1;M2;M3;M4;M5,sarcastic,sarcastic,sarcastic,sarcastic,sarcastic,not_sarcastic,27,128,True,False,False,0.0,0.0,rhetorical_question_candidate;long_context_dependent_candidate,
test-00125,1,tettible lineup wonder if your ban will come up ?,awesome lineup wonder if your ban will come up ?,5,M1;M2;M3;M4;M6,sarcastic,sarcastic,sarcastic,sarcastic,not_sarcastic,sarcastic,10,49,True,False,False,0.0,-0.5574,rhetorical_question_candidate,
test-00010,10,don't worry bochy give posey hat rest he needs since he's getting up in age,don't worry bochy give posey hat rest he needs since he's getting up in age,5,M1;M2;M3;M4;M6,sarcastic,sarcastic,sarcastic,sarcastic,not_sarcastic,sarcastic,15,75,False,False,False,0.0,0.3412,flat_delivery_candidate;positive_surface_wording_candidate,
test-00183,4,a bad long wait in the doctors office will not relax me,a nice long wait in the doctors office should calm my nerves,5,M1;M2;M3;M4;M5,sarcastic,sarcastic,sarcastic,sarcastic,sarcastic,not_sarcastic,12,55,False,False,False,0.0,-0.7101,flat_delivery_candidate,
test-00129,2,i wish i was anywhere else right now,at the crazy christian dentist's for my cleaning date with the erin andrews clone yay,5,M1;M2;M3;M4;M6,sarcastic,sarcastic,sarcastic,sarcastic,not_sarcastic,sarcastic,8,36,False,False,False,0.0,0.4019,flat_delivery_candidate;positive_surface_wording_candidate,
test-00145,5,another night of work disgusted,another night of work oh the joy,5,M1;M2;M3;M4;M5,sarcastic,sarcastic,sarcastic,sarcastic,sarcastic,not_sarcastic,5,31,False,False,False,0.0,-0.5267,flat_delivery_candidate;short_ambiguous_candidate,
test-00011,2,i totally get why people say you need 6 8 hours of sleep a night i've been going on 2 or less for months now amp it's going terrible,don't get why people say you need 6 8 hours of sleep a night i've been going on 2 or less for months now amp it's going great,5,M1;M2;M3;M4;M5,sarcastic,sarcastic,sarcastic,sarcastic,sarcastic,not_sarcastic,29,132,False,False,False,0.0,-0.4767,flat_delivery_candidate;long_context_dependent_candidate,
test-00011,3,i totally get why people say you need 6 8 hours of sleep a night i've been going on 2 or less for months now amp it's going terrible,don't get why people say you need 6 8 hours of sleep a night i've been going on 2 or less for months now amp it's going great,5,M1;M2;M3;M4;M5,sarcastic,sarcastic,sarcastic,sarcastic,sarcastic,not_sarcastic,29,132,False,False,False,0.0,-0.4767,flat_delivery_candidate;long_context_dependent_candidate,
test-00128,3,at the doctors with a broken wrist bone initial plan of action was not just a heating pad yea that'll not fix the bones,at the doctors with a broken wrist bone initial plan of action was just a heating pad yea that'll fix the bones,5,M1;M2;M3;M4;M5,sarcastic,sarcastic,sarcastic,sarcastic,sarcastic,not_sarcastic,24,119,False,False,False,0.0,-0.4767,flat_delivery_candidate,
test-00262,6,today was the most pointless shift,and the winner of most pointless shift goes to today june 5 th 2016,5,M2;M3;M4;M5;M6,not_sarcastic,sarcastic,sarcastic,sarcastic,sarcastic,sarcastic,6,34,False,False,False,0.0,0.0,flat_delivery_candidate;short_ambiguous_candidate,
test-00262,8,and the winner of most pointless shift goes to today june 5 th 2016,and the winner of most pointless shift goes to today june 5 th 2016,5,M2;M3;M4;M5;M6,not_sarcastic,sarcastic,sarcastic,sarcastic,sarcastic,sarcastic,14,67,False,False,False,0.0,0.5859,flat_delivery_candidate;positive_surface_wording_candidate,
test-00182,1,a philosopher once said dat its btr to leave dan compromise so basically he meant dat agar na mile to angoor khatte hote hai,a philosopher once said dat its btr to leave dan compromise so basically he meant dat agar na mile to angoor khatte hote hai,5,M1;M2;M3;M4;M5,sarcastic,sarcastic,sarcastic,sarcastic,sarcastic,not_sarcastic,24,124,False,False,False,0.0,-0.0516,flat_delivery_candidate,
test-00127,5,at the lab it sucks,at the lab joy,5,M1;M2;M3;M4;M5,sarcastic,sarcastic,sarcastic,sarcastic,sarcastic,not_sarcastic,5,19,False,False,False,0.0,-0.3612,flat_delivery_candidate;short_ambiguous_candidate,
test-00182,2,a philosopher once said dat its btr to leave dan compromise so basically he meant dat agar na mile to angoor khatte hote hai,a philosopher once said dat its btr to leave dan compromise so basically he meant dat agar na mile to angoor khatte hote hai,5,M1;M2;M3;M4;M5,sarcastic,sarcastic,sarcastic,sarcastic,sarcastic,not_sarcastic,24,124,False,False,False,0.0,-0.0516,flat_delivery_candidate,
test-00127,3,at the lab bummer,at the lab joy,5,M1;M2;M3;M4;M5,sarcastic,sarcastic,sarcastic,sarcastic,sarcastic,not_sarcastic,4,17,False,False,False,0.0,-0.3818,flat_delivery_candidate;short_ambiguous_candidate,
test-00182,3,a philosopher once said dat its btr to leave dan compromise so basically he meant dat agar na mile to angoor khatte hote hai,a philosopher once said dat its btr to leave dan compromise so basically he meant dat agar na mile to angoor khatte hote hai,5,M1;M2;M3;M4;M5,sarcastic,sarcastic,sarcastic,sarcastic,sarcastic,not_sarcastic,24,124,False,False,False,0.0,-0.0516,flat_delivery_candidate,
test-00182,4,a philosopher once said dat its btr to leave dan compromise so basically he meant dat agar na mile to angoor khatte hote hai,a philosopher once said dat its btr to leave dan compromise so basically he meant dat agar na mile to angoor khatte hote hai,5,M1;M2;M3;M4;M5,sarcastic,sarcastic,sarcastic,sarcastic,sarcastic,not_sarcastic,24,124,False,False,False,0.0,-0.0516,flat_delivery_candidate,
test-00182,5,a philosopher once said dat its btr to leave dan compromise so basically he meant dat agar na mile to angoor khatte hote hai,a philosopher once said dat its btr to leave dan compromise so basically he meant dat agar na mile to angoor khatte hote hai,5,M1;M2;M3;M4;M5,sarcastic,sarcastic,sarcastic,sarcastic,sarcastic,not_sarcastic,24,124,False,False,False,0.0,-0.0516,flat_delivery_candidate,
test-00168,5,the world is full of shit,aint that much shit in the world,5,M1;M2;M4;M5;M6,sarcastic,sarcastic,not_sarcastic,sarcastic,sarcastic,sarcastic,6,25,False,False,False,0.0,-0.5574,flat_delivery_candidate;short_ambiguous_candidate,
test-00011,5,don't get why people say you need 6 8 hours of sleep a night i've been going on 2 or less for months now i understood that now,don't get why people say you need 6 8 hours of sleep a night i've been going on 2 or less for months now amp it's going great,5,M1;M2;M3;M4;M5,sarcastic,sarcastic,sarcastic,sarcastic,sarcastic,not_sarcastic,28,126,False,False,False,0.0,0.0,flat_delivery_candidate;long_context_dependent_candidate,
test-00126,1,audits suck,audits are a blast to do,5,M1;M2;M3;M5;M6,sarcastic,sarcastic,sarcastic,not_sarcastic,sarcastic,sarcastic,2,11,False,False,False,0.0,-0.4404,flat_delivery_candidate;short_ambiguous_candidate,
test-00012,1,don't get me wrong i love my friends and family but wouldn't give up my life for them,don't get me wrong i love my friends and family i would give up my life for them what a life,5,M1;M2;M3;M4;M5,sarcastic,sarcastic,sarcastic,sarcastic,sarcastic,not_sarcastic,18,85,False,False,False,0.0,0.6627,flat_delivery_candidate;positive_surface_wording_candidate,
test-00012,2,everyone should drive themselves and stay of the living hell that is public transport,don't get me wrong i love my friends and family i would give up my life for them what a life,5,M2;M3;M4;M5;M6,not_sarcastic,sarcastic,sarcastic,sarcastic,sarcastic,sarcastic,14,85,False,False,False,0.0,-0.6808,flat_delivery_candidate,
test-00191,5,such an annoying start to the week seeing sad people going to ldn,a beautiful start to the week lots of happy smiling people going to ldn today,5,M1;M2;M3;M4;M5,sarcastic,sarcastic,sarcastic,sarcastic,sarcastic,not_sarcastic,13,65,False,False,False,0.0,-0.7003,flat_delivery_candidate,
test-00231,2,no one gets my sarcasm accept those it's not aimed at,is like caste based reservation in educational institutes of india only few ppl gets it rest lives abusing it,5,M1;M2;M3;M4;M5,sarcastic,sarcastic,sarcastic,sarcastic,sarcastic,not_sarcastic,11,53,False,False,False,0.0,-0.128,flat_delivery_candidate,
test-00107,2,being honest is difficult when ur friend swanking his imported item collection without realizing those all are made in china,being honest is difficult when ur friend swanking his imported item collection without realizing those all are made in china,5,M2;M3;M4;M5;M6,not_sarcastic,sarcastic,sarcastic,sarcastic,sarcastic,sarcastic,20,124,False,False,False,0.0,0.6124,flat_delivery_candidate;positive_surface_wording_candidate,
test-00072,4,the cavs would be a better team if lebron had some more talent on the team,can you imagine if lebron had help ?,5,M1;M2;M3;M4;M5,sarcastic,sarcastic,sarcastic,sarcastic,sarcastic,not_sarcastic,16,74,False,False,False,0.0,0.7178,flat_delivery_candidate;positive_surface_wording_candidate,
test-00209,4,i wish i didn't work so long tonight,135 hours of work tonight yay,5,M1;M2;M3;M4;M5,sarcastic,sarcastic,sarcastic,sarcastic,sarcastic,not_sarcastic,8,36,False,False,False,0.0,0.4019,flat_delivery_candidate;positive_surface_wording_candidate,
test-00209,5,135 hours of work tonight hate it,135 hours of work tonight yay,5,M1;M2;M3;M4;M5,sarcastic,sarcastic,sarcastic,sarcastic,sarcastic,not_sarcastic,7,33,False,False,False,0.0,-0.5719,flat_delivery_candidate,
test-00070,10,i'm not excited for father's day to honor all fathers who really took spare the rod spoil the child to heart,can't wait for father's day to honor all fathers who really took spare the rod spoil the child to heart,5,M2;M3;M4;M5;M6,not_sarcastic,sarcastic,sarcastic,sarcastic,sarcastic,sarcastic,21,108,False,False,False,0.0,0.2878,flat_delivery_candidate,
test-00070,8,not excited for father's day to dishonor all fathers who really didn t take don t spare the rod don t spoil the child to heart,can't wait for father's day to honor all fathers who really took spare the rod spoil the child to heart,5,M2;M3;M4;M5;M6,not_sarcastic,sarcastic,sarcastic,sarcastic,sarcastic,sarcastic,26,126,False,False,False,0.0,-0.2584,flat_delivery_candidate;long_context_dependent_candidate,
test-00210,3,1 hit yankee losers are the worse wins,1 hit yankee wins are the best wins,5,M1;M2;M3;M4;M5,sarcastic,sarcastic,sarcastic,sarcastic,sarcastic,not_sarcastic,8,38,False,False,False,0.0,-0.4215,flat_delivery_candidate,
test-00070,6,i'm not excited for father's day to honor all fathers who really took spare the rod spoil the child to heart,can't wait for father's day to honor all fathers who really took spare the rod spoil the child to heart,5,M2;M3;M4;M5;M6,not_sarcastic,sarcastic,sarcastic,sarcastic,sarcastic,sarcastic,21,108,False,False,False,0.0,0.2878,flat_delivery_candidate,
test-00070,5,i really want a chance to teach those fathers a lesson who themselves spoilt their children,can't wait for father's day to honor all fathers who really took spare the rod spoil the child to heart,5,M1;M2;M3;M4;M5,sarcastic,sarcastic,sarcastic,sarcastic,sarcastic,not_sarcastic,16,91,False,False,False,0.0,0.4351,flat_delivery_candidate;positive_surface_wording_candidate,
test-00070,4,most kids are spoiled by their fathers talk about buying their kid's love,can't wait for father's day to honor all fathers who really took spare the rod spoil the child to heart,5,M1;M2;M3;M4;M5,sarcastic,sarcastic,sarcastic,sarcastic,sarcastic,not_sarcastic,13,73,False,False,False,0.0,0.6369,flat_delivery_candidate;positive_surface_wording_candidate,
test-00070,3,not excited for father's day to baseness all fathers who really didn t take spare the rod spoil the child to heart,can't wait for father's day to honor all fathers who really took spare the rod spoil the child to heart,5,M2;M3;M4;M5;M6,not_sarcastic,sarcastic,sarcastic,sarcastic,sarcastic,sarcastic,22,114,False,False,False,0.0,-0.2584,flat_delivery_candidate,
test-00210,4,this yankee game was so boring,1 hit yankee wins are the best wins,5,M1;M2;M3;M4;M5,sarcastic,sarcastic,sarcastic,sarcastic,sarcastic,not_sarcastic,6,30,False,False,False,0.0,-0.4572,flat_delivery_candidate;short_ambiguous_candidate,
test-00070,1,i'm not excited for father's day to honor all fathers who really took spare the rod spoil the child to heart,can't wait for father's day to honor all fathers who really took spare the rod spoil the child to heart,5,M2;M3;M4;M5;M6,not_sarcastic,sarcastic,sarcastic,sarcastic,sarcastic,sarcastic,21,108,False,False,False,0.0,0.2878,flat_delivery_candidate,
test-00069,5,disgusted by the snaps of people going out for the next two weeks whilst surrey still has exams,can't wait for the snaps of people going out for the next two weeks whilst surrey still has exams,5,M1;M2;M3;M4;M5,sarcastic,sarcastic,sarcastic,sarcastic,sarcastic,not_sarcastic,18,95,False,False,False,0.0,-0.5267,flat_delivery_candidate,
test-00210,5,1 hit yankee wins are the worse wins,1 hit yankee wins are the best wins,5,M1;M2;M3;M4;M5,sarcastic,sarcastic,sarcastic,sarcastic,sarcastic,not_sarcastic,8,36,False,False,False,0.0,0.6486,flat_delivery_candidate;positive_surface_wording_candidate,
test-00068,2,i'm sick of three point game,can't wait for the three point contest in the nba finals,5,M1;M2;M3;M4;M5,sarcastic,sarcastic,sarcastic,sarcastic,sarcastic,not_sarcastic,6,28,False,False,False,0.0,-0.5106,flat_delivery_candidate;short_ambiguous_candidate,
test-00212,2,the story about people not using social media didn't hurt facebook's stock at all,fb wow the story of people not using social media last week really hurt the stock,5,M1;M2;M3;M4;M5,sarcastic,sarcastic,sarcastic,sarcastic,sarcastic,not_sarcastic,14,81,False,False,False,0.0,0.4168,flat_delivery_candidate;positive_surface_wording_candidate,
test-00066,5,i really don't want to hear yinzers talking about crosby,can't wait to hear yinzers talk about crosby amp malkin stinking for the next two days,5,M1;M2;M3;M4;M5,sarcastic,sarcastic,sarcastic,sarcastic,sarcastic,not_sarcastic,10,56,False,False,False,0.0,-0.1281,flat_delivery_candidate,
test-00040,1,my computer acting up is not productive,computer misbehaving at 2 30 pm on a monday is super great for productivity,5,M2;M3;M4;M5;M6,not_sarcastic,sarcastic,sarcastic,sarcastic,sarcastic,sarcastic,7,39,False,False,False,0.0,0.0,flat_delivery_candidate,
test-00040,4,i don't want to be at work but now my computer is making work more difficult,computer misbehaving at 2 30 pm on a monday is super great for productivity,5,M1;M2;M3;M4;M5,sarcastic,sarcastic,sarcastic,sarcastic,sarcastic,not_sarcastic,16,76,False,False,False,0.0,-0.586,flat_delivery_candidate,
test-00065,8,everyone trying to rip off people over muhammad ali signed stuff please honor his legacy w respect,can't wait to see everyone trying to rip off people over muhammad ali signed stuff please honour his legacy w respect,5,M1;M2;M3;M4;M5,sarcastic,sarcastic,sarcastic,sarcastic,sarcastic,not_sarcastic,17,98,False,False,False,0.0,0.8225,flat_delivery_candidate;positive_surface_wording_candidate,
test-00040,6,my computer acting up is not productive,computer misbehaving at 2 30 pm on a monday is super great for productivity,5,M2;M3;M4;M5;M6,not_sarcastic,sarcastic,sarcastic,sarcastic,sarcastic,sarcastic,7,39,False,False,False,0.0,0.0,flat_delivery_candidate,
test-00065,3,everyone trying to rip off people over muhammad ali signed stuff please honor his legacy w respect,can't wait to see everyone trying to rip off people over muhammad ali signed stuff please honour his legacy w respect,5,M1;M2;M3;M4;M5,sarcastic,sarcastic,sarcastic,sarcastic,sarcastic,not_sarcastic,17,98,False,False,False,0.0,0.8225,flat_delivery_candidate;positive_surface_wording_candidate,
test-00040,9,i don't want to be at work but now my computer is making work more difficult,computer misbehaving at 2 30 pm on a monday is super great for productivity,5,M1;M2;M3;M4;M5,sarcastic,sarcastic,sarcastic,sarcastic,sarcastic,not_sarcastic,16,76,False,False,False,0.0,-0.586,flat_delivery_candidate,
test-00064,5,i hate to see my dad's cousin that invited herself to my party tomorrow,can't wait to see my dad's cousin that invited herself to my party tomorrow,5,M1;M2;M3;M4;M5,sarcastic,sarcastic,sarcastic,sarcastic,sarcastic,not_sarcastic,14,71,False,False,False,0.0,-0.25,flat_delivery_candidate,
test-00241,1,yes pretty much but they're lesbians together they did them both so wrong in the p c n52 run,yes pretty much but they're lesbians together they did them both so wrong in the p c n52 run,5,M2;M3;M4;M5;M6,not_sarcastic,sarcastic,sarcastic,sarcastic,sarcastic,sarcastic,19,92,False,False,False,0.0,-0.5479,flat_delivery_candidate,
test-00072,5,lebanon nevr helped anybody,can you imagine if lebron had help ?,5,M1;M2;M3;M4;M5,sarcastic,sarcastic,sarcastic,sarcastic,sarcastic,not_sarcastic,4,27,False,False,False,0.0,0.0,flat_delivery_candidate;short_ambiguous_candidate,
test-00081,3,but thanks for not speaking so highly of me you've not always been the type of person i could count on,but thanks for speaking so highly of me you've always been the type of person i could count on,5,M1;M2;M3;M4;M5,sarcastic,sarcastic,sarcastic,sarcastic,sarcastic,not_sarcastic,21,102,False,False,False,0.0,0.5927,flat_delivery_candidate;positive_surface_wording_candidate,
test-00073,2,not for realz they would hate it in africa,can we send the racists to africa amp they have help make africa great again lt for realz,5,M2;M3;M4;M5;M6,not_sarcastic,sarcastic,sarcastic,sarcastic,sarcastic,sarcastic,9,42,False,False,False,0.0,-0.5719,flat_delivery_candidate,
test-00205,1,2 20 am is not a good time to have the urge to write,2 20 am is the perfect time to have the urge to write,5,M2;M3;M4;M5;M6,not_sarcastic,sarcastic,sarcastic,sarcastic,sarcastic,sarcastic,14,52,False,False,False,0.0,-0.3412,flat_delivery_candidate,
test-00205,2,2 20 am is the worst time to have the urge to write,2 20 am is the perfect time to have the urge to write,5,M2;M3;M4;M5;M6,not_sarcastic,sarcastic,sarcastic,sarcastic,sarcastic,sarcastic,13,51,False,False,False,0.0,-0.6249,flat_delivery_candidate,
test-00080,4,i pretend like i understand the israel conflict,but whatever israel bathes in the blood of palestinians amirite ?,5,M1;M2;M3;M4;M5,sarcastic,sarcastic,sarcastic,sarcastic,sarcastic,not_sarcastic,8,47,False,False,False,0.0,-0.0516,flat_delivery_candidate,
test-00080,3,israel doesn't bathe in the blood of palestinians,but whatever israel bathes in the blood of palestinians amirite ?,5,M1;M2;M3;M4;M6,sarcastic,sarcastic,sarcastic,sarcastic,not_sarcastic,sarcastic,8,49,False,False,False,0.0,0.0,flat_delivery_candidate,
test-00080,2,israel doesn't bathe in the blood of palestinians,but whatever israel bathes in the blood of palestinians amirite ?,5,M1;M2;M3;M4;M6,sarcastic,sarcastic,sarcastic,sarcastic,not_sarcastic,sarcastic,8,49,False,False,False,0.0,0.0,flat_delivery_candidate,
test-00080,1,israel doesn't bathe in the blood of palestinians,but whatever israel bathes in the blood of palestinians amirite ?,5,M1;M2;M3;M4;M6,sarcastic,sarcastic,sarcastic,sarcastic,not_sarcastic,sarcastic,8,49,False,False,False,0.0,0.0,flat_delivery_candidate,
test-00205,3,2 20 am is the worst time to have the urge to write,2 20 am is the perfect time to have the urge to write,5,M2;M3;M4;M5;M6,not_sarcastic,sarcastic,sarcastic,sarcastic,sarcastic,sarcastic,13,51,False,False,False,0.0,-0.6249,flat_delivery_candidate,
test-00033,1,curry is not hurt,curry must be hurt,5,M2;M3;M4;M5;M6,not_sarcastic,sarcastic,sarcastic,sarcastic,sarcastic,sarcastic,4,17,False,False,False,0.0,0.4168,flat_delivery_candidate;positive_surface_wording_candidate;short_ambiguous_candidate,
test-00244,2,we'll regroup in cuba bernie,we'll regroup in cuba bernie,5,M1;M2;M3;M4;M5,sarcastic,sarcastic,sarcastic,sarcastic,sarcastic,not_sarcastic,5,28,False,False,False,0.0,0.0,flat_delivery_candidate;short_ambiguous_candidate,
test-00244,1,we'll regroup in cuba bernie,we'll regroup in cuba bernie,5,M1;M2;M3;M4;M5,sarcastic,sarcastic,sarcastic,sarcastic,sarcastic,not_sarcastic,5,28,False,False,False,0.0,0.0,flat_delivery_candidate;short_ambiguous_candidate,
test-00205,4,2 20 am is the worst time to have the urge to write,2 20 am is the perfect time to have the urge to write,5,M2;M3;M4;M5;M6,not_sarcastic,sarcastic,sarcastic,sarcastic,sarcastic,sarcastic,13,51,False,False,False,0.0,-0.6249,flat_delivery_candidate,
test-00205,5,2 20 am is the worst time to have the urge to write,2 20 am is the perfect time to have the urge to write,5,M2;M3;M4;M5;M6,not_sarcastic,sarcastic,sarcastic,sarcastic,sarcastic,sarcastic,13,51,False,False,False,0.0,-0.6249,flat_delivery_candidate,
test-00206,2,2 sunburnt shoulders get in,2 sunburnt shoulders get in,5,M1;M2;M3;M4;M6,sarcastic,sarcastic,sarcastic,sarcastic,not_sarcastic,sarcastic,5,27,False,False,False,0.0,0.0,flat_delivery_candidate;short_ambiguous_candidate,
test-00077,2,people who think they are the centre of the universe are horrible,c'mon lady bitch about your stressful life some more everyone in this nail salon loves hearing your loud and annoying voice,5,M2;M3;M4;M5;M6,not_sarcastic,sarcastic,sarcastic,sarcastic,sarcastic,sarcastic,12,65,False,False,False,0.0,-0.5423,flat_delivery_candidate,
test-00107,1,being honest is difficult when ur friend swanking his imported item collection without realizing those all are made in china,being honest is difficult when ur friend swanking his imported item collection without realizing those all are made in china,5,M2;M3;M4;M5;M6,not_sarcastic,sarcastic,sarcastic,sarcastic,sarcastic,sarcastic,20,124,False,False,False,0.0,0.6124,flat_delivery_candidate;positive_surface_wording_candidate,
test-00206,5,2 sunburnt shoulders get in,2 sunburnt shoulders get in,5,M1;M2;M3;M4;M6,sarcastic,sarcastic,sarcastic,sarcastic,not_sarcastic,sarcastic,5,27,False,False,False,0.0,0.0,flat_delivery_candidate;short_ambiguous_candidate,
test-00241,4,yes pretty much but they're lesbians together they did them both so wrong in the p c n52 run,yes pretty much but they're lesbians together they did them both so wrong in the p c n52 run,5,M2;M3;M4;M5;M6,not_sarcastic,sarcastic,sarcastic,sarcastic,sarcastic,sarcastic,19,92,False,False,False,0.0,-0.5479,flat_delivery_candidate,
test-00036,1,the corrupt media is trying to steal the democratic nomination,corrupt media establishment can't even coordinate on when to steal the democratic nomination,5,M1;M2;M3;M4;M5,sarcastic,sarcastic,sarcastic,sarcastic,sarcastic,not_sarcastic,10,62,False,False,False,0.0,-0.4939,flat_delivery_candidate,
test-00207,3,2 successive shootings in orlando have everything to do with the accessibility of guns at all right ?,2 successive shootings in orlando has nothing to do with the accessibility of guns at all right ?,5,M2;M3;M4;M5;M6,not_sarcastic,sarcastic,sarcastic,sarcastic,sarcastic,sarcastic,18,101,True,False,False,0.0,0.2732,rhetorical_question_candidate,
test-00207,4,2 successive shootings in orlando have everything to do with the accessibility of guns at all right ?,2 successive shootings in orlando has nothing to do with the accessibility of guns at all right ?,5,M2;M3;M4;M5;M6,not_sarcastic,sarcastic,sarcastic,sarcastic,sarcastic,sarcastic,18,101,True,False,False,0.0,0.2732,rhetorical_question_candidate,
test-00241,3,yes pretty much but they're lesbians together they did them both so wrong in the p c n52 run,yes pretty much but they're lesbians together they did them both so wrong in the p c n52 run,5,M2;M3;M4;M5;M6,not_sarcastic,sarcastic,sarcastic,sarcastic,sarcastic,sarcastic,19,92,False,False,False,0.0,-0.5479,flat_delivery_candidate,
test-00207,5,orlando shooing are direct result of free sell of guns,2 successive shootings in orlando has nothing to do with the accessibility of guns at all right ?,5,M1;M2;M3;M4;M5,sarcastic,sarcastic,sarcastic,sarcastic,sarcastic,not_sarcastic,10,54,False,False,False,0.0,0.5106,flat_delivery_candidate;positive_surface_wording_candidate,
test-00036,6,the corrupt media is trying to steal the democratic nomination,corrupt media establishment can't even coordinate on when to steal the democratic nomination,5,M1;M2;M3;M4;M5,sarcastic,sarcastic,sarcastic,sarcastic,sarcastic,not_sarcastic,10,62,False,False,False,0.0,-0.4939,flat_delivery_candidate,
test-00064,2,really wish that woman didn't invite herself to the party no one likes her,can't wait to see my dad's cousin that invited herself to my party tomorrow,5,M2;M3;M4;M5;M6,not_sarcastic,sarcastic,sarcastic,sarcastic,sarcastic,sarcastic,14,74,False,False,False,0.0,0.7049,flat_delivery_candidate;positive_surface_wording_candidate,
test-00042,3,comcast flat doesn t refuse to change my network traffic routing annoyed to see their end product has improved,comcast flat refuses to change my network traffic routing glad to see their end product has improved,5,M1;M2;M3;M4;M5,sarcastic,sarcastic,sarcastic,sarcastic,sarcastic,not_sarcastic,19,110,False,False,False,0.0,-0.1779,flat_delivery_candidate,
test-00237,6,boo i don't like storms and still having to go to school,yes tropical storm heading our way love it when it rains hard and we still have school,5,M1;M2;M3;M4;M5,sarcastic,sarcastic,sarcastic,sarcastic,sarcastic,not_sarcastic,12,56,False,False,False,0.0,-0.2755,flat_delivery_candidate,
test-00063,1,i'm not looking forwarrd to tomorrow,cant wait until tomorrow,5,M1;M2;M3;M4;M5,sarcastic,sarcastic,sarcastic,sarcastic,sarcastic,not_sarcastic,6,36,False,False,False,0.0,0.0,flat_delivery_candidate;short_ambiguous_candidate,
test-00054,2,child's observation if mom laugh at dad's joke thn we have guests,child's observation if mom laugh at dad's joke thn we have guests,5,M1;M2;M3;M4;M5,sarcastic,sarcastic,sarcastic,sarcastic,sarcastic,not_sarcastic,12,65,False,False,False,0.0,0.7003,flat_delivery_candidate;positive_surface_wording_candidate,
test-00054,1,child's observation if mom laugh at dad's joke thn we have guests,child's observation if mom laugh at dad's joke thn we have guests,5,M1;M2;M3;M4;M5,sarcastic,sarcastic,sarcastic,sarcastic,sarcastic,not_sarcastic,12,65,False,False,False,0.0,0.7003,flat_delivery_candidate;positive_surface_wording_candidate,
test-00053,3,not choosing a player who has been out injured all season because he plays for arsenal is the first step for success drink beer instead,choosing a player who has been out injured all season because he plays for arsenal is the first step for success drink beer instead,5,M2;M3;M4;M5;M6,not_sarcastic,sarcastic,sarcastic,sarcastic,sarcastic,sarcastic,25,135,False,False,False,0.0,0.4588,flat_delivery_candidate;positive_surface_wording_candidate;long_context_dependent_candidate,
test-00053,2,it's horrible to choose a player just because of who he used to play for,choosing a player who has been out injured all season because he plays for arsenal is the first step for success drink beer instead,5,M1;M2;M3;M4;M5,sarcastic,sarcastic,sarcastic,sarcastic,sarcastic,not_sarcastic,15,72,False,False,False,0.0,-0.2732,flat_delivery_candidate,
test-00052,3,no chronic back pains and i have to go see a specialist soon for my back how annyoying is that,chronic back pains and i have to go see a specialist soon for my back how great is that lol,5,M1;M2;M3;M4;M5,sarcastic,sarcastic,sarcastic,sarcastic,sarcastic,not_sarcastic,20,94,False,False,False,0.0,-0.6124,flat_delivery_candidate,
test-00052,1,it sucks that my back hurts,chronic back pains and i have to go see a specialist soon for my back how great is that lol,5,M1;M2;M3;M4;M5,sarcastic,sarcastic,sarcastic,sarcastic,sarcastic,not_sarcastic,6,27,False,False,False,0.0,-0.6808,flat_delivery_candidate;short_ambiguous_candidate,
test-00228,1,may be the cheapest form of humor but it's still the best value,may be the cheapest form of humor but it's still the best value,5,M2;M3;M4;M5;M6,not_sarcastic,sarcastic,sarcastic,sarcastic,sarcastic,sarcastic,13,63,False,False,False,0.0,0.8873,flat_delivery_candidate;positive_surface_wording_candidate,
test-00228,2,may be the cheapest form of humor but it's still the best value,may be the cheapest form of humor but it's still the best value,5,M2;M3;M4;M5;M6,not_sarcastic,sarcastic,sarcastic,sarcastic,sarcastic,sarcastic,13,63,False,False,False,0.0,0.8873,flat_delivery_candidate;positive_surface_wording_candidate,
test-00228,3,may be the cheapest form of humor but it's still the best value,may be the cheapest form of humor but it's still the best value,5,M2;M3;M4;M5;M6,not_sarcastic,sarcastic,sarcastic,sarcastic,sarcastic,sarcastic,13,63,False,False,False,0.0,0.8873,flat_delivery_candidate;positive_surface_wording_candidate,
test-00051,2,i shouldn't thank him he was horrible,clean files and saw notes from old job my supervisor at the time taught me so much how to not treat people i should thank him,5,M1;M2;M3;M4;M5,sarcastic,sarcastic,sarcastic,sarcastic,sarcastic,not_sarcastic,7,37,False,False,False,0.0,-0.6818,flat_delivery_candidate,
test-00228,5,may be the cheapest form of humor but it's still the best value,may be the cheapest form of humor but it's still the best value,5,M2;M3;M4;M5;M6,not_sarcastic,sarcastic,sarcastic,sarcastic,sarcastic,sarcastic,13,63,False,False,False,0.0,0.8873,flat_delivery_candidate;positive_surface_wording_candidate,
test-00229,1,is the body s natural defense against stupidity,is the body s natural defense against stupidity,5,M2;M3;M4;M5;M6,not_sarcastic,sarcastic,sarcastic,sarcastic,sarcastic,sarcastic,8,47,False,False,False,0.0,0.0258,flat_delivery_candidate,
test-00229,2,is the body s natural defense against stupidity,is the body s natural defense against stupidity,5,M2;M3;M4;M5;M6,not_sarcastic,sarcastic,sarcastic,sarcastic,sarcastic,sarcastic,8,47,False,False,False,0.0,0.0258,flat_delivery_candidate,
test-00233,1,shooters are the danger not lgbt in bathrooms,clearly lgbt people in bathrooms are a danger to public safety definitely not the people that shoot innocent club patrons,5,M1;M2;M3;M4;M6,sarcastic,sarcastic,sarcastic,sarcastic,not_sarcastic,sarcastic,8,45,False,False,False,0.0,-0.5267,flat_delivery_candidate,
test-00229,3,is the body s natural defense against stupidity,is the body s natural defense against stupidity,5,M2;M3;M4;M5;M6,not_sarcastic,sarcastic,sarcastic,sarcastic,sarcastic,sarcastic,8,47,False,False,False,0.0,0.0258,flat_delivery_candidate,
test-00229,4,is the body s natural defense against stupidity,is the body s natural defense against stupidity,5,M2;M3;M4;M5;M6,not_sarcastic,sarcastic,sarcastic,sarcastic,sarcastic,sarcastic,8,47,False,False,False,0.0,0.0258,flat_delivery_candidate,
test-00229,5,is the body s natural defense against stupidity,is the body s natural defense against stupidity,5,M2;M3;M4;M5;M6,not_sarcastic,sarcastic,sarcastic,sarcastic,sarcastic,sarcastic,8,47,False,False,False,0.0,0.0258,flat_delivery_candidate,
test-00230,1,people from india don't understand sarcasm,is like the electricity half of india still doesn't get it,5,M1;M2;M3;M4;M6,sarcastic,sarcastic,sarcastic,sarcastic,not_sarcastic,sarcastic,6,42,False,False,False,0.0,0.1695,flat_delivery_candidate;short_ambiguous_candidate,
test-00232,5,the pizza is cheaper than the service tax and vat put together,i jst ordered some vat and service tax and surprisingly got a pizza free,5,M2;M3;M4;M5;M6,not_sarcastic,sarcastic,sarcastic,sarcastic,sarcastic,sarcastic,12,62,False,False,False,0.0,0.0,flat_delivery_candidate,
test-00230,3,people from india don't understand sarcasm,is like the electricity half of india still doesn't get it,5,M1;M2;M3;M4;M6,sarcastic,sarcastic,sarcastic,sarcastic,not_sarcastic,sarcastic,6,42,False,False,False,0.0,0.1695,flat_delivery_candidate;short_ambiguous_candidate,
test-00049,3,cleaning with a 1 yr old is never fun,cleaning with a 1 yr old is so fun,5,M1;M2;M3;M4;M6,sarcastic,sarcastic,sarcastic,sarcastic,not_sarcastic,sarcastic,9,37,False,False,False,0.0,-0.4023,flat_delivery_candidate,
test-00049,2,cleaning with a 1 yearold is pointless,cleaning with a 1 yr old is so fun,5,M1;M2;M3;M4;M5,sarcastic,sarcastic,sarcastic,sarcastic,sarcastic,not_sarcastic,7,38,False,False,False,0.0,0.0,flat_delivery_candidate,
test-00047,5,clearly we didn't take fulmer,clearly we all took fulmer right ?,5,M1;M2;M3;M4;M6,sarcastic,sarcastic,sarcastic,sarcastic,not_sarcastic,sarcastic,5,29,False,False,False,0.0,0.4019,flat_delivery_candidate;positive_surface_wording_candidate;short_ambiguous_candidate,
test-00045,4,this guy is so bad he makes me sick just watching,clevinger makes me throw up,5,M1;M2;M3;M4;M5,sarcastic,sarcastic,sarcastic,sarcastic,sarcastic,not_sarcastic,11,49,False,False,False,0.0,-0.8312,flat_delivery_candidate,
test-00054,5,child's observation if mom laugh at dad's joke thn we have guests,child's observation if mom laugh at dad's joke thn we have guests,5,M1;M2;M3;M4;M5,sarcastic,sarcastic,sarcastic,sarcastic,sarcastic,not_sarcastic,12,65,False,False,False,0.0,0.7003,flat_delivery_candidate;positive_surface_wording_candidate,
test-00055,2,she already is like demi,chelsea is doing whip it's ? she'll be like demi moore soon enough,5,M1;M2;M3;M4;M6,sarcastic,sarcastic,sarcastic,sarcastic,not_sarcastic,sarcastic,5,24,False,False,False,0.0,0.3612,flat_delivery_candidate;positive_surface_wording_candidate;short_ambiguous_candidate,
test-00058,5,jermaine jones is a worst header of champions league,champions league quality header by jermaine jones there,5,M1;M2;M3;M4;M5,sarcastic,sarcastic,sarcastic,sarcastic,sarcastic,not_sarcastic,9,52,False,False,False,0.0,-0.1779,flat_delivery_candidate,
test-00217,2,you're going to jail,he said i'm 20 and she is 16 but age is just a number me yeah jail is just a room,5,M1;M2;M3;M5;M6,sarcastic,sarcastic,sarcastic,not_sarcastic,sarcastic,sarcastic,4,20,False,False,False,0.0,0.0,flat_delivery_candidate;short_ambiguous_candidate,
test-00061,5,cavs aren't getting any calls the same old thing,cavs aren't getting any calls this is new,5,M1;M2;M3;M4;M5,sarcastic,sarcastic,sarcastic,sarcastic,sarcastic,not_sarcastic,9,48,False,False,False,0.0,0.0,flat_delivery_candidate,
test-00061,4,cavs usually don't get calls,cavs aren't getting any calls this is new,5,M1;M2;M3;M4;M5,sarcastic,sarcastic,sarcastic,sarcastic,sarcastic,not_sarcastic,5,28,False,False,False,0.0,0.0,flat_delivery_candidate;short_ambiguous_candidate,
test-00061,2,cavs usually get all the calls,cavs aren't getting any calls this is new,5,M1;M2;M3;M4;M5,sarcastic,sarcastic,sarcastic,sarcastic,sarcastic,not_sarcastic,6,30,False,False,False,0.0,0.0,flat_delivery_candidate;short_ambiguous_candidate,
test-00219,1,neymar will not be fine,neymar will be just fine,5,M1;M2;M3;M4;M5,sarcastic,sarcastic,sarcastic,sarcastic,sarcastic,not_sarcastic,5,23,False,False,False,0.0,-0.1511,flat_delivery_candidate;short_ambiguous_candidate,
test-00219,2,neymar is fucked,neymar will be just fine,5,M1;M2;M3;M4;M5,sarcastic,sarcastic,sarcastic,sarcastic,sarcastic,not_sarcastic,3,16,False,False,False,0.0,-0.6597,flat_delivery_candidate;short_ambiguous_candidate,
test-00219,3,neymar will not be fine,neymar will be just fine,5,M1;M2;M3;M4;M5,sarcastic,sarcastic,sarcastic,sarcastic,sarcastic,not_sarcastic,5,23,False,False,False,0.0,-0.1511,flat_delivery_candidate;short_ambiguous_candidate,
test-00219,5,neymar should not be fine,neymar will be just fine,5,M1;M2;M3;M4;M5,sarcastic,sarcastic,sarcastic,sarcastic,sarcastic,not_sarcastic,5,25,False,False,False,0.0,-0.1511,flat_delivery_candidate;short_ambiguous_candidate,
test-00044,1,cmg is 400 no surprise,cmg came back to 400 what a surprise,5,M1;M2;M3;M4;M5,sarcastic,sarcastic,sarcastic,sarcastic,sarcastic,not_sarcastic,5,22,False,False,False,0.0,-0.0258,flat_delivery_candidate;short_ambiguous_candidate,
test-00059,1,who didn't expect cavs vs warriors ?,cavs vs warriors wow never thought i'd see the day,5,M1;M2;M3;M4;M6,sarcastic,sarcastic,sarcastic,sarcastic,not_sarcastic,sarcastic,7,36,True,False,False,0.0,0.0,rhetorical_question_candidate,
test-00237,1,boo i don't like storms and still having to go to school,yes tropical storm heading our way love it when it rains hard and we still have school,5,M1;M2;M3;M4;M5,sarcastic,sarcastic,sarcastic,sarcastic,sarcastic,not_sarcastic,12,56,False,False,False,0.0,-0.2755,flat_delivery_candidate,
test-00055,3,chelsea is not doing whip it's ? she'll not be like demi moore soon enough,chelsea is doing whip it's ? she'll be like demi moore soon enough,5,M1;M2;M3;M4;M5,sarcastic,sarcastic,sarcastic,sarcastic,sarcastic,not_sarcastic,15,74,True,False,False,0.0,-0.2755,rhetorical_question_candidate,
test-00044,4,cmg is 400 no surprise,cmg came back to 400 what a surprise,5,M1;M2;M3;M4;M5,sarcastic,sarcastic,sarcastic,sarcastic,sarcastic,not_sarcastic,5,22,False,False,False,0.0,-0.0258,flat_delivery_candidate;short_ambiguous_candidate,
test-00057,5,no charisma personified on stage in the grand arcade,charisma personified on stage in the grand arcade,5,M2;M3;M4;M5;M6,not_sarcastic,sarcastic,sarcastic,sarcastic,sarcastic,sarcastic,9,52,False,False,False,0.0,0.2023,flat_delivery_candidate,
test-00236,3,oh spoilers aweful thanks guys i was gonna make the hour drive to the comic shop no reason to now,oh spoilers nice thanks guys i was gonna make the hour drive to the comic shop no reason to now,5,M1;M2;M3;M4;M5,sarcastic,sarcastic,sarcastic,sarcastic,sarcastic,not_sarcastic,20,97,False,False,False,0.0,0.1779,flat_delivery_candidate,
test-00225,1,i don't care if you think i'm an ass hat,please don't think i'm an ass hat,5,M2;M3;M4;M5;M6,not_sarcastic,sarcastic,sarcastic,sarcastic,sarcastic,sarcastic,10,40,False,False,False,0.0,-0.7293,flat_delivery_candidate,
test-00225,2,i don't care if you think i'm an ass hat,please don't think i'm an ass hat,5,M2;M3;M4;M5;M6,not_sarcastic,sarcastic,sarcastic,sarcastic,sarcastic,sarcastic,10,40,False,False,False,0.0,-0.7293,flat_delivery_candidate,
test-00057,1,no charisma personified on stage in the grand arcade,charisma personified on stage in the grand arcade,5,M2;M3;M4;M5;M6,not_sarcastic,sarcastic,sarcastic,sarcastic,sarcastic,sarcastic,9,52,False,False,False,0.0,0.2023,flat_delivery_candidate,
test-00225,3,please do think i'm an ass hat,please don't think i'm an ass hat,5,M2;M3;M4;M5;M6,not_sarcastic,sarcastic,sarcastic,sarcastic,sarcastic,sarcastic,7,30,False,False,False,0.0,-0.296,flat_delivery_candidate,
test-00225,5,i don't care if you think i'm an ass hat,please don't think i'm an ass hat,5,M2;M3;M4;M5;M6,not_sarcastic,sarcastic,sarcastic,sarcastic,sarcastic,sarcastic,10,40,False,False,False,0.0,-0.7293,flat_delivery_candidate,
test-00226,2,stupidest people vote for trump,on the one where i said most intelligent oeople vote for trump,5,M1;M2;M3;M4;M5,sarcastic,sarcastic,sarcastic,sarcastic,sarcastic,not_sarcastic,5,31,False,False,False,0.0,-0.5267,flat_delivery_candidate;short_ambiguous_candidate,
test-00226,3,stupidest people vote for trump,on the one where i said most intelligent oeople vote for trump,5,M1;M2;M3;M4;M5,sarcastic,sarcastic,sarcastic,sarcastic,sarcastic,not_sarcastic,5,31,False,False,False,0.0,-0.5267,flat_delivery_candidate;short_ambiguous_candidate,
test-00244,3,we'll regroup in cuba bernie,we'll regroup in cuba bernie,5,M1;M2;M3;M4;M5,sarcastic,sarcastic,sarcastic,sarcastic,sarcastic,not_sarcastic,5,28,False,False,False,0.0,0.0,flat_delivery_candidate;short_ambiguous_candidate,
test-00241,5,yes pretty much but they're lesbians together they did them both so wrong in the p c n52 run,yes pretty much but they're lesbians together they did them both so wrong in the p c n52 run,5,M2;M3;M4;M5;M6,not_sarcastic,sarcastic,sarcastic,sarcastic,sarcastic,sarcastic,19,92,False,False,False,0.0,-0.5479,flat_delivery_candidate,
test-00032,3,dalledova the curry stopper just went out,dalledova the curry stopper just checked in,5,M1;M2;M3;M4;M6,sarcastic,sarcastic,sarcastic,sarcastic,not_sarcastic,sarcastic,7,41,False,False,False,0.0,0.0,flat_delivery_candidate,
test-00098,2,blegh my car needs a new engine but my neighbor will fix it for me just need 250 down expensive,blegh my car needs a new engine but my neighbor will fix it for me just need 250 down easy,5,M1;M2;M3;M4;M5,sarcastic,sarcastic,sarcastic,sarcastic,sarcastic,not_sarcastic,20,95,False,False,False,0.0,0.0,flat_delivery_candidate,
test-00023,3,dear travelers pls take along ur washing machine amp fridge as well considering those r hand luggage,dear travelers pls bring along ur washing machine amp fridge as well considering those r hand luggage,5,M2;M3;M4;M5;M6,not_sarcastic,sarcastic,sarcastic,sarcastic,sarcastic,sarcastic,17,100,False,False,False,0.0,0.802,flat_delivery_candidate;positive_surface_wording_candidate,
test-00195,2,6 45 is the worst time to wake up on a saturday,645 my favourite time to wake up on a saturday,5,M2;M3;M4;M5;M6,not_sarcastic,sarcastic,sarcastic,sarcastic,sarcastic,sarcastic,12,47,False,False,False,0.0,-0.6249,flat_delivery_candidate,
test-00252,4,rap lyrics are so vague and poorly written but it also reflects this series,if you a champion show me you a champion wow deep lyrics huh so we're going to endure that lameness all series ?,5,M1;M2;M3;M4;M5,sarcastic,sarcastic,sarcastic,sarcastic,sarcastic,not_sarcastic,14,75,False,False,False,0.0,-0.1111,flat_delivery_candidate,
test-00024,3,dear life stop fucking me,dear life would you at least start using lubricants,5,M2;M3;M4;M5;M6,not_sarcastic,sarcastic,sarcastic,sarcastic,sarcastic,sarcastic,5,25,False,False,False,0.0,0.1027,flat_delivery_candidate;short_ambiguous_candidate,
test-00196,2,6 0 run in 2 07 ? yea thats unimpressive,6 0 run in 2 07 ? yea thats totally impressive,5,M1;M2;M3;M4;M5,sarcastic,sarcastic,sarcastic,sarcastic,sarcastic,not_sarcastic,10,40,True,False,False,0.0,-0.34,rhetorical_question_candidate,
test-00252,2,these lyrics are not very deep,if you a champion show me you a champion wow deep lyrics huh so we're going to endure that lameness all series ?,5,M2;M3;M4;M5;M6,not_sarcastic,sarcastic,sarcastic,sarcastic,sarcastic,sarcastic,6,30,False,False,False,0.0,0.0,flat_delivery_candidate;short_ambiguous_candidate,
test-00252,1,those lyrics are not deep,if you a champion show me you a champion wow deep lyrics huh so we're going to endure that lameness all series ?,5,M1;M2;M3;M4;M5,sarcastic,sarcastic,sarcastic,sarcastic,sarcastic,not_sarcastic,5,25,False,False,False,0.0,0.0,flat_delivery_candidate;short_ambiguous_candidate,
test-00024,8,dear life stop fucking me,dear life would you at least start using lubricants,5,M2;M3;M4;M5;M6,not_sarcastic,sarcastic,sarcastic,sarcastic,sarcastic,sarcastic,5,25,False,False,False,0.0,0.1027,flat_delivery_candidate;short_ambiguous_candidate,
test-00251,3,jews sitting around in an oak wood plained room amp wahabis marauding through the desert are not the reasons behind all our ills,jews sitting around in an oak wood decorated room amp wahabis marauding through the desert are the reasons behind all our ills,5,M2;M3;M4;M5;M6,not_sarcastic,sarcastic,sarcastic,sarcastic,sarcastic,sarcastic,23,128,False,False,False,0.0,0.0,flat_delivery_candidate,
test-00025,3,dear life stop fucking me,dear life would you at least start using lubricant ?,5,M2;M3;M4;M5;M6,not_sarcastic,sarcastic,sarcastic,sarcastic,sarcastic,sarcastic,5,25,False,False,False,0.0,0.1027,flat_delivery_candidate;short_ambiguous_candidate,
test-00093,10,breaking news qpr are going to sign 40 year old robbie fowler and a lad called olly murs some cracking finishing today,breaking news qpr are going to sign 40 year old robbie fowler and a lad called olly murs some cracking finishing today,5,M1;M2;M3;M4;M5,sarcastic,sarcastic,sarcastic,sarcastic,sarcastic,not_sarcastic,22,118,False,False,False,0.0,0.0,flat_delivery_candidate,
test-00093,5,breaking news qpr are going to sign 40 year old robbie fowler and a lad called olly murs some cracking finishing today,breaking news qpr are going to sign 40 year old robbie fowler and a lad called olly murs some cracking finishing today,5,M1;M2;M3;M4;M5,sarcastic,sarcastic,sarcastic,sarcastic,sarcastic,not_sarcastic,22,118,False,False,False,0.0,0.0,flat_delivery_candidate,
test-00196,7,6 0 run in 2 07 ? yea thats unimpressive,6 0 run in 2 07 ? yea thats totally impressive,5,M1;M2;M3;M4;M5,sarcastic,sarcastic,sarcastic,sarcastic,sarcastic,not_sarcastic,10,40,True,False,False,0.0,-0.34,rhetorical_question_candidate,
test-00244,4,we'll regroup in cuba bernie,we'll regroup in cuba bernie,5,M1;M2;M3;M4;M5,sarcastic,sarcastic,sarcastic,sarcastic,sarcastic,not_sarcastic,5,28,False,False,False,0.0,0.0,flat_delivery_candidate;short_ambiguous_candidate,
test-00025,8,dear life stop fucking me,dear life would you at least start using lubricant ?,5,M2;M3;M4;M5;M6,not_sarcastic,sarcastic,sarcastic,sarcastic,sarcastic,sarcastic,5,25,False,False,False,0.0,0.1027,flat_delivery_candidate;short_ambiguous_candidate,
test-00092,9,sorry manchester looks lie its never going to happen,breaking manchester united and lionel messi have reached an agreement that the transfer will never happen hahaha,5,M1;M2;M3;M4;M5,sarcastic,sarcastic,sarcastic,sarcastic,sarcastic,not_sarcastic,9,52,False,False,False,0.0,-0.0772,flat_delivery_candidate,
test-00026,3,dear at amp t amp samsung i'm so sad i have zero storage for my things my 32 gb phone thanks to the useless apps i can uninstall,dear at amp t amp samsung i'm so glad i have zero storage for my things my 32 gb phone thanks to the useless apps i can't uninstall,5,M1;M2;M3;M4;M5,sarcastic,sarcastic,sarcastic,sarcastic,sarcastic,not_sarcastic,28,128,False,False,False,0.0,-0.3163,flat_delivery_candidate;long_context_dependent_candidate,
test-00092,4,sorry manchester looks lie its never going to happen,breaking manchester united and lionel messi have reached an agreement that the transfer will never happen hahaha,5,M1;M2;M3;M4;M5,sarcastic,sarcastic,sarcastic,sarcastic,sarcastic,not_sarcastic,9,52,False,False,False,0.0,-0.0772,flat_delivery_candidate,
test-00026,5,dear at amp t amp samsung i'm so glad i have zero storage for my things my 32 gb phone thanks to the useless apps i can't uninstall,dear at amp t amp samsung i'm so glad i have zero storage for my things my 32 gb phone thanks to the useless apps i can't uninstall,5,M1;M2;M3;M4;M5,sarcastic,sarcastic,sarcastic,sarcastic,sarcastic,not_sarcastic,28,131,False,False,False,0.0,0.7626,flat_delivery_candidate;positive_surface_wording_candidate;long_context_dependent_candidate,
test-00197,3,51 earthquake just shook my house bad i hate being california,51 earthquake just shook my house good lol i love be california,5,M1;M2;M3;M4;M5,sarcastic,sarcastic,sarcastic,sarcastic,sarcastic,not_sarcastic,11,61,False,False,False,0.0,-0.8225,flat_delivery_candidate,
test-00091,4,too bad the weather isn't nice enough to go out for my break,breaktime at work hot damn you should see the view,5,M1;M2;M3;M4;M5,sarcastic,sarcastic,sarcastic,sarcastic,sarcastic,not_sarcastic,13,60,False,False,False,0.0,-0.7033,flat_delivery_candidate,
test-00028,2,i can't believe we are already behind,day 3 at reception we're a day behind schedule lovely,5,M1;M2;M3;M4;M5,sarcastic,sarcastic,sarcastic,sarcastic,sarcastic,not_sarcastic,7,37,False,False,False,0.0,0.0,flat_delivery_candidate,
test-00198,1,5 hours sleep for a 45 hour drive for this boring interview thanks cavs for not making it worth staying up late,5 hours sleep for a 45 hour drive for this possibly life changing interview thanks cavs for making it worth staying up late,5,M2;M3;M4;M5;M6,not_sarcastic,sarcastic,sarcastic,sarcastic,sarcastic,sarcastic,22,111,False,False,False,0.0,-0.1004,flat_delivery_candidate,
test-00098,1,blegh my car needs a new engine but my neighbor will fix it for me just need 250 down but i'm broke,blegh my car needs a new engine but my neighbor will fix it for me just need 250 down easy,5,M1;M2;M3;M4;M5,sarcastic,sarcastic,sarcastic,sarcastic,sarcastic,not_sarcastic,22,99,False,False,False,0.0,-0.5719,flat_delivery_candidate,
test-00098,4,my neighbor will fix my car for less unforately i lack the funds i promised,blegh my car needs a new engine but my neighbor will fix it for me just need 250 down easy,5,M1;M2;M3;M4;M5,sarcastic,sarcastic,sarcastic,sarcastic,sarcastic,not_sarcastic,15,75,False,False,False,0.0,0.1226,flat_delivery_candidate,
test-00089,10,shit we have a broken waiter main in our apartment,broken water main in my apartment yippie that's something new,5,M1;M2;M3;M4;M5,sarcastic,sarcastic,sarcastic,sarcastic,sarcastic,not_sarcastic,10,50,False,False,False,0.0,-0.7717,flat_delivery_candidate,
test-00098,5,blegh my car needs a new engine but my neighbor will fix it for me just need 250 down tough decision,blegh my car needs a new engine but my neighbor will fix it for me just need 250 down easy,5,M1;M2;M3;M4;M5,sarcastic,sarcastic,sarcastic,sarcastic,sarcastic,not_sarcastic,21,100,False,False,False,0.0,-0.1901,flat_delivery_candidate,
test-00191,7,everyone looked super upset and i want to be anywhere else,a beautiful start to the week lots of happy smiling people going to ldn today,5,M1;M2;M3;M4;M5,sarcastic,sarcastic,sarcastic,sarcastic,sarcastic,not_sarcastic,11,58,False,False,False,0.0,0.3818,flat_delivery_candidate;positive_surface_wording_candidate,
test-00191,10,such an annoying start to the week seeing sad people going to ldn,a beautiful start to the week lots of happy smiling people going to ldn today,5,M1;M2;M3;M4;M5,sarcastic,sarcastic,sarcastic,sarcastic,sarcastic,not_sarcastic,13,65,False,False,False,0.0,-0.7003,flat_delivery_candidate,
test-00192,1,a commander in chief that flees from a bit of protest has now emboldened our nation's enemies across the world,a commander in chief that flees from a bit of protest has now driven fear in the hearts of our nation's enemies across the world,5,M1;M2;M3;M4;M5,sarcastic,sarcastic,sarcastic,sarcastic,sarcastic,not_sarcastic,20,110,False,False,False,0.0,-0.7096,flat_delivery_candidate,
test-00192,3,a commander in chief that flees from a bit of protest has now driven joy in the hearts of our nation's enemies across the world,a commander in chief that flees from a bit of protest has now driven fear in the hearts of our nation's enemies across the world,5,M2;M3;M4;M5;M6,not_sarcastic,sarcastic,sarcastic,sarcastic,sarcastic,sarcastic,25,127,False,False,False,0.0,-0.2732,flat_delivery_candidate;long_context_dependent_candidate,
test-00104,5,worst part about colossus is that you can never leave to pee because you're literally always short amp looking for a spot to get in,best part about colossus is that you can never leave to pee because you're literally always short amp looking for a spot to get in,5,M1;M2;M3;M4;M5,sarcastic,sarcastic,sarcastic,sarcastic,sarcastic,not_sarcastic,25,131,False,False,False,0.0,-0.6062,flat_delivery_candidate;long_context_dependent_candidate,
test-00104,3,worst part about colossus is that you can leave to pee because you're not literally always short amp looking for a spot to get out,best part about colossus is that you can never leave to pee because you're literally always short amp looking for a spot to get in,5,M1;M2;M3;M4;M5,sarcastic,sarcastic,sarcastic,sarcastic,sarcastic,not_sarcastic,25,130,False,False,False,0.0,-0.6486,flat_delivery_candidate;long_context_dependent_candidate,
test-00103,5,best pet of having to unexpectedly drive to austin ? driving through all the houston rain bummer,best pet of having to unexpectedly drive to austin ? driving through all the houston rain,5,M2;M3;M4;M5;M6,not_sarcastic,sarcastic,sarcastic,sarcastic,sarcastic,sarcastic,17,96,True,False,False,0.0,0.3818,rhetorical_question_candidate;positive_surface_wording_candidate,
test-00103,3,worst pet of having to unexpectedly drive to austin ? driving through all the houston rain,best pet of having to unexpectedly drive to austin ? driving through all the houston rain,5,M2;M3;M4;M5;M6,not_sarcastic,sarcastic,sarcastic,sarcastic,sarcastic,sarcastic,16,90,True,False,False,0.0,-0.6249,rhetorical_question_candidate,
test-00102,5,terrible relationship are the ones u don't communicate with each other total shit,best relationship are the ones u don't communicate with each other,5,M2;M3;M4;M5;M6,not_sarcastic,sarcastic,sarcastic,sarcastic,sarcastic,sarcastic,13,81,False,False,False,0.0,-0.7717,flat_delivery_candidate,
test-00193,2,96 degrees one of my least favorite part of living in california,96 degrees one of the great benefits of living in california,5,M1;M2;M3;M4;M5,sarcastic,sarcastic,sarcastic,sarcastic,sarcastic,not_sarcastic,12,64,False,False,False,0.0,-0.357,flat_delivery_candidate,
test-00193,3,96 degrees one of the worst part of living in california,96 degrees one of the great benefits of living in california,5,M1;M2;M3;M4;M5,sarcastic,sarcastic,sarcastic,sarcastic,sarcastic,not_sarcastic,11,56,False,False,False,0.0,-0.6249,flat_delivery_candidate,
test-00193,4,96 degrees california is too hot for me,96 degrees one of the great benefits of living in california,5,M1;M2;M3;M4;M5,sarcastic,sarcastic,sarcastic,sarcastic,sarcastic,not_sarcastic,8,39,False,False,False,0.0,0.0,flat_delivery_candidate,
test-00101,5,my elem teachers for which i learned what apple looks like,big thanks to my elem teachers for which i learned what apple looks like,5,M1;M2;M3;M4;M5,sarcastic,sarcastic,sarcastic,sarcastic,sarcastic,not_sarcastic,11,58,False,False,False,0.0,0.3612,flat_delivery_candidate;positive_surface_wording_candidate,
test-00193,5,96 degrees california is burning,96 degrees one of the great benefits of living in california,5,M1;M2;M3;M4;M5,sarcastic,sarcastic,sarcastic,sarcastic,sarcastic,not_sarcastic,5,32,False,False,False,0.0,0.0,flat_delivery_candidate;short_ambiguous_candidate,
test-00021,3,dentists don t make money off of people with bad teeth so should we not really trust the toothpaste they recommend ?,dentists make money off of people with bad teeth so should we really trust the toothpaste they recommend ?,5,M1;M2;M3;M4;M5,sarcastic,sarcastic,sarcastic,sarcastic,sarcastic,not_sarcastic,22,116,True,False,False,0.0,-0.6019,rhetorical_question_candidate,
test-00100,10,big thumbs down to this morning,big thumbs up to this morning,5,M1;M2;M3;M4;M5,sarcastic,sarcastic,sarcastic,sarcastic,sarcastic,not_sarcastic,6,31,False,False,False,0.0,0.0,flat_delivery_candidate;short_ambiguous_candidate,
test-00100,8,big thumbs down to this morning,big thumbs up to this morning,5,M1;M2;M3;M4;M5,sarcastic,sarcastic,sarcastic,sarcastic,sarcastic,not_sarcastic,6,31,False,False,False,0.0,0.0,flat_delivery_candidate;short_ambiguous_candidate,
test-00021,5,dentists make money off of people with bad teeth so should we really trust the toothpaste they recommend ?,dentists make money off of people with bad teeth so should we really trust the toothpaste they recommend ?,5,M1;M2;M3;M4;M5,sarcastic,sarcastic,sarcastic,sarcastic,sarcastic,not_sarcastic,19,106,True,False,False,0.0,0.3804,rhetorical_question_candidate;positive_surface_wording_candidate,
test-00100,6,big thumbs down to this morning,big thumbs up to this morning,5,M1;M2;M3;M4;M5,sarcastic,sarcastic,sarcastic,sarcastic,sarcastic,not_sarcastic,6,31,False,False,False,0.0,0.0,flat_delivery_candidate;short_ambiguous_candidate,
test-00100,5,big thumbs down to this morning,big thumbs up to this morning,5,M1;M2;M3;M4;M5,sarcastic,sarcastic,sarcastic,sarcastic,sarcastic,not_sarcastic,6,31,False,False,False,0.0,0.0,flat_delivery_candidate;short_ambiguous_candidate,
test-00194,4,little girls are too emotional,8 years old girls are pouting in their pooja it sounds normal but it's a irony,5,M1;M2;M3;M4;M5,sarcastic,sarcastic,sarcastic,sarcastic,sarcastic,not_sarcastic,5,30,False,False,False,0.0,0.1531,flat_delivery_candidate;short_ambiguous_candidate,
test-00100,3,big thumbs down to this morning,big thumbs up to this morning,5,M1;M2;M3;M4;M5,sarcastic,sarcastic,sarcastic,sarcastic,sarcastic,not_sarcastic,6,31,False,False,False,0.0,0.0,flat_delivery_candidate;short_ambiguous_candidate,
test-00100,1,big thumbs down to this morning,big thumbs up to this morning,5,M1;M2;M3;M4;M5,sarcastic,sarcastic,sarcastic,sarcastic,sarcastic,not_sarcastic,6,31,False,False,False,0.0,0.0,flat_delivery_candidate;short_ambiguous_candidate,
test-00198,2,i stayed up watching my team lose and i have an important interview tomorrow,5 hours sleep for a 45 hour drive for this possibly life changing interview thanks cavs for making it worth staying up late,5,M1;M2;M3;M4;M5,sarcastic,sarcastic,sarcastic,sarcastic,sarcastic,not_sarcastic,14,76,False,False,False,0.0,-0.2263,flat_delivery_candidate,
test-00001,1,at least the blister means i'm stuck on the couch,due to the large blister on the bottom of my right foot i guess i'm stuck on the couch tomorrow that sucks,5,M1;M2;M3;M4;M5,sarcastic,sarcastic,sarcastic,sarcastic,sarcastic,not_sarcastic,10,49,False,False,False,0.0,-0.25,flat_delivery_candidate,
test-00198,3,5 hours sleep for a 45 hour drive for this possibly most annoying interview of life thanks cavs for not making it worth staying up late,5 hours sleep for a 45 hour drive for this possibly life changing interview thanks cavs for making it worth staying up late,5,M2;M3;M4;M5;M6,not_sarcastic,sarcastic,sarcastic,sarcastic,sarcastic,sarcastic,26,135,False,False,False,0.0,-0.1923,flat_delivery_candidate;long_context_dependent_candidate,
test-00246,3,there's too many male voices annoying way of answering eddie izzards question,there's too many male voices great way of answering eddie izzards question,5,M2;M3;M4;M5;M6,not_sarcastic,sarcastic,sarcastic,sarcastic,sarcastic,sarcastic,12,77,False,False,False,0.0,-0.4019,flat_delivery_candidate,
test-00200,1,4 more assignments booo college is not fun,4 more assignments wooo college is so fun,5,M2;M3;M4;M5;M6,not_sarcastic,sarcastic,sarcastic,sarcastic,sarcastic,sarcastic,8,42,False,False,False,0.0,-0.4023,flat_delivery_candidate,
test-00201,1,4 fouls totally characteristic of him,4 fouls totally uncharacteristic of him he doesn't get to the line what use he is,5,M1;M2;M3;M4;M5,sarcastic,sarcastic,sarcastic,sarcastic,sarcastic,not_sarcastic,6,37,False,False,False,0.0,0.0,flat_delivery_candidate;short_ambiguous_candidate,
test-00087,1,i'm not surprised i am not diabetic because i work out and eat well,brother i'm surprised you aren't diabeticme well i eat salads every day for lunch and run before amp after work i'm surprised too,5,M1;M2;M3;M4;M5,sarcastic,sarcastic,sarcastic,sarcastic,sarcastic,not_sarcastic,14,67,False,False,False,0.0,0.1114,flat_delivery_candidate,
test-00028,7,i can't believe we are already behind,day 3 at reception we're a day behind schedule lovely,5,M1;M2;M3;M4;M5,sarcastic,sarcastic,sarcastic,sarcastic,sarcastic,not_sarcastic,7,37,False,False,False,0.0,0.0,flat_delivery_candidate,
test-00083,5,but remember guys our idiotic country believes people kill people so we're safe,but remember guys our idiotic country believes people kill people so we're safe,5,M2;M3;M4;M5;M6,not_sarcastic,sarcastic,sarcastic,sarcastic,sarcastic,sarcastic,13,79,False,False,False,0.0,-0.8474,flat_delivery_candidate,
test-00083,3,but remember guys our idiotic country doesn t believe people kill people so we're not safe,but remember guys our idiotic country believes people kill people so we're safe,5,M2;M3;M4;M5;M6,not_sarcastic,sarcastic,sarcastic,sarcastic,sarcastic,sarcastic,16,90,False,False,False,0.0,-0.9513,flat_delivery_candidate,
test-00201,8,4 fouls totally uncharacteristic of him he does get to the line what use he is,4 fouls totally uncharacteristic of him he doesn't get to the line what use he is,5,M1;M2;M3;M4;M5,sarcastic,sarcastic,sarcastic,sarcastic,sarcastic,not_sarcastic,16,78,False,False,False,0.0,0.0,flat_delivery_candidate,
test-00201,5,4 fouls totally uncharacteristic of him he doesn't get to the line what use he is,4 fouls totally uncharacteristic of him he doesn't get to the line what use he is,5,M1;M2;M3;M4;M5,sarcastic,sarcastic,sarcastic,sarcastic,sarcastic,not_sarcastic,16,81,False,False,False,0.0,0.0,flat_delivery_candidate,
test-00245,2,people can still get illegal heroin so making guns illegal won't change anything,we need to outlaw guns to protect people yea cause its working so well with heroin,5,M1;M2;M3;M4;M5,sarcastic,sarcastic,sarcastic,sarcastic,sarcastic,not_sarcastic,13,80,False,False,False,0.0,-0.886,flat_delivery_candidate,
test-00201,6,4 fouls totally characteristic of him,4 fouls totally uncharacteristic of him he doesn't get to the line what use he is,5,M1;M2;M3;M4;M5,sarcastic,sarcastic,sarcastic,sarcastic,sarcastic,not_sarcastic,6,37,False,False,False,0.0,0.0,flat_delivery_candidate;short_ambiguous_candidate,
test-00088,3,broken wings fly lower when ill but taste worst when cooked,broken wings fly higher when healed but taste good when cooked,5,M1;M2;M3;M4;M6,sarcastic,sarcastic,sarcastic,sarcastic,not_sarcastic,sarcastic,11,59,False,False,False,0.0,-0.8807,flat_delivery_candidate,
test-00085,3,but despite not of rumors of heat w del rio hhh would never be as petty mess with personal lives due to professional issues right ?,but despite rumors of heat w del rio hhh would never be as petty mess with personal lives due to professional issues right ?,5,M2;M3;M4;M5;M6,not_sarcastic,sarcastic,sarcastic,sarcastic,sarcastic,sarcastic,26,131,True,False,False,0.0,-0.3318,rhetorical_question_candidate;long_context_dependent_candidate,
test-00246,1,there's too many male voices bad way of answering eddie izzards question,there's too many male voices great way of answering eddie izzards question,5,M2;M3;M4;M5;M6,not_sarcastic,sarcastic,sarcastic,sarcastic,sarcastic,sarcastic,12,72,False,False,False,0.0,-0.5423,flat_delivery_candidate,
test-00246,5,there's too many male voices terrible way of answering eddie izzards question,there's too many male voices great way of answering eddie izzards question,5,M2;M3;M4;M5;M6,not_sarcastic,sarcastic,sarcastic,sarcastic,sarcastic,sarcastic,12,77,False,False,False,0.0,-0.4767,flat_delivery_candidate,
test-00245,4,if you take away guns people are still going to find them somehow,we need to outlaw guns to protect people yea cause its working so well with heroin,5,M1;M2;M3;M4;M5,sarcastic,sarcastic,sarcastic,sarcastic,sarcastic,not_sarcastic,13,65,False,False,False,0.0,0.0,flat_delivery_candidate,
test-00247,3,the cav's are more active and better unprepared than the warriors cav's will loose this series they sure do not look prepared and rested,the cav's are more rested and better prepared than the warriors cav's will win this series they sure look prepared and rested,5,M1;M2;M3;M4;M5,sarcastic,sarcastic,sarcastic,sarcastic,sarcastic,not_sarcastic,24,136,False,False,False,0.0,0.6695,flat_delivery_candidate;positive_surface_wording_candidate,
test-00088,2,i get the saying but i feel the need to be an ass,broken wings fly higher when healed but taste good when cooked,5,M2;M3;M4;M5;M6,not_sarcastic,sarcastic,sarcastic,sarcastic,sarcastic,sarcastic,13,49,False,False,False,0.0,-0.6956,flat_delivery_candidate,
test-00244,5,we'll regroup in cuba bernie,we'll regroup in cuba bernie,5,M1;M2;M3;M4;M5,sarcastic,sarcastic,sarcastic,sarcastic,sarcastic,not_sarcastic,5,28,False,False,False,0.0,0.0,flat_delivery_candidate;short_ambiguous_candidate,
test-00201,3,4 fouls totally uncharacteristic of him he does get to the line what use he is,4 fouls totally uncharacteristic of him he doesn't get to the line what use he is,5,M1;M2;M3;M4;M5,sarcastic,sarcastic,sarcastic,sarcastic,sarcastic,not_sarcastic,16,78,False,False,False,0.0,0.0,flat_delivery_candidate,
test-00089,5,shit we have a broken waiter main in our apartment,broken water main in my apartment yippie that's something new,5,M1;M2;M3;M4;M5,sarcastic,sarcastic,sarcastic,sarcastic,sarcastic,not_sarcastic,10,50,False,False,False,0.0,-0.7717,flat_delivery_candidate,
test-00247,4,the cav's are more rested and better prepared than the warriors cav's will win this series they sure look sloppy,the cav's are more rested and better prepared than the warriors cav's will win this series they sure look prepared and rested,5,M1;M2;M3;M4;M5,sarcastic,sarcastic,sarcastic,sarcastic,sarcastic,not_sarcastic,20,112,False,False,False,0.0,0.8797,flat_delivery_candidate;positive_surface_wording_candidate,
test-00085,5,but despite rumors of heat w del rio hhh would never be as petty mess with personal lives due to professional issues right ?,but despite rumors of heat w del rio hhh would never be as petty mess with personal lives due to professional issues right ?,5,M2;M3;M4;M5;M6,not_sarcastic,sarcastic,sarcastic,sarcastic,sarcastic,sarcastic,24,124,True,False,False,0.0,-0.3318,rhetorical_question_candidate,
test-00201,10,4 fouls totally uncharacteristic of him he doesn't get to the line what use he is,4 fouls totally uncharacteristic of him he doesn't get to the line what use he is,5,M1;M2;M3;M4;M5,sarcastic,sarcastic,sarcastic,sarcastic,sarcastic,not_sarcastic,16,81,False,False,False,0.0,0.0,flat_delivery_candidate,
test-00264,5,and also dont get me started on tanks soon we can buy tanks as well so many things that we have at our side,and also dont get me started on tanks soon we can buy tanks as well so many things that we have at our side,4,M1;M2;M3;M4,sarcastic,sarcastic,sarcastic,sarcastic,not_sarcastic,not_sarcastic,24,107,False,False,False,0.0,0.2732,flat_delivery_candidate,
test-00235,2,mlb is not risk averse,48 and 49 were in 11 talk at one point ah the mlb draft is so risk averse sarcasm,4,M2;M3;M4;M5,not_sarcastic,sarcastic,sarcastic,sarcastic,sarcastic,not_sarcastic,5,22,False,False,False,0.0,0.2057,flat_delivery_candidate;short_ambiguous_candidate,
test-00178,1,advertisers complain because we are the generation with less attention in history about 8 seconds i think it's because of the ads,advertisers complain because we are the generation with less attention in history about 8 seconds i cannot imagine why,4,M2;M3;M4;M5,not_sarcastic,sarcastic,sarcastic,sarcastic,sarcastic,not_sarcastic,22,129,False,False,False,0.0,-0.3612,flat_delivery_candidate,
test-00233,3,lgbt people in bathrooms are not danger to public safety definitely the people that shoot innocent club patrons,clearly lgbt people in bathrooms are a danger to public safety definitely not the people that shoot innocent club patrons,4,M2;M3;M4;M5,not_sarcastic,sarcastic,sarcastic,sarcastic,sarcastic,not_sarcastic,18,111,False,False,False,0.0,0.8061,flat_delivery_candidate;positive_surface_wording_candidate,
test-00264,4,and also dont get me started on tanks soon we can buy tanks as well so many things that we have at our side,and also dont get me started on tanks soon we can buy tanks as well so many things that we have at our side,4,M1;M2;M3;M4,sarcastic,sarcastic,sarcastic,sarcastic,not_sarcastic,not_sarcastic,24,107,False,False,False,0.0,0.2732,flat_delivery_candidate,
test-00165,2,some conspiracies are based on fact,all conspiracies are off base with no truth to them and all govt explanations are true and accurate and shouldn't be questioned,4,M1;M2;M3;M4,sarcastic,sarcastic,sarcastic,sarcastic,not_sarcastic,not_sarcastic,6,35,False,False,False,0.0,0.0,flat_delivery_candidate;short_ambiguous_candidate,
test-00165,5,all the government statements are fake and there are no conspiracies against them,all conspiracies are off base with no truth to them and all govt explanations are true and accurate and shouldn't be questioned,4,M2;M3;M4;M5,not_sarcastic,sarcastic,sarcastic,sarcastic,sarcastic,not_sarcastic,13,81,False,False,False,0.0,-0.6486,flat_delivery_candidate,
test-00242,4,someone tried to use my own joke against me and i don't care,when someone tries to hurt my feeling with one of my own jokes oh i have tasted my own medicine and it is bitter,4,M2;M3;M4;M5,not_sarcastic,sarcastic,sarcastic,sarcastic,sarcastic,not_sarcastic,13,60,False,False,False,0.0,-0.1098,flat_delivery_candidate,
test-00161,2,i'm sick of hearing about jr smith,almost forgot j r smith played for the cavs,4,M1;M2;M4;M5,sarcastic,sarcastic,not_sarcastic,sarcastic,sarcastic,not_sarcastic,7,34,False,False,False,0.0,-0.5106,flat_delivery_candidate,
test-00231,4,i'm comparing a 1 st world problem to an actual one,is like caste based reservation in educational institutes of india only few ppl gets it rest lives abusing it,4,M2;M3;M4;M5,not_sarcastic,sarcastic,sarcastic,sarcastic,sarcastic,not_sarcastic,11,51,False,False,False,0.0,-0.4019,flat_delivery_candidate,
test-00265,3,if i were to describe myself in one word it would be doesnt follow directions,if i were to describe myself in one word it would be doesnt follow directions,4,M2;M3;M4;M5,not_sarcastic,sarcastic,sarcastic,sarcastic,sarcastic,not_sarcastic,15,77,False,False,False,0.0,0.0,flat_delivery_candidate,
test-00265,1,if i were to describe myself in one word it would be doesnt follow directions,if i were to describe myself in one word it would be doesnt follow directions,4,M2;M3;M4;M5,not_sarcastic,sarcastic,sarcastic,sarcastic,sarcastic,not_sarcastic,15,77,False,False,False,0.0,0.0,flat_delivery_candidate,
test-00203,1,we should not get rid of the dui,2 2 according to this logic should drunk driving incidents be considered as less serious ? maybe just get rid of the dui ?,4,M1;M2;M4;M6,sarcastic,sarcastic,not_sarcastic,sarcastic,not_sarcastic,sarcastic,8,32,False,False,False,0.0,0.0,flat_delivery_candidate,
test-00161,5,how can you forget j r smith played for the cavs,almost forgot j r smith played for the cavs,4,M1;M2;M3;M4,sarcastic,sarcastic,sarcastic,sarcastic,not_sarcastic,not_sarcastic,11,48,False,False,False,0.0,0.128,flat_delivery_candidate,
test-00191,3,a worst start to the week lots of sad people going to ldn today,a beautiful start to the week lots of happy smiling people going to ldn today,4,M2;M3;M4;M5,not_sarcastic,sarcastic,sarcastic,sarcastic,sarcastic,not_sarcastic,14,63,False,False,False,0.0,-0.802,flat_delivery_candidate,
test-00191,8,a worst start to the week lots of sad people going to ldn today,a beautiful start to the week lots of happy smiling people going to ldn today,4,M2;M3;M4;M5,not_sarcastic,sarcastic,sarcastic,sarcastic,sarcastic,not_sarcastic,14,63,False,False,False,0.0,-0.802,flat_delivery_candidate,
test-00180,5,a short haiku it is 6 06 i have an exam today it is in 3 hours damn the saturday exams at uni,a short haiku it is 6 06 i have an exam today it is in 3 hours hooray for saturday exams at uni,4,M2;M3;M4;M5,not_sarcastic,sarcastic,sarcastic,sarcastic,sarcastic,not_sarcastic,23,93,False,False,False,0.0,-0.4019,flat_delivery_candidate,
test-00162,2,let's not do this this gun violence is horrible,all we need is a mass shooting at an old folks home than we'll have the trifecta cmon america we can do this,4,M2;M3;M4;M5,not_sarcastic,sarcastic,sarcastic,sarcastic,sarcastic,not_sarcastic,9,47,False,False,False,0.0,-0.8847,flat_delivery_candidate,
test-00162,4,we will never stop mass shootings,all we need is a mass shooting at an old folks home than we'll have the trifecta cmon america we can do this,4,M2;M3;M4;M5,not_sarcastic,sarcastic,sarcastic,sarcastic,sarcastic,not_sarcastic,6,33,False,False,False,0.0,0.2235,flat_delivery_candidate;short_ambiguous_candidate,
test-00203,4,drunk people driving is a serious crime but everyone seems to do it,2 2 according to this logic should drunk driving incidents be considered as less serious ? maybe just get rid of the dui ?,4,M2;M3;M4;M5,not_sarcastic,sarcastic,sarcastic,sarcastic,sarcastic,not_sarcastic,13,67,False,False,False,0.0,-0.4767,flat_delivery_candidate,
test-00245,1,changing gun laws won't work,we need to outlaw guns to protect people yea cause its working so well with heroin,4,M2;M3;M4;M5,not_sarcastic,sarcastic,sarcastic,sarcastic,sarcastic,not_sarcastic,5,28,False,False,False,0.0,-0.34,flat_delivery_candidate;short_ambiguous_candidate,
test-00192,4,a commander in chief that flees from a bit of protest has now driven fear in the hearts of our nation's enemies across the world,a commander in chief that flees from a bit of protest has now driven fear in the hearts of our nation's enemies across the world,4,M2;M3;M4;M5,not_sarcastic,sarcastic,sarcastic,sarcastic,sarcastic,not_sarcastic,25,128,False,False,False,0.0,-0.8442,flat_delivery_candidate;long_context_dependent_candidate,
test-00265,2,if i were to describe myself in one word it would be doesnt follow directions,if i were to describe myself in one word it would be doesnt follow directions,4,M2;M3;M4;M5,not_sarcastic,sarcastic,sarcastic,sarcastic,sarcastic,not_sarcastic,15,77,False,False,False,0.0,0.0,flat_delivery_candidate,
test-00202,1,this trip home is going slow,30 mins to move 200 yds this is a fun journey home,4,M1;M2;M4;M6,sarcastic,sarcastic,not_sarcastic,sarcastic,not_sarcastic,sarcastic,6,28,False,False,False,0.0,0.0,flat_delivery_candidate;short_ambiguous_candidate,
test-00192,5,a commander in chief that flees from a bit of protest has now driven fear in the hearts of our nation's enemies across the world,a commander in chief that flees from a bit of protest has now driven fear in the hearts of our nation's enemies across the world,4,M2;M3;M4;M5,not_sarcastic,sarcastic,sarcastic,sarcastic,sarcastic,not_sarcastic,25,128,False,False,False,0.0,-0.8442,flat_delivery_candidate;long_context_dependent_candidate,
test-00180,1,a short haiku it is 6 06 i have an exam today it is in 3 hours saturday exams at uni suck,a short haiku it is 6 06 i have an exam today it is in 3 hours hooray for saturday exams at uni,4,M2;M3;M4;M5,not_sarcastic,sarcastic,sarcastic,sarcastic,sarcastic,not_sarcastic,22,89,False,False,False,0.0,-0.4404,flat_delivery_candidate,
test-00228,4,i like to use sarcasm,may be the cheapest form of humor but it's still the best value,4,M1;M2;M5;M6,sarcastic,sarcastic,not_sarcastic,not_sarcastic,sarcastic,sarcastic,5,21,False,False,False,0.0,0.1531,flat_delivery_candidate;short_ambiguous_candidate,
test-00193,1,96 degrees one of the worst pars of living in california,96 degrees one of the great benefits of living in california,4,M2;M3;M4;M5,not_sarcastic,sarcastic,sarcastic,sarcastic,sarcastic,not_sarcastic,11,56,False,False,False,0.0,-0.6249,flat_delivery_candidate,
test-00265,4,if i were to describe myself in one word it would be doesnt follow directions,if i were to describe myself in one word it would be doesnt follow directions,4,M2;M3;M4;M5,not_sarcastic,sarcastic,sarcastic,sarcastic,sarcastic,not_sarcastic,15,77,False,False,False,0.0,0.0,flat_delivery_candidate,
test-00242,2,i don't care when someone tries to hurt my feeling with one of my own jokes,when someone tries to hurt my feeling with one of my own jokes oh i have tasted my own medicine and it is bitter,4,M2;M3;M4;M5,not_sarcastic,sarcastic,sarcastic,sarcastic,sarcastic,not_sarcastic,16,75,False,False,False,0.0,-0.5466,flat_delivery_candidate,
test-00178,3,advertisers don t complain because we are the generation with more attention in history about 8 seconds i can imagine why,advertisers complain because we are the generation with less attention in history about 8 seconds i cannot imagine why,4,M2;M3;M4;M5,not_sarcastic,sarcastic,sarcastic,sarcastic,sarcastic,not_sarcastic,21,121,False,False,False,0.0,-0.3612,flat_delivery_candidate,
test-00166,3,alison pearson what a terrible human being,alison pearson what a splendid human being,4,M2;M3;M4;M5,not_sarcastic,sarcastic,sarcastic,sarcastic,sarcastic,not_sarcastic,7,42,False,False,False,0.0,-0.4767,flat_delivery_candidate,
test-00264,3,and also dont get me started on tanks soon we can buy tanks as well so many things that we have at our side,and also dont get me started on tanks soon we can buy tanks as well so many things that we have at our side,4,M1;M2;M3;M4,sarcastic,sarcastic,sarcastic,sarcastic,not_sarcastic,not_sarcastic,24,107,False,False,False,0.0,0.2732,flat_delivery_candidate,
test-00242,1,i don't care when someone tries to hurt my feeling with one of my own jokes,when someone tries to hurt my feeling with one of my own jokes oh i have tasted my own medicine and it is bitter,4,M2;M3;M4;M5,not_sarcastic,sarcastic,sarcastic,sarcastic,sarcastic,not_sarcastic,16,75,False,False,False,0.0,-0.5466,flat_delivery_candidate,
test-00212,5,fb the story of people not using social media last week didn't hurt the stock,fb wow the story of people not using social media last week really hurt the stock,4,M2;M3;M4;M5,not_sarcastic,sarcastic,sarcastic,sarcastic,sarcastic,not_sarcastic,15,77,False,False,False,0.0,0.4168,flat_delivery_candidate;positive_surface_wording_candidate,
test-00173,4,he would have found some way to kill people even if he didn't have a gun,ah yes no way this psycho would have committed this crime if guns were illegal banning guns definitely would've prevented this,4,M2;M3;M4;M5,not_sarcastic,sarcastic,sarcastic,sarcastic,sarcastic,not_sarcastic,16,72,False,False,False,0.0,-0.5667,flat_delivery_candidate,
test-00173,3,this psycho would have committed this crime if guns were illegal banning guns definitely wouldn't prevent this,ah yes no way this psycho would have committed this crime if guns were illegal banning guns definitely would've prevented this,4,M2;M3;M4;M5,not_sarcastic,sarcastic,sarcastic,sarcastic,sarcastic,not_sarcastic,17,110,False,False,False,0.0,-0.6122,flat_delivery_candidate,
test-00250,4,i wish my laundry was done right,like maybe they should mark it on the tag 60 cotton 40 her fault,4,M1;M2;M4;M6,sarcastic,sarcastic,not_sarcastic,sarcastic,not_sarcastic,sarcastic,7,32,False,False,False,0.0,0.4019,flat_delivery_candidate;positive_surface_wording_candidate,
test-00213,5,stock is completely independent of social media,sometimes it just feels like only in movies that your crush will fall in love with you too,4,M1;M2;M3;M4,sarcastic,sarcastic,sarcastic,sarcastic,not_sarcastic,not_sarcastic,7,47,False,False,False,0.0,0.0,flat_delivery_candidate,
test-00169,1,the real world sucks,ain't it fun ? living in the real world ?,4,M1;M2;M5;M6,sarcastic,sarcastic,not_sarcastic,not_sarcastic,sarcastic,sarcastic,4,20,False,False,False,0.0,-0.3612,flat_delivery_candidate;short_ambiguous_candidate,
test-00173,1,gun laws would not have prevented orlando,ah yes no way this psycho would have committed this crime if guns were illegal banning guns definitely would've prevented this,4,M2;M3;M4;M5,not_sarcastic,sarcastic,sarcastic,sarcastic,sarcastic,not_sarcastic,7,41,False,False,False,0.0,-0.3557,flat_delivery_candidate,
test-00240,2,eating one salad doesn't make you healthy,eats a salad one time i am honestly the most pure being on this earth i can feel toxins escaping my body right in this moment,4,M1;M4;M5;M6,sarcastic,not_sarcastic,not_sarcastic,sarcastic,sarcastic,sarcastic,7,41,False,False,False,0.0,-0.3089,flat_delivery_candidate,
test-00184,5,crime against sexual orientation is a nuisance,a hate crime against sexual orientation of course nothing in the usa over the last 12 mths gave oxygen to his views,4,M2;M3;M4;M5,not_sarcastic,sarcastic,sarcastic,sarcastic,sarcastic,not_sarcastic,7,46,False,False,False,0.0,-0.5423,flat_delivery_candidate,
test-00212,4,fb the story of people not using social media last week didn't hurt the stock,fb wow the story of people not using social media last week really hurt the stock,4,M2;M3;M4;M5,not_sarcastic,sarcastic,sarcastic,sarcastic,sarcastic,not_sarcastic,15,77,False,False,False,0.0,0.4168,flat_delivery_candidate;positive_surface_wording_candidate,
test-00196,6,6 0 run in 2 07 is not impressive,6 0 run in 2 07 ? yea thats totally impressive,4,M2;M3;M4;M5,not_sarcastic,sarcastic,sarcastic,sarcastic,sarcastic,not_sarcastic,9,33,False,False,False,0.0,-0.4023,flat_delivery_candidate,
test-00212,3,fb damn the story of people using social media last week really enjoyed the stock,fb wow the story of people not using social media last week really hurt the stock,4,M2;M3;M4;M5,not_sarcastic,sarcastic,sarcastic,sarcastic,sarcastic,not_sarcastic,15,81,False,False,False,0.0,0.2247,flat_delivery_candidate,
test-00240,1,eating one salad doesn't make you healthy,eats a salad one time i am honestly the most pure being on this earth i can feel toxins escaping my body right in this moment,4,M1;M4;M5;M6,sarcastic,not_sarcastic,not_sarcastic,sarcastic,sarcastic,sarcastic,7,41,False,False,False,0.0,-0.3089,flat_delivery_candidate,
test-00239,1,it is not fun to be controlled by anti,laughs insanely its really fun to b controlled by anti,4,M2;M3;M4;M6,not_sarcastic,sarcastic,sarcastic,sarcastic,not_sarcastic,sarcastic,9,38,False,False,False,0.0,-0.6126,flat_delivery_candidate,
test-00239,2,it is not fun at all to be controlled by anti,laughs insanely its really fun to b controlled by anti,4,M2;M3;M4;M6,not_sarcastic,sarcastic,sarcastic,sarcastic,not_sarcastic,sarcastic,11,45,False,False,False,0.0,-0.6126,flat_delivery_candidate,
test-00249,5,minsan is so disturbing,minsan is so assuring,4,M1;M2;M3;M4,sarcastic,sarcastic,sarcastic,sarcastic,not_sarcastic,not_sarcastic,4,23,False,False,False,0.0,-0.6418,flat_delivery_candidate;short_ambiguous_candidate,
test-00248,3,scanning media is my lease favorite feature of android devices,scanning media is my favorite feature of android devices thank you,4,M1;M2;M3;M4,sarcastic,sarcastic,sarcastic,sarcastic,not_sarcastic,not_sarcastic,10,62,False,False,False,0.0,0.4588,flat_delivery_candidate;positive_surface_wording_candidate,
test-00170,1,boo property taxes i hate june,ahhhh property taxes i love june,4,M2;M3;M4;M5,not_sarcastic,sarcastic,sarcastic,sarcastic,sarcastic,not_sarcastic,6,30,False,False,False,0.0,-0.5719,flat_delivery_candidate;short_ambiguous_candidate,
test-00170,5,i hate june for all the property taxes i have to pay,ahhhh property taxes i love june,4,M2;M3;M4;M5,not_sarcastic,sarcastic,sarcastic,sarcastic,sarcastic,not_sarcastic,12,52,False,False,False,0.0,-0.6249,flat_delivery_candidate,
test-00247,2,the cav's are more rested and better prepared than the warriors cav's will win this series they are not prepared and rested,the cav's are more rested and better prepared than the warriors cav's will win this series they sure look prepared and rested,4,M2;M3;M4;M5,not_sarcastic,sarcastic,sarcastic,sarcastic,sarcastic,not_sarcastic,22,123,False,False,False,0.0,0.8678,flat_delivery_candidate;positive_surface_wording_candidate,
test-00247,1,the cav's are more rested and better prepared than the warriors cav's will win this series they don't look prepared and rested,the cav's are more rested and better prepared than the warriors cav's will win this series they sure look prepared and rested,4,M2;M3;M4;M5,not_sarcastic,sarcastic,sarcastic,sarcastic,sarcastic,not_sarcastic,22,126,False,False,False,0.0,0.8678,flat_delivery_candidate;positive_surface_wording_candidate,
test-00254,2,i hate sarcasm,i love said the person sarcastically,4,M1;M2;M4;M6,sarcastic,sarcastic,not_sarcastic,sarcastic,not_sarcastic,sarcastic,3,14,False,False,False,0.0,-0.6808,flat_delivery_candidate;short_ambiguous_candidate,
test-00195,1,645 my least favourite time to wake up on a saturday,645 my favourite time to wake up on a saturday,4,M1;M2;M3;M4,sarcastic,sarcastic,sarcastic,sarcastic,not_sarcastic,not_sarcastic,11,52,False,False,False,0.0,0.0,flat_delivery_candidate,
test-00236,2,no i hate spoilers,oh spoilers nice thanks guys i was gonna make the hour drive to the comic shop no reason to now,4,M1;M2;M3;M4,sarcastic,sarcastic,sarcastic,sarcastic,not_sarcastic,not_sarcastic,4,18,False,False,False,0.0,-0.7096,flat_delivery_candidate;short_ambiguous_candidate,
test-00187,4,up is a okay movie,a film showing up in poor lights will be willingly passed by censor board because it will show up atleast in some lights,4,M2;M3;M4;M5,not_sarcastic,sarcastic,sarcastic,sarcastic,sarcastic,not_sarcastic,5,18,False,False,False,0.0,0.2263,flat_delivery_candidate;short_ambiguous_candidate,
test-00253,3,i don t sleep a lot because it don't cost money,i sleep n sleep a lot because it don't cost money,4,M2;M3;M4;M5,not_sarcastic,sarcastic,sarcastic,sarcastic,sarcastic,not_sarcastic,11,47,False,False,False,0.0,0.0,flat_delivery_candidate,
test-00247,5,the cav's are more rested and better prepared than the warriors cav's will win this series they don't look prepared and rested,the cav's are more rested and better prepared than the warriors cav's will win this series they sure look prepared and rested,4,M2;M3;M4;M5,not_sarcastic,sarcastic,sarcastic,sarcastic,sarcastic,not_sarcastic,22,126,False,False,False,0.0,0.8678,flat_delivery_candidate;positive_surface_wording_candidate,
test-00264,2,and also dont get me started on tanks soon we can buy tanks as well so many things that we have at our side,and also dont get me started on tanks soon we can buy tanks as well so many things that we have at our side,4,M1;M2;M3;M4,sarcastic,sarcastic,sarcastic,sarcastic,not_sarcastic,not_sarcastic,24,107,False,False,False,0.0,0.2732,flat_delivery_candidate,
test-00264,1,and also dont get me started on tanks soon we can buy tanks as well so many things that we have at our side,and also dont get me started on tanks soon we can buy tanks as well so many things that we have at our side,4,M1;M2;M3;M4,sarcastic,sarcastic,sarcastic,sarcastic,not_sarcastic,not_sarcastic,24,107,False,False,False,0.0,0.2732,flat_delivery_candidate,
test-00183,5,a bad long wait in the doctors office should stresses my nerves,a nice long wait in the doctors office should calm my nerves,4,M1;M2;M4;M5,sarcastic,sarcastic,not_sarcastic,sarcastic,sarcastic,not_sarcastic,12,63,False,False,False,0.0,-0.7845,flat_delivery_candidate,
test-00207,1,lack of gun control is why orlando happened,2 successive shootings in orlando has nothing to do with the accessibility of guns at all right ?,4,M2;M3;M4;M5,not_sarcastic,sarcastic,sarcastic,sarcastic,sarcastic,not_sarcastic,8,43,False,False,False,0.0,-0.5719,flat_delivery_candidate,
test-00177,1,i'm not excited for leg day,after being sick i'm making my return to working out this wednesday i'm sooo excited for another leg day,4,M2;M3;M5;M6,not_sarcastic,sarcastic,sarcastic,not_sarcastic,sarcastic,sarcastic,6,27,False,False,False,0.0,-0.2584,flat_delivery_candidate;short_ambiguous_candidate,
test-00174,1,not excited people misunderstand what gmos are,ah yes good to see that people are still misunderstanding what gmos are,4,M2;M3;M4;M5,not_sarcastic,sarcastic,sarcastic,sarcastic,sarcastic,not_sarcastic,7,46,False,False,False,0.0,0.0191,flat_delivery_candidate,
test-00196,1,6 0 run in 2 07 is not impressive,6 0 run in 2 07 ? yea thats totally impressive,4,M2;M3;M4;M5,not_sarcastic,sarcastic,sarcastic,sarcastic,sarcastic,not_sarcastic,9,33,False,False,False,0.0,-0.4023,flat_delivery_candidate,
test-00208,3,2 chests pieces 5 special weapons and 14 gauntlets seems like some imbalanced drops to me from ib,2 chests pieces 5 special weapons and 14 gauntlets seems like some balanced drops to me from ib,4,M1;M3;M4;M5,sarcastic,not_sarcastic,sarcastic,sarcastic,sarcastic,not_sarcastic,18,97,False,False,False,0.0,0.3182,flat_delivery_candidate;positive_surface_wording_candidate,
test-00256,1,don't rush me i'm waiting for the last minute,don't rush me i'm waiting for the last minute,4,M1;M2;M3;M5,sarcastic,sarcastic,sarcastic,not_sarcastic,sarcastic,not_sarcastic,9,45,False,False,False,0.0,0.0,flat_delivery_candidate,
test-00217,5,he said i'm 20 and she is 16 but age is just a number me yeah jail is just a room,he said i'm 20 and she is 16 but age is just a number me yeah jail is just a room,4,M2;M3;M4;M5,not_sarcastic,sarcastic,sarcastic,sarcastic,sarcastic,not_sarcastic,21,81,False,False,False,0.0,0.5023,flat_delivery_candidate;positive_surface_wording_candidate,
test-00208,4,2 chests pieces 5 special weapons and 14 gauntlets seems like some imbalanced drops to me from ib,2 chests pieces 5 special weapons and 14 gauntlets seems like some balanced drops to me from ib,4,M1;M3;M4;M5,sarcastic,not_sarcastic,sarcastic,sarcastic,sarcastic,not_sarcastic,18,97,False,False,False,0.0,0.3182,flat_delivery_candidate;positive_surface_wording_candidate,
test-00217,3,he said i'm 20 and she is 16 but age is not just a number me yeah jail is not just a room,he said i'm 20 and she is 16 but age is just a number me yeah jail is just a room,4,M2;M3;M4;M5,not_sarcastic,sarcastic,sarcastic,sarcastic,sarcastic,not_sarcastic,23,89,False,False,False,0.0,0.3542,flat_delivery_candidate;positive_surface_wording_candidate,
test-00256,2,don't rush me i'm waiting for the last minute,don't rush me i'm waiting for the last minute,4,M1;M2;M3;M5,sarcastic,sarcastic,sarcastic,not_sarcastic,sarcastic,not_sarcastic,9,45,False,False,False,0.0,0.0,flat_delivery_candidate,
test-00217,1,he said i'm 20 and she is 16 but age is just a number me yeah jail is not just a room,he said i'm 20 and she is 16 but age is just a number me yeah jail is just a room,4,M2;M3;M4;M5,not_sarcastic,sarcastic,sarcastic,sarcastic,sarcastic,not_sarcastic,22,85,False,False,False,0.0,0.5023,flat_delivery_candidate;positive_surface_wording_candidate,
test-00256,5,don't rush me i'm waiting for the last minute,don't rush me i'm waiting for the last minute,4,M1;M2;M3;M5,sarcastic,sarcastic,sarcastic,not_sarcastic,sarcastic,not_sarcastic,9,45,False,False,False,0.0,0.0,flat_delivery_candidate,
test-00130,1,they didn't pull cy before things got out of hand,at least they are pulling cy before things get out of hand,4,M1;M2;M4;M5,sarcastic,sarcastic,not_sarcastic,sarcastic,sarcastic,not_sarcastic,10,49,False,False,False,0.0,0.4939,flat_delivery_candidate;positive_surface_wording_candidate,
test-00065,10,not excited to see everyone trying to rip off people over muhammad ali signed stuff please honour his legacy w respect,can't wait to see everyone trying to rip off people over muhammad ali signed stuff please honour his legacy w respect,4,M2;M3;M4;M5,not_sarcastic,sarcastic,sarcastic,sarcastic,sarcastic,not_sarcastic,21,118,False,False,False,0.0,0.7943,flat_delivery_candidate;positive_surface_wording_candidate,
test-00065,9,people will do anything to make a buck even disrespecting muhammad ali's legacy,can't wait to see everyone trying to rip off people over muhammad ali signed stuff please honour his legacy w respect,4,M2;M3;M4;M5,not_sarcastic,sarcastic,sarcastic,sarcastic,sarcastic,not_sarcastic,13,79,False,False,False,0.0,0.0,flat_delivery_candidate,
test-00082,1,but sometimes they just deserve my snarky comments they really do,but sometimes they just deserve my snarky comments they really do,4,M2;M3;M4;M5,not_sarcastic,sarcastic,sarcastic,sarcastic,sarcastic,not_sarcastic,11,65,False,False,False,0.0,0.0,flat_delivery_candidate,
test-00080,5,but whatever israel bathes in the blood of palestinians,but whatever israel bathes in the blood of palestinians amirite ?,4,M2;M3;M4;M6,not_sarcastic,sarcastic,sarcastic,sarcastic,not_sarcastic,sarcastic,9,55,False,False,False,0.0,0.0,flat_delivery_candidate,
test-00079,5,east is the worst place,but yeah the east is good too and not a total joke,4,M2;M3;M4;M5,not_sarcastic,sarcastic,sarcastic,sarcastic,sarcastic,not_sarcastic,5,23,False,False,False,0.0,-0.6249,flat_delivery_candidate;short_ambiguous_candidate,
test-00078,4,people believe everything they read online,but but i thought mcgregor was fighting mayweather next ? the blogs said so sarcasm,4,M2;M3;M4;M5,not_sarcastic,sarcastic,sarcastic,sarcastic,sarcastic,not_sarcastic,6,42,False,False,False,0.0,0.0,flat_delivery_candidate;short_ambiguous_candidate,
test-00074,1,can this week get any worse,can this week get any better ?,4,M1;M2;M5;M6,sarcastic,sarcastic,not_sarcastic,not_sarcastic,sarcastic,sarcastic,6,27,False,False,False,0.0,-0.4767,flat_delivery_candidate;short_ambiguous_candidate,
test-00072,1,lebron didn't have any help,can you imagine if lebron had help ?,4,M2;M3;M4;M5,not_sarcastic,sarcastic,sarcastic,sarcastic,sarcastic,not_sarcastic,5,27,False,False,False,0.0,-0.3089,flat_delivery_candidate;short_ambiguous_candidate,
test-00071,2,can you please refrain from singing ? this is a work place not a singing competition,can you please refrain from singing ? this is a work place not a singing competition,4,M1;M3;M5;M6,sarcastic,not_sarcastic,sarcastic,not_sarcastic,sarcastic,sarcastic,16,84,True,False,False,0.0,0.3182,rhetorical_question_candidate;positive_surface_wording_candidate,
test-00071,1,can you please refrain from singing ? this is a work place not a singing competition,can you please refrain from singing ? this is a work place not a singing competition,4,M1;M3;M5;M6,sarcastic,not_sarcastic,sarcastic,not_sarcastic,sarcastic,sarcastic,16,84,True,False,False,0.0,0.3182,rhetorical_question_candidate;positive_surface_wording_candidate,
test-00069,1,i wish we didn't have exams for the next two weeks in surrey,can't wait for the snaps of people going out for the next two weeks whilst surrey still has exams,4,M1;M2;M4;M5,sarcastic,sarcastic,not_sarcastic,sarcastic,sarcastic,not_sarcastic,13,60,False,False,False,0.0,0.4019,flat_delivery_candidate;positive_surface_wording_candidate,
test-00065,7,there are going to be a lot of bad people making money of ali's death,can't wait to see everyone trying to rip off people over muhammad ali signed stuff please honour his legacy w respect,4,M2;M3;M4;M5,not_sarcastic,sarcastic,sarcastic,sarcastic,sarcastic,not_sarcastic,15,69,False,False,False,0.0,-0.8126,flat_delivery_candidate,
test-00056,5,chase utley is ny's most hated visiting player,chase utley is ny's most popular visiting player,4,M2;M3;M4;M5,not_sarcastic,sarcastic,sarcastic,sarcastic,sarcastic,not_sarcastic,8,46,False,False,False,0.0,-0.6697,flat_delivery_candidate,
test-00065,5,not excited to see everyone trying to rip off people over muhammad ali signed stuff please honour his legacy w respect,can't wait to see everyone trying to rip off people over muhammad ali signed stuff please honour his legacy w respect,4,M2;M3;M4;M5,not_sarcastic,sarcastic,sarcastic,sarcastic,sarcastic,not_sarcastic,21,118,False,False,False,0.0,0.7943,flat_delivery_candidate;positive_surface_wording_candidate,
test-00065,4,people will do anything to make a buck even disrespecting muhammad ali's legacy,can't wait to see everyone trying to rip off people over muhammad ali signed stuff please honour his legacy w respect,4,M2;M3;M4;M5,not_sarcastic,sarcastic,sarcastic,sarcastic,sarcastic,not_sarcastic,13,79,False,False,False,0.0,0.0,flat_delivery_candidate,
test-00065,2,there are going to be a lot of bad people making money of ali's death,can't wait to see everyone trying to rip off people over muhammad ali signed stuff please honour his legacy w respect,4,M2;M3;M4;M5,not_sarcastic,sarcastic,sarcastic,sarcastic,sarcastic,not_sarcastic,15,69,False,False,False,0.0,-0.8126,flat_delivery_candidate,
test-00064,4,i hate when people invite hemselves to things,can't wait to see my dad's cousin that invited herself to my party tomorrow,4,M2;M3;M4;M5,not_sarcastic,sarcastic,sarcastic,sarcastic,sarcastic,not_sarcastic,8,45,False,False,False,0.0,-0.4767,flat_delivery_candidate,
test-00062,4,cas won't die he's a main character,cas would be dead now if not for anna goddamn such freedom and for previous tweet too,4,M2;M3;M4;M5,not_sarcastic,sarcastic,sarcastic,sarcastic,sarcastic,not_sarcastic,7,35,False,False,False,0.0,0.4847,flat_delivery_candidate;positive_surface_wording_candidate,
test-00061,3,cavs aren't getting any calls as usual,cavs aren't getting any calls this is new,4,M2;M3;M4;M5,not_sarcastic,sarcastic,sarcastic,sarcastic,sarcastic,not_sarcastic,7,38,False,False,False,0.0,0.0,flat_delivery_candidate,
test-00061,1,cavs aren't getting any calls as usual,cavs aren't getting any calls this is new,4,M2;M3;M4;M5,not_sarcastic,sarcastic,sarcastic,sarcastic,sarcastic,not_sarcastic,7,38,False,False,False,0.0,0.0,flat_delivery_candidate,
test-00060,4,cleveland is making a comeback,cavs on a run take curry and thompson out,4,M1;M2;M3;M4,sarcastic,sarcastic,sarcastic,sarcastic,not_sarcastic,not_sarcastic,5,30,False,False,False,0.0,0.0,flat_delivery_candidate;short_ambiguous_candidate,
test-00059,5,cavs vs warriors and i am still living to see that,cavs vs warriors wow never thought i'd see the day,4,M2;M3;M4;M5,not_sarcastic,sarcastic,sarcastic,sarcastic,sarcastic,not_sarcastic,11,50,False,False,False,0.0,0.0,flat_delivery_candidate,
test-00082,5,but sometimes they just deserve my snarky comments they really do,but sometimes they just deserve my snarky comments they really do,4,M2;M3;M4;M5,not_sarcastic,sarcastic,sarcastic,sarcastic,sarcastic,not_sarcastic,11,65,False,False,False,0.0,0.0,flat_delivery_candidate,
test-00084,5,these new markers don't mean anything,but hey at least we have new markers,4,M2;M3;M4;M5,not_sarcastic,sarcastic,sarcastic,sarcastic,sarcastic,not_sarcastic,6,37,False,False,False,0.0,0.0,flat_delivery_candidate;short_ambiguous_candidate,
test-00088,4,i don't care about people's problems instead i make a joke about it,broken wings fly higher when healed but taste good when cooked,4,M2;M3;M4;M5,not_sarcastic,sarcastic,sarcastic,sarcastic,sarcastic,not_sarcastic,13,67,False,False,False,0.0,-0.4815,flat_delivery_candidate,
test-00089,3,broken water main in my apartment bummer that's just as usual,broken water main in my apartment yippie that's something new,4,M2;M3;M4;M5,not_sarcastic,sarcastic,sarcastic,sarcastic,sarcastic,not_sarcastic,11,61,False,False,False,0.0,-0.6908,flat_delivery_candidate,
test-00126,3,audits are not a blast to do,audits are a blast to do,4,M2;M3;M4;M5,not_sarcastic,sarcastic,sarcastic,sarcastic,sarcastic,not_sarcastic,7,28,False,False,False,0.0,0.0,flat_delivery_candidate,
test-00122,4,back from vacation amp none of the overhead lights are working using a flashlight in storage is so annoying,back from vacation amp none of the overhead lights are working using a flashlight in storage is such fun,4,M1;M2;M4;M6,sarcastic,sarcastic,not_sarcastic,sarcastic,not_sarcastic,sarcastic,19,107,False,False,False,0.0,-0.541,flat_delivery_candidate,
test-00114,4,because restaurant chain burritos are not what i live for,because restaurant chain burritos are what i live for,4,M2;M4;M5;M6,not_sarcastic,sarcastic,not_sarcastic,sarcastic,sarcastic,sarcastic,10,57,False,False,False,0.0,0.0,flat_delivery_candidate,
test-00114,3,because restaurant chain burritos are what i hate the most,because restaurant chain burritos are what i live for,4,M2;M3;M4;M5,not_sarcastic,sarcastic,sarcastic,sarcastic,sarcastic,not_sarcastic,10,58,False,False,False,0.0,-0.5719,flat_delivery_candidate,
test-00114,2,because restaurant chain burritos are disgusting,because restaurant chain burritos are what i live for,4,M1;M4;M5;M6,sarcastic,not_sarcastic,not_sarcastic,sarcastic,sarcastic,sarcastic,6,48,False,False,False,0.0,-0.5267,flat_delivery_candidate;short_ambiguous_candidate,
test-00110,1,being alone sucks,being alone is always fun,4,M1;M2;M3;M4,sarcastic,sarcastic,sarcastic,sarcastic,not_sarcastic,not_sarcastic,3,17,False,False,False,0.0,-0.5423,flat_delivery_candidate;short_ambiguous_candidate,
test-00107,4,people don't like to hear the truth about things they like,being honest is difficult when ur friend swanking his imported item collection without realizing those all are made in china,4,M2;M3;M4;M5,not_sarcastic,sarcastic,sarcastic,sarcastic,sarcastic,not_sarcastic,11,58,False,False,False,0.0,-0.2311,flat_delivery_candidate,
test-00106,5,being stuck in airport is damn boring,being stuck in an airport is fun,4,M1;M2;M4;M6,sarcastic,sarcastic,not_sarcastic,sarcastic,not_sarcastic,sarcastic,7,37,False,False,False,0.0,-0.7184,flat_delivery_candidate,
test-00106,3,being stuck in an airport is the worst thing,being stuck in an airport is fun,4,M2;M3;M4;M6,not_sarcastic,sarcastic,sarcastic,sarcastic,not_sarcastic,sarcastic,9,44,False,False,False,0.0,-0.7269,flat_delivery_candidate,
test-00102,4,worst relationship are the ones u don't communicate with each other,best relationship are the ones u don't communicate with each other,4,M2;M3;M4;M5,not_sarcastic,sarcastic,sarcastic,sarcastic,sarcastic,not_sarcastic,11,67,False,False,False,0.0,-0.6249,flat_delivery_candidate,
test-00102,3,worst relationship are the ones communicate with each other,best relationship are the ones u don't communicate with each other,4,M2;M3;M4;M5,not_sarcastic,sarcastic,sarcastic,sarcastic,sarcastic,not_sarcastic,9,59,False,False,False,0.0,-0.6249,flat_delivery_candidate,
test-00102,1,worst relationship are the ones u don't communicate with each other,best relationship are the ones u don't communicate with each other,4,M2;M3;M4;M5,not_sarcastic,sarcastic,sarcastic,sarcastic,sarcastic,not_sarcastic,11,67,False,False,False,0.0,-0.6249,flat_delivery_candidate,
test-00101,1,my elementary teachers did not teach me much,big thanks to my elem teachers for which i learned what apple looks like,4,M1;M2;M4;M5,sarcastic,sarcastic,not_sarcastic,sarcastic,sarcastic,not_sarcastic,8,44,False,False,False,0.0,0.0,flat_delivery_candidate,
test-00097,5,elizabeth proctor is honestly the worst woman,bless elizabeth proctor she's honestly a great woman ha,4,M2;M3;M4;M5,not_sarcastic,sarcastic,sarcastic,sarcastic,sarcastic,not_sarcastic,7,45,False,False,False,0.0,-0.2732,flat_delivery_candidate,
test-00097,2,elizabeth proctor is a horrible woman,bless elizabeth proctor she's honestly a great woman ha,4,M2;M3;M4;M5,not_sarcastic,sarcastic,sarcastic,sarcastic,sarcastic,not_sarcastic,6,37,False,False,False,0.0,-0.5423,flat_delivery_candidate;short_ambiguous_candidate,
test-00095,5,i feel so depressed it's raining here,boy am i glad the rain's here,4,M1;M2;M3;M4,sarcastic,sarcastic,sarcastic,sarcastic,not_sarcastic,not_sarcastic,7,37,False,False,False,0.0,-0.5563,flat_delivery_candidate,
test-00092,10,as impossible as getting lionel messi to play for manchester united,breaking manchester united and lionel messi have reached an agreement that the transfer will never happen hahaha,4,M2;M3;M4;M5,not_sarcastic,sarcastic,sarcastic,sarcastic,sarcastic,not_sarcastic,11,67,False,False,False,0.0,0.6369,flat_delivery_candidate;positive_surface_wording_candidate,
test-00092,5,as impossible as getting lionel messi to play for manchester united,breaking manchester united and lionel messi have reached an agreement that the transfer will never happen hahaha,4,M2;M3;M4;M5,not_sarcastic,sarcastic,sarcastic,sarcastic,sarcastic,not_sarcastic,11,67,False,False,False,0.0,0.6369,flat_delivery_candidate;positive_surface_wording_candidate,
test-00089,8,broken water main in my apartment bummer that's just as usual,broken water main in my apartment yippie that's something new,4,M2;M3;M4;M5,not_sarcastic,sarcastic,sarcastic,sarcastic,sarcastic,not_sarcastic,11,61,False,False,False,0.0,-0.6908,flat_delivery_candidate,
test-00058,3,champions league waste header by jermaine jones there,champions league quality header by jermaine jones there,4,M1;M2;M3;M4,sarcastic,sarcastic,sarcastic,sarcastic,not_sarcastic,not_sarcastic,8,53,False,False,False,0.0,0.1531,flat_delivery_candidate,
test-00056,3,chase utley is ny's most unpopular visiting player,chase utley is ny's most popular visiting player,4,M2;M3;M4;M5,not_sarcastic,sarcastic,sarcastic,sarcastic,sarcastic,not_sarcastic,8,50,False,False,False,0.0,0.0,flat_delivery_candidate,
test-00130,5,they didn't pull cy before things got out of hand,at least they are pulling cy before things get out of hand,4,M1;M2;M4;M5,sarcastic,sarcastic,not_sarcastic,sarcastic,sarcastic,not_sarcastic,10,49,False,False,False,0.0,0.4939,flat_delivery_candidate;positive_surface_wording_candidate,
test-00013,2,seattle beaned fielder for carrying his bat to 1 st,does seattle bean fielder for celebrating and carrying the bat halfway to first,4,M1;M2;M3;M4,sarcastic,sarcastic,sarcastic,sarcastic,not_sarcastic,not_sarcastic,10,51,False,False,False,0.0,0.0,flat_delivery_candidate,
test-00022,4,deleted 94 scenes from udta punjab now the trailer is longer than the movie,deleted 94 scenes from udta punjab now the trailer is longer than the movie,4,M2;M3;M4;M5,not_sarcastic,sarcastic,sarcastic,sarcastic,sarcastic,not_sarcastic,14,75,False,False,False,0.0,0.0,flat_delivery_candidate,
test-00022,3,added 94 scenes from udta punjab now the trailer is shorter than the movie,deleted 94 scenes from udta punjab now the trailer is longer than the movie,4,M2;M3;M4;M5,not_sarcastic,sarcastic,sarcastic,sarcastic,sarcastic,not_sarcastic,14,74,False,False,False,0.0,0.0,flat_delivery_candidate,
test-00022,2,deleted 94 scenes from udta punjab now the trailer is longer than the movie,deleted 94 scenes from udta punjab now the trailer is longer than the movie,4,M2;M3;M4;M5,not_sarcastic,sarcastic,sarcastic,sarcastic,sarcastic,not_sarcastic,14,75,False,False,False,0.0,0.0,flat_delivery_candidate,
test-00022,1,the movie is short after so many scenes were deleted,deleted 94 scenes from udta punjab now the trailer is longer than the movie,4,M2;M3;M4;M5,not_sarcastic,sarcastic,sarcastic,sarcastic,sarcastic,not_sarcastic,10,52,False,False,False,0.0,0.0,flat_delivery_candidate,
test-00021,1,we shouldn't trust dentist,dentists make money off of people with bad teeth so should we really trust the toothpaste they recommend ?,4,M1;M2;M3;M4,sarcastic,sarcastic,sarcastic,sarcastic,not_sarcastic,not_sarcastic,4,26,False,False,False,0.0,-0.4023,flat_delivery_candidate;short_ambiguous_candidate,
test-00017,2,trump is an idiot and the pga is right to protest him,didn't know the pga was run by mexicans moving tournament from trump's doral to mexico city lol,4,M2;M3;M4;M5,not_sarcastic,sarcastic,sarcastic,sarcastic,sarcastic,not_sarcastic,12,53,False,False,False,0.0,-0.6486,flat_delivery_candidate,
test-00016,6,i'm not happy that everyone tweeted the bachelor results,didn't watch the bachelor but i'm so glad everyone tweeted about it so i know what's going on,4,M1;M2;M4;M5,sarcastic,sarcastic,not_sarcastic,sarcastic,sarcastic,not_sarcastic,9,56,False,False,False,0.0,-0.4585,flat_delivery_candidate,
test-00016,1,i'm not happy that everyone tweeted the bachelor results,didn't watch the bachelor but i'm so glad everyone tweeted about it so i know what's going on,4,M1;M2;M4;M5,sarcastic,sarcastic,not_sarcastic,sarcastic,sarcastic,not_sarcastic,9,56,False,False,False,0.0,-0.4585,flat_delivery_candidate,
test-00015,3,do you hate sarcasm ?,do you like sarcasm ?,4,M1;M2;M4;M6,sarcastic,sarcastic,not_sarcastic,sarcastic,not_sarcastic,sarcastic,5,21,True,False,False,0.0,-0.6808,rhetorical_question_candidate;short_ambiguous_candidate,
test-00013,1,seattle beaned fielder for carrying his bat to 1 st,does seattle bean fielder for celebrating and carrying the bat halfway to first,4,M1;M2;M3;M4,sarcastic,sarcastic,sarcastic,sarcastic,not_sarcastic,not_sarcastic,10,51,False,False,False,0.0,0.0,flat_delivery_candidate,
test-00055,5,chelasea is paving its own path to downfall,chelsea is doing whip it's ? she'll be like demi moore soon enough,4,M2;M3;M4;M5,not_sarcastic,sarcastic,sarcastic,sarcastic,sarcastic,not_sarcastic,8,43,False,False,False,0.0,0.0,flat_delivery_candidate,
test-00012,5,i would hate giving up my life to my friends and family,don't get me wrong i love my friends and family i would give up my life for them what a life,4,M1;M2;M3;M4,sarcastic,sarcastic,sarcastic,sarcastic,not_sarcastic,not_sarcastic,12,55,False,False,False,0.0,0.2023,flat_delivery_candidate,
test-00009,4,i hate being the villain of someone else life,don't ya just love being the villain of someone else life,4,M1;M2;M3;M4,sarcastic,sarcastic,sarcastic,sarcastic,not_sarcastic,not_sarcastic,9,45,False,False,False,0.0,-0.8074,flat_delivery_candidate,
test-00008,12,i'm happy that the toxic people in my life are gone,don't you feel sad when people slowly walk away from your life when you actually want them to run,4,M2;M3;M4;M5,not_sarcastic,sarcastic,sarcastic,sarcastic,sarcastic,not_sarcastic,11,51,False,False,False,0.0,0.5719,flat_delivery_candidate;positive_surface_wording_candidate,
test-00008,7,i'm happy that the toxic people in my life are gone,don't you feel sad when people slowly walk away from your life when you actually want them to run,4,M2;M3;M4;M5,not_sarcastic,sarcastic,sarcastic,sarcastic,sarcastic,not_sarcastic,11,51,False,False,False,0.0,0.5719,flat_delivery_candidate;positive_surface_wording_candidate,
test-00008,2,i'm happy that the toxic people in my life are gone,don't you feel sad when people slowly walk away from your life when you actually want them to run,4,M2;M3;M4;M5,not_sarcastic,sarcastic,sarcastic,sarcastic,sarcastic,not_sarcastic,11,51,False,False,False,0.0,0.5719,flat_delivery_candidate;positive_surface_wording_candidate,
test-00005,4,dozier hitting 3 rd ? doesn t make sense,dozier hitting 3 rd ? makes sense,4,M1;M2;M3;M4,sarcastic,sarcastic,sarcastic,sarcastic,not_sarcastic,not_sarcastic,9,40,True,False,False,0.0,0.0,rhetorical_question_candidate,
test-00005,3,dozier hitting 3 rd ? doesn t make sense,dozier hitting 3 rd ? makes sense,4,M1;M2;M3;M4,sarcastic,sarcastic,sarcastic,sarcastic,not_sarcastic,not_sarcastic,9,40,True,False,False,0.0,0.0,rhetorical_question_candidate,
test-00004,1,draymond is not a good player,draymond what a player,4,M2;M3;M4;M5,not_sarcastic,sarcastic,sarcastic,sarcastic,sarcastic,not_sarcastic,6,29,False,False,False,0.0,-0.3412,flat_delivery_candidate;short_ambiguous_candidate,
test-00003,4,if they start losing you'll know why,dressler on the bench problems in the peg ? stay tuned,4,M1;M2;M3;M5,sarcastic,sarcastic,sarcastic,not_sarcastic,sarcastic,not_sarcastic,7,36,False,False,False,0.0,-0.3818,flat_delivery_candidate,
test-00022,5,deleted 94 scenes from udta punjab now the trailer is longer than the movie,deleted 94 scenes from udta punjab now the trailer is longer than the movie,4,M2;M3;M4;M5,not_sarcastic,sarcastic,sarcastic,sarcastic,sarcastic,not_sarcastic,14,75,False,False,False,0.0,0.0,flat_delivery_candidate,
test-00023,5,dear travelers please what you are carrying as luggage,dear travelers pls bring along ur washing machine amp fridge as well considering those r hand luggage,4,M2;M3;M4;M6,not_sarcastic,sarcastic,sarcastic,sarcastic,not_sarcastic,sarcastic,9,54,False,False,False,0.0,0.5994,flat_delivery_candidate;positive_surface_wording_candidate,
test-00024,2,my life is fucking me hard and a lot,dear life would you at least start using lubricants,4,M1;M2;M4;M6,sarcastic,sarcastic,not_sarcastic,sarcastic,not_sarcastic,sarcastic,9,36,False,False,False,0.0,-0.1725,flat_delivery_candidate,
test-00024,7,my life is fucking me hard and a lot,dear life would you at least start using lubricants,4,M1;M2;M4;M6,sarcastic,sarcastic,not_sarcastic,sarcastic,not_sarcastic,sarcastic,9,36,False,False,False,0.0,-0.1725,flat_delivery_candidate,
test-00055,4,celebs all copy each other,chelsea is doing whip it's ? she'll be like demi moore soon enough,4,M1;M2;M4;M6,sarcastic,sarcastic,not_sarcastic,sarcastic,not_sarcastic,sarcastic,5,26,False,False,False,0.0,0.0,flat_delivery_candidate;short_ambiguous_candidate,
test-00053,5,choosing a player who has been out injured all season because he plays for arsenal is the first step for downfall,choosing a player who has been out injured all season because he plays for arsenal is the first step for success drink beer instead,4,M2;M3;M4;M5,not_sarcastic,sarcastic,sarcastic,sarcastic,sarcastic,not_sarcastic,21,113,False,False,False,0.0,-0.1779,flat_delivery_candidate,
test-00051,5,clean files and saw notes from old job my supervisor at the time taught me so much how to not treat people i should thank him,clean files and saw notes from old job my supervisor at the time taught me so much how to not treat people i should thank him,4,M1;M2;M3;M4,sarcastic,sarcastic,sarcastic,sarcastic,not_sarcastic,not_sarcastic,26,125,False,False,False,0.0,0.4482,flat_delivery_candidate;positive_surface_wording_candidate;long_context_dependent_candidate,
test-00051,3,clean files and saw notes from old job my supervisor at the time taught me so much how to not treat people i should thank him,clean files and saw notes from old job my supervisor at the time taught me so much how to not treat people i should thank him,4,M1;M2;M3;M4,sarcastic,sarcastic,sarcastic,sarcastic,not_sarcastic,not_sarcastic,26,125,False,False,False,0.0,0.4482,flat_delivery_candidate;positive_surface_wording_candidate;long_context_dependent_candidate,
test-00051,1,clean files and saw notes from old job my supervisor at the time taught me so much how to not treat people i should thank him,clean files and saw notes from old job my supervisor at the time taught me so much how to not treat people i should thank him,4,M1;M2;M3;M4,sarcastic,sarcastic,sarcastic,sarcastic,not_sarcastic,not_sarcastic,26,125,False,False,False,0.0,0.4482,flat_delivery_candidate;positive_surface_wording_candidate;long_context_dependent_candidate,
test-00048,2,the sharapova case didn't have a clear and present outcome,clear example they made of sharapova then ey ?,4,M2;M3;M4;M5,not_sarcastic,sarcastic,sarcastic,sarcastic,sarcastic,not_sarcastic,10,58,False,False,False,0.0,-0.2924,flat_delivery_candidate,
test-00047,1,we didn't all take fulmer,clearly we all took fulmer right ?,4,M1;M2;M3;M6,sarcastic,sarcastic,sarcastic,not_sarcastic,not_sarcastic,sarcastic,5,25,False,False,False,0.0,0.0,flat_delivery_candidate;short_ambiguous_candidate,
test-00044,5,i knew cmg would come back to 400,cmg came back to 400 what a surprise,4,M1;M2;M3;M5,sarcastic,sarcastic,sarcastic,not_sarcastic,sarcastic,not_sarcastic,8,33,False,False,False,0.0,0.0,flat_delivery_candidate,
test-00044,3,cmg came back to 400 no surprise,cmg came back to 400 what a surprise,4,M1;M2;M3;M4,sarcastic,sarcastic,sarcastic,sarcastic,not_sarcastic,not_sarcastic,7,32,False,False,False,0.0,-0.0258,flat_delivery_candidate,
test-00039,3,nothing worth to congratulate,congratulations,4,M2;M3;M4;M5,not_sarcastic,sarcastic,sarcastic,sarcastic,sarcastic,not_sarcastic,4,29,False,False,False,0.0,-0.5096,flat_delivery_candidate;short_ambiguous_candidate,
test-00033,3,curry must not be hurt,curry must be hurt,4,M1;M4;M5;M6,sarcastic,not_sarcastic,not_sarcastic,sarcastic,sarcastic,sarcastic,5,22,False,False,False,0.0,0.4168,flat_delivery_candidate;positive_surface_wording_candidate;short_ambiguous_candidate,
test-00033,2,curry is owning this game,curry must be hurt,4,M2;M3;M4;M6,not_sarcastic,sarcastic,sarcastic,sarcastic,not_sarcastic,sarcastic,5,25,False,False,False,0.0,0.0,flat_delivery_candidate;short_ambiguous_candidate,
test-00030,5,dat last half an hour before your two days off though,dat last half an hour before your two days off though,4,M1;M2;M4;M6,sarcastic,sarcastic,not_sarcastic,sarcastic,not_sarcastic,sarcastic,11,53,False,False,False,0.0,0.0,flat_delivery_candidate,
test-00030,4,i can't wait for my days off,dat last half an hour before your two days off though,4,M1;M2;M3;M4,sarcastic,sarcastic,sarcastic,sarcastic,not_sarcastic,not_sarcastic,7,28,False,False,False,0.0,0.0,flat_delivery_candidate,
test-00030,1,dat last half an hour before your two days off though,dat last half an hour before your two days off though,4,M1;M2;M4;M6,sarcastic,sarcastic,not_sarcastic,sarcastic,not_sarcastic,sarcastic,11,53,False,False,False,0.0,0.0,flat_delivery_candidate,
test-00028,10,hate it it's the third day and we are already running a day late in our schedule,day 3 at reception we're a day behind schedule lovely,4,M2;M3;M4;M5,not_sarcastic,sarcastic,sarcastic,sarcastic,sarcastic,not_sarcastic,17,80,False,False,False,0.0,-0.5719,flat_delivery_candidate,
test-00028,5,hate it it's the third day and we are already running a day late in our schedule,day 3 at reception we're a day behind schedule lovely,4,M2;M3;M4;M5,not_sarcastic,sarcastic,sarcastic,sarcastic,sarcastic,not_sarcastic,17,80,False,False,False,0.0,-0.5719,flat_delivery_candidate,
test-00025,7,my life is fucking me hard and a lot,dear life would you at least start using lubricant ?,4,M1;M2;M4;M6,sarcastic,sarcastic,not_sarcastic,sarcastic,not_sarcastic,sarcastic,9,36,False,False,False,0.0,-0.1725,flat_delivery_candidate,
test-00025,2,my life is fucking me hard and a lot,dear life would you at least start using lubricant ?,4,M1;M2;M4;M6,sarcastic,sarcastic,not_sarcastic,sarcastic,not_sarcastic,sarcastic,9,36,False,False,False,0.0,-0.1725,flat_delivery_candidate,
test-00130,4,they pulled out this player but it's too late the damage is done,at least they are pulling cy before things get out of hand,4,M2;M3;M4;M5,not_sarcastic,sarcastic,sarcastic,sarcastic,sarcastic,not_sarcastic,13,64,False,False,False,0.0,-0.6486,flat_delivery_candidate,
test-00265,5,if i were to describe myself in one word it would be doesnt follow directions,if i were to describe myself in one word it would be doesnt follow directions,4,M2;M3;M4;M5,not_sarcastic,sarcastic,sarcastic,sarcastic,sarcastic,not_sarcastic,15,77,False,False,False,0.0,0.0,flat_delivery_candidate,
test-00140,3,aot may not or may have not killed more people so far than supernatural has not,aot may or may not have killed more people so far than supernatural has,4,M2;M3;M4;M5,not_sarcastic,sarcastic,sarcastic,sarcastic,sarcastic,not_sarcastic,16,79,False,False,False,0.0,0.5559,flat_delivery_candidate;positive_surface_wording_candidate,
test-00138,5,everyone shows the same pictures of ali with the beatles please stop tweeting them as i have seen them all today,are there any pictures that exist showing ali with the beatles ? if so please tweet as i have not seen any at all today,4,M2;M3;M4;M5,not_sarcastic,sarcastic,sarcastic,sarcastic,sarcastic,not_sarcastic,21,112,False,False,False,0.0,0.0258,flat_delivery_candidate,
test-00132,1,at a padres game and i'm trying to explain the fascinating history of cannibalism i learned today to k he's not interested,at a padres game and i'm trying to explain the fascinating history of cannibalism i learned today to k he's never loved me more,4,M2;M3;M4;M5,not_sarcastic,sarcastic,sarcastic,sarcastic,sarcastic,not_sarcastic,22,122,False,False,False,0.0,0.3054,flat_delivery_candidate;positive_surface_wording_candidate,
test-00140,5,supernatural is a complete shit show,aot may or may not have killed more people so far than supernatural has,4,M2;M3;M4;M5,not_sarcastic,sarcastic,sarcastic,sarcastic,sarcastic,not_sarcastic,6,36,False,False,False,0.0,-0.5574,flat_delivery_candidate;short_ambiguous_candidate,
test-00159,2,brad stevens is too good for this,alright it's just gonna take a few more years for brad stevens to get to iu,4,M1;M2;M3;M4,sarcastic,sarcastic,sarcastic,sarcastic,not_sarcastic,not_sarcastic,7,33,False,False,False,0.0,0.4404,flat_delivery_candidate;positive_surface_wording_candidate,
test-00133,3,didn t ask my wife what time it was as i was waking up and our toddler not scolded it's not time for sleep,asked my wife what time it was as i was waking up and our toddler scolded it's not time for sleep already,4,M2;M3;M4;M5,not_sarcastic,sarcastic,sarcastic,sarcastic,sarcastic,not_sarcastic,24,106,False,False,False,0.0,0.0,flat_delivery_candidate,
test-00135,1,as soon as someone is identified as an unsung hero he no longer is,as soon as someone is identified as an unsung hero he no longer is,4,M2;M3;M4;M5,not_sarcastic,sarcastic,sarcastic,sarcastic,sarcastic,not_sarcastic,14,66,False,False,False,0.0,0.34,flat_delivery_candidate;positive_surface_wording_candidate,
test-00153,2,i'm glad that german fell to 10 th place,amazing first lap such a shame my favorite german is down to 10 th,4,M2;M3;M4;M5,not_sarcastic,sarcastic,sarcastic,sarcastic,sarcastic,not_sarcastic,9,40,False,False,False,0.0,0.4588,flat_delivery_candidate;positive_surface_wording_candidate,
test-00135,2,as soon as someone is identified as an unsung hero he no longer is,as soon as someone is identified as an unsung hero he no longer is,4,M2;M3;M4;M5,not_sarcastic,sarcastic,sarcastic,sarcastic,sarcastic,not_sarcastic,14,66,False,False,False,0.0,0.34,flat_delivery_candidate;positive_surface_wording_candidate,
test-00135,3,as soon as someone is identified as an unsung hero he no longer is,as soon as someone is identified as an unsung hero he no longer is,4,M2;M3;M4;M5,not_sarcastic,sarcastic,sarcastic,sarcastic,sarcastic,not_sarcastic,14,66,False,False,False,0.0,0.34,flat_delivery_candidate;positive_surface_wording_candidate,
test-00139,1,black people should not be blamed for orlando,are people really blaming the black community for orlando ? those black people just sitting there being black unbelievable,4,M1;M2;M3;M4,sarcastic,sarcastic,sarcastic,sarcastic,not_sarcastic,not_sarcastic,8,45,False,False,False,0.0,0.3724,flat_delivery_candidate;positive_surface_wording_candidate,
test-00154,3,always discomforting when you hear three gunshots go off in your area,always comforting when you hear three gunshots go off in your area,4,M1;M2;M3;M4,sarcastic,sarcastic,sarcastic,sarcastic,not_sarcastic,not_sarcastic,12,69,False,False,False,0.0,-0.3818,flat_delivery_candidate,
test-00144,2,we need to make guns harder for people to get,another shooting ? yeah we totally need to make guns easier for people to get,4,M1;M2;M4;M5,sarcastic,sarcastic,not_sarcastic,sarcastic,sarcastic,not_sarcastic,10,45,False,False,False,0.0,0.0,flat_delivery_candidate,
test-00135,4,as soon as someone is identified as an unsung hero he no longer is,as soon as someone is identified as an unsung hero he no longer is,4,M2;M3;M4;M5,not_sarcastic,sarcastic,sarcastic,sarcastic,sarcastic,not_sarcastic,14,66,False,False,False,0.0,0.34,flat_delivery_candidate;positive_surface_wording_candidate,
test-00155,1,always be yourself except during job interviews the first couple months of relationships or any type of social interaction,always be yourself except during job interviews the first couple months of relationships or any type of social interaction,4,M2;M3;M4;M5,not_sarcastic,sarcastic,sarcastic,sarcastic,sarcastic,not_sarcastic,19,122,False,False,False,0.0,0.0,flat_delivery_candidate,
test-00135,5,as soon as someone is identified as an unsung hero he no longer is,as soon as someone is identified as an unsung hero he no longer is,4,M2;M3;M4;M5,not_sarcastic,sarcastic,sarcastic,sarcastic,sarcastic,not_sarcastic,14,66,False,False,False,0.0,0.34,flat_delivery_candidate;positive_surface_wording_candidate,
test-00155,3,never be yourself including during job interviews the first couple months of relationships or any type of social interaction,always be yourself except during job interviews the first couple months of relationships or any type of social interaction,4,M2;M3;M4;M5,not_sarcastic,sarcastic,sarcastic,sarcastic,sarcastic,not_sarcastic,19,124,False,False,False,0.0,0.0,flat_delivery_candidate,
test-00138,4,when someone dies everyone does the same thing talk about being original,are there any pictures that exist showing ali with the beatles ? if so please tweet as i have not seen any at all today,4,M2;M3;M4;M5,not_sarcastic,sarcastic,sarcastic,sarcastic,sarcastic,not_sarcastic,12,72,False,False,False,0.0,0.3182,flat_delivery_candidate;positive_surface_wording_candidate,
test-00138,3,everyone shows pictures of ali with the beatles please stop tweeting them as i have seen them all today,are there any pictures that exist showing ali with the beatles ? if so please tweet as i have not seen any at all today,4,M2;M3;M4;M5,not_sarcastic,sarcastic,sarcastic,sarcastic,sarcastic,not_sarcastic,19,103,False,False,False,0.0,0.0258,flat_delivery_candidate,
test-00138,2,i have seen the same photo over and over stop it,are there any pictures that exist showing ali with the beatles ? if so please tweet as i have not seen any at all today,4,M2;M3;M4;M5,not_sarcastic,sarcastic,sarcastic,sarcastic,sarcastic,not_sarcastic,11,48,False,False,False,0.0,-0.296,flat_delivery_candidate,
test-00155,5,never be yourself especially during job interviews the first couple months of relationships or any type of social interaction,always be yourself except during job interviews the first couple months of relationships or any type of social interaction,4,M2;M3;M4;M5,not_sarcastic,sarcastic,sarcastic,sarcastic,sarcastic,not_sarcastic,19,125,False,False,False,0.0,0.0,flat_delivery_candidate,
test-00158,10,it is naive to expect that poor job numbers will temporarily slow down the fed from raising rates,alright all the bulls can rally on the fact that a poor jobs number is temporarily going to slow the fed from raising rates spy,4,M2;M3;M4;M5,not_sarcastic,sarcastic,sarcastic,sarcastic,sarcastic,not_sarcastic,18,97,False,False,False,0.0,-0.6369,flat_delivery_candidate,
test-00143,1,another crappy summer weekend,another summer weekend that's a blast,4,M1;M2;M3;M5,sarcastic,sarcastic,sarcastic,not_sarcastic,sarcastic,not_sarcastic,4,29,False,False,False,0.0,-0.5574,flat_delivery_candidate;short_ambiguous_candidate,
test-00158,5,it is naive to expect that poor job numbers will temporarily slow down the fed from raising rates,alright all the bulls can rally on the fact that a poor jobs number is temporarily going to slow the fed from raising rates spy,4,M2;M3;M4;M5,not_sarcastic,sarcastic,sarcastic,sarcastic,sarcastic,not_sarcastic,18,97,False,False,False,0.0,-0.6369,flat_delivery_candidate,
test-00147,4,the angels can't afford to lose another starter,another injured angels starter would be fantastic,4,M1;M2;M3;M4,sarcastic,sarcastic,sarcastic,sarcastic,not_sarcastic,not_sarcastic,8,47,False,False,False,0.0,0.3089,flat_delivery_candidate;positive_surface_wording_candidate,
test-00147,1,we don't need any more injuries,another injured angels starter would be fantastic,4,M2;M3;M4;M5,not_sarcastic,sarcastic,sarcastic,sarcastic,sarcastic,not_sarcastic,6,31,False,False,False,0.0,0.0,flat_delivery_candidate;short_ambiguous_candidate,
test-00147,3,another injured angels starter would be very bad,another injured angels starter would be fantastic,4,M2;M3;M4;M5,not_sarcastic,sarcastic,sarcastic,sarcastic,sarcastic,not_sarcastic,8,48,False,False,False,0.0,-0.7574,flat_delivery_candidate,
test-00032,1,dalledova the curry stopper just checked in,dalledova the curry stopper just checked in,3,M1;M4;M6,sarcastic,not_sarcastic,not_sarcastic,sarcastic,not_sarcastic,sarcastic,7,43,False,False,False,0.0,0.0,flat_delivery_candidate,
test-00046,4,i am not being unreasonable,clearly i'm being unreasonable,3,M1;M2;M4,sarcastic,sarcastic,not_sarcastic,sarcastic,not_sarcastic,not_sarcastic,5,27,False,False,False,0.0,0.0,flat_delivery_candidate;short_ambiguous_candidate,
test-00207,2,these shootings have everything to do with easy accessibility to guns,2 successive shootings in orlando has nothing to do with the accessibility of guns at all right ?,3,M2;M3;M4,not_sarcastic,sarcastic,sarcastic,sarcastic,not_sarcastic,not_sarcastic,11,69,False,False,False,0.0,0.4404,flat_delivery_candidate;positive_surface_wording_candidate,
test-00168,3,so much shit in the world,aint that much shit in the world,3,M1;M2;M6,sarcastic,sarcastic,not_sarcastic,not_sarcastic,not_sarcastic,sarcastic,6,25,False,False,False,0.0,-0.5965,flat_delivery_candidate;short_ambiguous_candidate,
test-00046,1,i am not being unreasonable,clearly i'm being unreasonable,3,M1;M2;M4,sarcastic,sarcastic,not_sarcastic,sarcastic,not_sarcastic,not_sarcastic,5,27,False,False,False,0.0,0.0,flat_delivery_candidate;short_ambiguous_candidate,
test-00046,2,i am not being unreasonable,clearly i'm being unreasonable,3,M1;M2;M4,sarcastic,sarcastic,not_sarcastic,sarcastic,not_sarcastic,not_sarcastic,5,27,False,False,False,0.0,0.0,flat_delivery_candidate;short_ambiguous_candidate,
test-00208,5,2 chests pieces 5 special weapons and 14 gauntlets deadly,2 chests pieces 5 special weapons and 14 gauntlets seems like some balanced drops to me from ib,3,M1;M2;M4,sarcastic,sarcastic,not_sarcastic,sarcastic,not_sarcastic,not_sarcastic,10,57,False,False,False,0.0,-0.0516,flat_delivery_candidate,
test-00154,1,never comforting when you hear three gunshots go off in your area,always comforting when you hear three gunshots go off in your area,3,M1;M2;M4,sarcastic,sarcastic,not_sarcastic,sarcastic,not_sarcastic,not_sarcastic,12,65,False,False,False,0.0,-0.3089,flat_delivery_candidate,
test-00071,4,i hate people singing at work,can you please refrain from singing ? this is a work place not a singing competition,3,M1;M2;M6,sarcastic,sarcastic,not_sarcastic,not_sarcastic,not_sarcastic,sarcastic,6,29,False,False,False,0.0,-0.5719,flat_delivery_candidate;short_ambiguous_candidate,
test-00018,4,the yankees are a mess,did you see how the yankees manufactured that run from a leadoff double ? that was amazing,3,M1;M5;M6,sarcastic,not_sarcastic,not_sarcastic,not_sarcastic,sarcastic,sarcastic,5,22,False,False,False,0.0,-0.3612,flat_delivery_candidate;short_ambiguous_candidate,
test-00139,4,it doesn't matter what the black community does racists will blame them for anything,are people really blaming the black community for orlando ? those black people just sitting there being black unbelievable,3,M2;M3;M4,not_sarcastic,sarcastic,sarcastic,sarcastic,not_sarcastic,not_sarcastic,14,84,False,False,False,0.0,-0.7162,flat_delivery_candidate,
test-00036,4,everyone knows the government is corrupt but no one will do anything about it,corrupt media establishment can't even coordinate on when to steal the democratic nomination,3,M2;M3;M5,not_sarcastic,sarcastic,sarcastic,not_sarcastic,sarcastic,not_sarcastic,14,77,False,False,False,0.0,-0.4215,flat_delivery_candidate,
test-00233,5,lgbt people are innocent they are criminalized by society,clearly lgbt people in bathrooms are a danger to public safety definitely not the people that shoot innocent club patrons,3,M2;M3;M4,not_sarcastic,sarcastic,sarcastic,sarcastic,not_sarcastic,not_sarcastic,9,57,False,False,False,0.0,0.34,flat_delivery_candidate;positive_surface_wording_candidate,
test-00046,5,i am not being unreasonable,clearly i'm being unreasonable,3,M1;M2;M4,sarcastic,sarcastic,not_sarcastic,sarcastic,not_sarcastic,not_sarcastic,5,27,False,False,False,0.0,0.0,flat_delivery_candidate;short_ambiguous_candidate,
test-00070,7,my dad is an abusive jerk,can't wait for father's day to honor all fathers who really took spare the rod spoil the child to heart,3,M1;M2;M6,sarcastic,sarcastic,not_sarcastic,not_sarcastic,not_sarcastic,sarcastic,6,25,False,False,False,0.0,-0.765,flat_delivery_candidate;short_ambiguous_candidate,
test-00070,2,my dad is an abusive jerk,can't wait for father's day to honor all fathers who really took spare the rod spoil the child to heart,3,M1;M2;M6,sarcastic,sarcastic,not_sarcastic,not_sarcastic,not_sarcastic,sarcastic,6,25,False,False,False,0.0,-0.765,flat_delivery_candidate;short_ambiguous_candidate,
test-00069,3,not excited for the snaps of people going out for the next two weeks whilst surrey still has not exams,can't wait for the snaps of people going out for the next two weeks whilst surrey still has exams,3,M2;M4;M5,not_sarcastic,sarcastic,not_sarcastic,sarcastic,sarcastic,not_sarcastic,20,102,False,False,False,0.0,-0.2584,flat_delivery_candidate,
test-00024,1,life is fucking with me,dear life would you at least start using lubricants,3,M2;M4;M6,not_sarcastic,sarcastic,not_sarcastic,sarcastic,not_sarcastic,sarcastic,5,23,False,False,False,0.0,0.0,flat_delivery_candidate;short_ambiguous_candidate,
test-00236,4,i hate people spoiling things for me,oh spoilers nice thanks guys i was gonna make the hour drive to the comic shop no reason to now,3,M1;M2;M5,sarcastic,sarcastic,not_sarcastic,not_sarcastic,sarcastic,not_sarcastic,7,36,False,False,False,0.0,-0.5719,flat_delivery_candidate,
test-00206,1,not excited about my sunburn,2 sunburnt shoulders get in,3,M1;M2;M5,sarcastic,sarcastic,not_sarcastic,not_sarcastic,sarcastic,not_sarcastic,5,28,False,False,False,0.0,-0.2584,flat_delivery_candidate;short_ambiguous_candidate,
test-00068,1,i don't care about the 3 point contest,can't wait for the three point contest in the nba finals,3,M1;M2;M4,sarcastic,sarcastic,not_sarcastic,sarcastic,not_sarcastic,not_sarcastic,8,38,False,False,False,0.0,-0.3875,flat_delivery_candidate,
test-00037,1,cool cause moving and leaving my friends and family is not at the top of my list,cool cause moving and leaving my friends and family is sooooooo at the top of my list,3,M2;M3;M4,not_sarcastic,sarcastic,sarcastic,sarcastic,not_sarcastic,not_sarcastic,17,80,False,False,False,0.0,0.587,flat_delivery_candidate;positive_surface_wording_candidate,
test-00015,4,do you like sarcasm ?,do you like sarcasm ?,3,M1;M2;M6,sarcastic,sarcastic,not_sarcastic,not_sarcastic,not_sarcastic,sarcastic,5,21,True,False,False,0.0,0.1531,rhetorical_question_candidate;short_ambiguous_candidate,
test-00015,5,do you like sarcasm ?,do you like sarcasm ?,3,M1;M2;M6,sarcastic,sarcastic,not_sarcastic,not_sarcastic,not_sarcastic,sarcastic,5,21,True,False,False,0.0,0.1531,rhetorical_question_candidate;short_ambiguous_candidate,
test-00087,2,i'm not surprised i take care of myself,brother i'm surprised you aren't diabeticme well i eat salads every day for lunch and run before amp after work i'm surprised too,3,M2;M4;M5,not_sarcastic,sarcastic,not_sarcastic,sarcastic,sarcastic,not_sarcastic,8,39,False,False,False,0.0,-0.5096,flat_delivery_candidate,
test-00201,2,this player is always horrible and useless,4 fouls totally uncharacteristic of him he doesn't get to the line what use he is,3,M1;M5;M6,sarcastic,not_sarcastic,not_sarcastic,not_sarcastic,sarcastic,sarcastic,7,42,False,False,False,0.0,-0.743,flat_delivery_candidate,
test-00084,2,having new markers is the least of my concern,but hey at least we have new markers,3,M2;M4;M5,not_sarcastic,sarcastic,not_sarcastic,sarcastic,sarcastic,not_sarcastic,9,45,False,False,False,0.0,0.0,flat_delivery_candidate,
test-00240,4,salad's aren't miracle food,eats a salad one time i am honestly the most pure being on this earth i can feel toxins escaping my body right in this moment,3,M1;M2;M4,sarcastic,sarcastic,not_sarcastic,sarcastic,not_sarcastic,not_sarcastic,4,27,False,False,False,0.0,-0.4717,flat_delivery_candidate;short_ambiguous_candidate,
test-00084,1,these markers don't make anything any better,but hey at least we have new markers,3,M1;M2;M5,sarcastic,sarcastic,not_sarcastic,not_sarcastic,sarcastic,not_sarcastic,7,44,False,False,False,0.0,0.4404,flat_delivery_candidate;positive_surface_wording_candidate,
test-00202,3,30 mins to move 200 yds this is not a fun journey home,30 mins to move 200 yds this is a fun journey home,3,M2;M3;M4,not_sarcastic,sarcastic,sarcastic,sarcastic,not_sarcastic,not_sarcastic,13,54,False,False,False,0.0,-0.4023,flat_delivery_candidate,
test-00236,5,i hate spoilers,oh spoilers nice thanks guys i was gonna make the hour drive to the comic shop no reason to now,3,M1;M2;M4,sarcastic,sarcastic,not_sarcastic,sarcastic,not_sarcastic,not_sarcastic,3,15,False,False,False,0.0,-0.5719,flat_delivery_candidate;short_ambiguous_candidate,
test-00202,5,30 mins to move 200 yds this is a tiring journey back to home,30 mins to move 200 yds this is a fun journey home,3,M2;M3;M4,not_sarcastic,sarcastic,sarcastic,sarcastic,not_sarcastic,not_sarcastic,14,61,False,False,False,0.0,0.0,flat_delivery_candidate,
test-00173,5,not the gun but the person was a psycho,ah yes no way this psycho would have committed this crime if guns were illegal banning guns definitely would've prevented this,3,M2;M4;M5,not_sarcastic,sarcastic,not_sarcastic,sarcastic,sarcastic,not_sarcastic,9,39,False,False,False,0.0,0.1326,flat_delivery_candidate,
test-00081,5,i knew i could never trust you,but thanks for speaking so highly of me you've always been the type of person i could count on,3,M1;M5;M6,sarcastic,not_sarcastic,not_sarcastic,not_sarcastic,sarcastic,sarcastic,7,30,False,False,False,0.0,-0.4023,flat_delivery_candidate,
test-00204,4,today was a waste of time,25 hour drive 5 hours sitting in a company wide annual rah rah meeting 25 hour ride home yup super productive day,3,M1;M5;M6,sarcastic,not_sarcastic,not_sarcastic,not_sarcastic,sarcastic,sarcastic,6,25,False,False,False,0.0,-0.4215,flat_delivery_candidate;short_ambiguous_candidate,
test-00081,4,i could never trust you,but thanks for speaking so highly of me you've always been the type of person i could count on,3,M1;M5;M6,sarcastic,not_sarcastic,not_sarcastic,not_sarcastic,sarcastic,sarcastic,5,23,False,False,False,0.0,-0.4023,flat_delivery_candidate;short_ambiguous_candidate,
test-00242,5,i don't care that someone tried to hurt my feeling with one of my own jokes,when someone tries to hurt my feeling with one of my own jokes oh i have tasted my own medicine and it is bitter,3,M2;M3;M4,not_sarcastic,sarcastic,sarcastic,sarcastic,not_sarcastic,not_sarcastic,16,75,False,False,False,0.0,-0.5466,flat_delivery_candidate,
test-00044,2,i'm not surprised by the cmg price change,cmg came back to 400 what a surprise,3,M2;M3;M4,not_sarcastic,sarcastic,sarcastic,sarcastic,not_sarcastic,not_sarcastic,8,41,False,False,False,0.0,-0.1695,flat_delivery_candidate,
test-00231,5,is like caste based reservation in educational institutes of india only few ppl gets it rest lives abusing it,is like caste based reservation in educational institutes of india only few ppl gets it rest lives abusing it,3,M2;M3;M4,not_sarcastic,sarcastic,sarcastic,sarcastic,not_sarcastic,not_sarcastic,19,109,False,False,False,0.0,-0.128,flat_delivery_candidate,
test-00212,1,the story about people not using social media didn't hurt the stock,fb wow the story of people not using social media last week really hurt the stock,3,M2;M3;M4,not_sarcastic,sarcastic,sarcastic,sarcastic,not_sarcastic,not_sarcastic,12,67,False,False,False,0.0,0.4168,flat_delivery_candidate;positive_surface_wording_candidate,
test-00031,4,my life has been nothing but bad luck,damn i'm so lucky both in good times and bad times bad luck never left my side,3,M2;M5;M6,not_sarcastic,sarcastic,not_sarcastic,not_sarcastic,sarcastic,sarcastic,8,37,False,False,False,0.0,0.1419,flat_delivery_candidate,
test-00223,9,that awkward moment when u switch to english only bcoz u cannot decide whether to address the other person as tu tum or aap,that awkward moment when u switch to english only bcoz u cannot decide whether to address the other person as tu tum or aap,3,M2;M4;M6,not_sarcastic,sarcastic,not_sarcastic,sarcastic,not_sarcastic,sarcastic,24,123,False,False,False,0.0,-0.1531,flat_delivery_candidate,
test-00223,2,that awkward moment when u switch to english only bcoz u cannot decide whether to address the other person as tu tum or aap,that awkward moment when u switch to english only bcoz u cannot decide whether to address the other person as tu tum or aap,3,M2;M4;M6,not_sarcastic,sarcastic,not_sarcastic,sarcastic,not_sarcastic,sarcastic,24,123,False,False,False,0.0,-0.1531,flat_delivery_candidate,
test-00223,3,that awkward moment when u switch to english only bcoz u cannot decide whether to address the other person as tu tum or aap,that awkward moment when u switch to english only bcoz u cannot decide whether to address the other person as tu tum or aap,3,M2;M4;M6,not_sarcastic,sarcastic,not_sarcastic,sarcastic,not_sarcastic,sarcastic,24,123,False,False,False,0.0,-0.1531,flat_delivery_candidate,
test-00223,4,that awkward moment when u switch to english only bcoz u cannot decide whether to address the other person as tu tum or aap,that awkward moment when u switch to english only bcoz u cannot decide whether to address the other person as tu tum or aap,3,M2;M4;M6,not_sarcastic,sarcastic,not_sarcastic,sarcastic,not_sarcastic,sarcastic,24,123,False,False,False,0.0,-0.1531,flat_delivery_candidate,
test-00223,5,that awkward moment when u switch to english only bcoz u cannot decide whether to address the other person as tu tum or aap,that awkward moment when u switch to english only bcoz u cannot decide whether to address the other person as tu tum or aap,3,M2;M4;M6,not_sarcastic,sarcastic,not_sarcastic,sarcastic,not_sarcastic,sarcastic,24,123,False,False,False,0.0,-0.1531,flat_delivery_candidate,
test-00223,6,that awkward moment when u switch to english only bcoz u cannot decide whether to address the other person as tu tum or aap,that awkward moment when u switch to english only bcoz u cannot decide whether to address the other person as tu tum or aap,3,M2;M4;M6,not_sarcastic,sarcastic,not_sarcastic,sarcastic,not_sarcastic,sarcastic,24,123,False,False,False,0.0,-0.1531,flat_delivery_candidate,
test-00223,7,that awkward moment when u switch to english only bcoz u cannot decide whether to address the other person as tu tum or aap,that awkward moment when u switch to english only bcoz u cannot decide whether to address the other person as tu tum or aap,3,M2;M4;M6,not_sarcastic,sarcastic,not_sarcastic,sarcastic,not_sarcastic,sarcastic,24,123,False,False,False,0.0,-0.1531,flat_delivery_candidate,
test-00231,1,is like caste based reservation in educational institutes of india only few ppl gets it rest lives abusing it,is like caste based reservation in educational institutes of india only few ppl gets it rest lives abusing it,3,M2;M3;M4,not_sarcastic,sarcastic,sarcastic,sarcastic,not_sarcastic,not_sarcastic,19,109,False,False,False,0.0,-0.128,flat_delivery_candidate,
test-00223,8,that awkward moment when u switch to english only bcoz u cannot decide whether to address the other person as tu tum or aap,that awkward moment when u switch to english only bcoz u cannot decide whether to address the other person as tu tum or aap,3,M2;M4;M6,not_sarcastic,sarcastic,not_sarcastic,sarcastic,not_sarcastic,sarcastic,24,123,False,False,False,0.0,-0.1531,flat_delivery_candidate,
test-00223,10,that awkward moment when u switch to english only bcoz u cannot decide whether to address the other person as tu tum or aap,that awkward moment when u switch to english only bcoz u cannot decide whether to address the other person as tu tum or aap,3,M2;M4;M6,not_sarcastic,sarcastic,not_sarcastic,sarcastic,not_sarcastic,sarcastic,24,123,False,False,False,0.0,-0.1531,flat_delivery_candidate,
test-00146,4,another mass shooting it's like we've gone numb to it by now but ya know we have a gun violence problem in this country,another mass shooting it's like we've gone numb to it by now but ya know we don't have a gun violence problem in this country,3,M2;M3;M4,not_sarcastic,sarcastic,sarcastic,sarcastic,not_sarcastic,not_sarcastic,24,119,False,False,False,0.0,-0.9224,flat_delivery_candidate,
test-00057,3,charisma felt down on stage in the grand arcade,charisma personified on stage in the grand arcade,3,M2;M4;M6,not_sarcastic,sarcastic,not_sarcastic,sarcastic,not_sarcastic,sarcastic,9,47,False,False,False,0.0,0.4588,flat_delivery_candidate;positive_surface_wording_candidate,
test-00048,5,clear example they made of sharapova then,clear example they made of sharapova then ey ?,3,M2;M3;M4,not_sarcastic,sarcastic,sarcastic,sarcastic,not_sarcastic,not_sarcastic,7,41,False,False,False,0.0,0.3818,flat_delivery_candidate;positive_surface_wording_candidate,
test-00151,1,that is not revealing,and by revealing i mean not at all not even in the least,3,M2;M4;M5,not_sarcastic,sarcastic,not_sarcastic,sarcastic,sarcastic,not_sarcastic,4,21,False,False,False,0.0,0.0,flat_delivery_candidate;short_ambiguous_candidate,
test-00032,5,dalledova the curry stopper just checked in,dalledova the curry stopper just checked in,3,M1;M4;M6,sarcastic,not_sarcastic,not_sarcastic,sarcastic,not_sarcastic,sarcastic,7,43,False,False,False,0.0,0.0,flat_delivery_candidate,
test-00029,3,david villa with a thirdclass penaltykick,david villa with a worldclass penaltykick,3,M1;M3;M4,sarcastic,not_sarcastic,sarcastic,sarcastic,not_sarcastic,not_sarcastic,6,41,False,False,False,0.0,0.0,flat_delivery_candidate;short_ambiguous_candidate,
test-00052,2,it is not good that i'm in pain or that i need to see a specialist,chronic back pains and i have to go see a specialist soon for my back how great is that lol,3,M2;M3;M4,not_sarcastic,sarcastic,sarcastic,sarcastic,not_sarcastic,not_sarcastic,16,66,False,False,False,0.0,-0.6914,flat_delivery_candidate,
test-00168,8,so much shit in the world,aint that much shit in the world,3,M1;M2;M6,sarcastic,sarcastic,not_sarcastic,not_sarcastic,not_sarcastic,sarcastic,6,25,False,False,False,0.0,-0.5965,flat_delivery_candidate;short_ambiguous_candidate,
test-00146,3,another mass shooting it's like we've gone numb to it by now but ya know we have a gun violence problem in this country,another mass shooting it's like we've gone numb to it by now but ya know we don't have a gun violence problem in this country,3,M2;M3;M4,not_sarcastic,sarcastic,sarcastic,sarcastic,not_sarcastic,not_sarcastic,24,119,False,False,False,0.0,-0.9224,flat_delivery_candidate,
test-00223,1,that awkward moment when u switch to english only bcoz u cannot decide whether to address the other person as tu tum or aap,that awkward moment when u switch to english only bcoz u cannot decide whether to address the other person as tu tum or aap,3,M2;M4;M6,not_sarcastic,sarcastic,not_sarcastic,sarcastic,not_sarcastic,sarcastic,24,123,False,False,False,0.0,-0.1531,flat_delivery_candidate,
test-00028,6,day 3 at reception we're a day behind schedule that sucks,day 3 at reception we're a day behind schedule lovely,3,M2;M3;M4,not_sarcastic,sarcastic,sarcastic,sarcastic,not_sarcastic,not_sarcastic,11,57,False,False,False,0.0,-0.3612,flat_delivery_candidate,
test-00142,4,roots is a very graphic series,anyway y'all carry on back to roots cause that's making me feel even better,3,M2;M3;M4,not_sarcastic,sarcastic,sarcastic,sarcastic,not_sarcastic,not_sarcastic,6,30,False,False,False,0.0,0.0,flat_delivery_candidate;short_ambiguous_candidate,
test-00028,1,day 3 at reception we're a day behind schedule that sucks,day 3 at reception we're a day behind schedule lovely,3,M2;M3;M4,not_sarcastic,sarcastic,sarcastic,sarcastic,not_sarcastic,not_sarcastic,11,57,False,False,False,0.0,-0.3612,flat_delivery_candidate,
test-00024,6,life is fucking with me,dear life would you at least start using lubricants,3,M2;M4;M6,not_sarcastic,sarcastic,not_sarcastic,sarcastic,not_sarcastic,sarcastic,5,23,False,False,False,0.0,0.0,flat_delivery_candidate;short_ambiguous_candidate,
test-00251,5,there must be some reasons behind all our ills,jews sitting around in an oak wood decorated room amp wahabis marauding through the desert are the reasons behind all our ills,3,M1;M2;M6,sarcastic,sarcastic,not_sarcastic,not_sarcastic,not_sarcastic,sarcastic,9,46,False,False,False,0.0,0.0,flat_delivery_candidate,
test-00067,1,i'm not looking forward to getting harassed at work,can't wait to go into work so all my coworkers can talk shit to me about game 7,3,M1;M2;M6,sarcastic,sarcastic,not_sarcastic,not_sarcastic,not_sarcastic,sarcastic,9,51,False,False,False,0.0,-0.5423,flat_delivery_candidate,
test-00025,1,life is fucking with me,dear life would you at least start using lubricant ?,3,M2;M4;M6,not_sarcastic,sarcastic,not_sarcastic,sarcastic,not_sarcastic,sarcastic,5,23,False,False,False,0.0,0.0,flat_delivery_candidate;short_ambiguous_candidate,
test-00231,3,is like caste based reservation in educational institutes of india only few ppl gets it rest lives abusing it,is like caste based reservation in educational institutes of india only few ppl gets it rest lives abusing it,3,M2;M3;M4,not_sarcastic,sarcastic,sarcastic,sarcastic,not_sarcastic,not_sarcastic,19,109,False,False,False,0.0,-0.128,flat_delivery_candidate,
test-00025,6,life is fucking with me,dear life would you at least start using lubricant ?,3,M2;M4;M6,not_sarcastic,sarcastic,not_sarcastic,sarcastic,not_sarcastic,sarcastic,5,23,False,False,False,0.0,0.0,flat_delivery_candidate;short_ambiguous_candidate,
test-00140,4,supernatural doesn't kill off any characters,aot may or may not have killed more people so far than supernatural has,3,M2;M3;M4,not_sarcastic,sarcastic,sarcastic,sarcastic,not_sarcastic,not_sarcastic,6,44,False,False,False,0.0,0.5773,flat_delivery_candidate;positive_surface_wording_candidate;short_ambiguous_candidate,
test-00026,4,my cell plan is a nightmare,dear at amp t amp samsung i'm so glad i have zero storage for my things my 32 gb phone thanks to the useless apps i can't uninstall,3,M1;M2;M5,sarcastic,sarcastic,not_sarcastic,not_sarcastic,sarcastic,not_sarcastic,6,27,False,False,False,0.0,0.0,flat_delivery_candidate;short_ambiguous_candidate,
test-00214,4,i hate repeating myself,i just love when customers make me repeat myself,3,M1;M2;M4,sarcastic,sarcastic,not_sarcastic,sarcastic,not_sarcastic,not_sarcastic,4,23,False,False,False,0.0,-0.5719,flat_delivery_candidate;short_ambiguous_candidate,
test-00048,4,clear example they made of sharapova then,clear example they made of sharapova then ey ?,3,M2;M3;M4,not_sarcastic,sarcastic,sarcastic,sarcastic,not_sarcastic,not_sarcastic,7,41,False,False,False,0.0,0.3818,flat_delivery_candidate;positive_surface_wording_candidate,
test-00015,1,do you like sarcasm ?,do you like sarcasm ?,3,M1;M2;M6,sarcastic,sarcastic,not_sarcastic,not_sarcastic,not_sarcastic,sarcastic,5,21,True,False,False,0.0,0.1531,rhetorical_question_candidate;short_ambiguous_candidate,
test-00027,4,deadpool is not my vibe today,deadpool is my vibe tonight,3,M2;M3;M4,not_sarcastic,sarcastic,sarcastic,sarcastic,not_sarcastic,not_sarcastic,6,29,False,False,False,0.0,0.0,flat_delivery_candidate;short_ambiguous_candidate,
test-00027,5,deadpool is not my vibe today,deadpool is my vibe tonight,3,M2;M3;M4,not_sarcastic,sarcastic,sarcastic,sarcastic,not_sarcastic,not_sarcastic,6,29,False,False,False,0.0,0.0,flat_delivery_candidate;short_ambiguous_candidate,
test-00062,2,we have no freedom,cas would be dead now if not for anna goddamn such freedom and for previous tweet too,3,M1;M3;M5,sarcastic,not_sarcastic,sarcastic,not_sarcastic,sarcastic,not_sarcastic,4,18,False,False,False,0.0,0.4588,flat_delivery_candidate;positive_surface_wording_candidate;short_ambiguous_candidate,
test-00060,5,cavs on a run take curry and thompson out,cavs on a run take curry and thompson out,3,M1;M2;M4,sarcastic,sarcastic,not_sarcastic,sarcastic,not_sarcastic,not_sarcastic,9,41,False,False,False,0.0,0.0,flat_delivery_candidate,
test-00060,3,cavs not on a run keep curry and thompson in,cavs on a run take curry and thompson out,3,M1;M2;M4,sarcastic,sarcastic,not_sarcastic,sarcastic,not_sarcastic,not_sarcastic,10,44,False,False,False,0.0,0.0,flat_delivery_candidate,
test-00060,2,curry and thompson are the team,cavs on a run take curry and thompson out,3,M1;M2;M4,sarcastic,sarcastic,not_sarcastic,sarcastic,not_sarcastic,not_sarcastic,6,31,False,False,False,0.0,0.0,flat_delivery_candidate;short_ambiguous_candidate,
test-00027,1,deadpool is not my vibe tonight,deadpool is my vibe tonight,3,M2;M3;M4,not_sarcastic,sarcastic,sarcastic,sarcastic,not_sarcastic,not_sarcastic,6,31,False,False,False,0.0,0.0,flat_delivery_candidate;short_ambiguous_candidate,
test-00036,9,everyone knows the government is corrupt but no one will do anything about it,corrupt media establishment can't even coordinate on when to steal the democratic nomination,3,M2;M3;M5,not_sarcastic,sarcastic,sarcastic,not_sarcastic,sarcastic,not_sarcastic,14,77,False,False,False,0.0,-0.4215,flat_delivery_candidate,
test-00260,2,' your empire has been attacked,' your empire has been attacked,3,M1;M2;M6,sarcastic,sarcastic,not_sarcastic,not_sarcastic,not_sarcastic,sarcastic,6,31,False,False,False,0.0,-0.4588,flat_delivery_candidate;short_ambiguous_candidate,
test-00179,2,i really hate how much doublespeak is in the world,absolutely love how much doublespeak is littering the world,3,M2;M4;M5,not_sarcastic,sarcastic,not_sarcastic,sarcastic,sarcastic,not_sarcastic,10,50,False,False,False,0.0,-0.6115,flat_delivery_candidate,
test-00132,4,someone doesn't appreciate my small talk,at a padres game and i'm trying to explain the fascinating history of cannibalism i learned today to k he's never loved me more,3,M1;M5;M6,sarcastic,not_sarcastic,not_sarcastic,not_sarcastic,sarcastic,sarcastic,6,40,False,False,False,0.0,-0.3089,flat_delivery_candidate;short_ambiguous_candidate,
test-00122,3,back from vacation amp none of the overhead lights are working using a flashlight in storage not fun,back from vacation amp none of the overhead lights are working using a flashlight in storage is such fun,3,M1;M4;M6,sarcastic,not_sarcastic,not_sarcastic,sarcastic,not_sarcastic,sarcastic,18,100,False,False,False,0.0,-0.4023,flat_delivery_candidate,
test-00260,5,' your empire has been attacked,' your empire has been attacked,3,M1;M2;M6,sarcastic,sarcastic,not_sarcastic,not_sarcastic,not_sarcastic,sarcastic,6,31,False,False,False,0.0,-0.4588,flat_delivery_candidate;short_ambiguous_candidate,
test-00106,4,i wish i wasn't stuck at the airport,being stuck in an airport is fun,3,M2;M5;M6,not_sarcastic,sarcastic,not_sarcastic,not_sarcastic,sarcastic,sarcastic,8,36,False,False,False,0.0,0.533,flat_delivery_candidate;positive_surface_wording_candidate,
test-00191,9,an ugly start to the week lots of sad people going to ldn today,a beautiful start to the week lots of happy smiling people going to ldn today,3,M2;M3;M4,not_sarcastic,sarcastic,sarcastic,sarcastic,not_sarcastic,not_sarcastic,14,63,False,False,False,0.0,-0.7506,flat_delivery_candidate,
test-00260,4,' your empire has been attacked,' your empire has been attacked,3,M1;M2;M6,sarcastic,sarcastic,not_sarcastic,not_sarcastic,not_sarcastic,sarcastic,6,31,False,False,False,0.0,-0.4588,flat_delivery_candidate;short_ambiguous_candidate,
test-00105,4,this weekend stunk,best long weekend ever,3,M1;M2;M5,sarcastic,sarcastic,not_sarcastic,not_sarcastic,sarcastic,not_sarcastic,3,18,False,False,False,0.0,-0.3818,flat_delivery_candidate;short_ambiguous_candidate,
test-00131,3,at least it's bad weather to be driving to cambridge in,at least it's great weather to be driving to cambridge in,3,M2;M4;M6,not_sarcastic,sarcastic,not_sarcastic,sarcastic,not_sarcastic,sarcastic,11,55,False,False,False,0.0,-0.5423,flat_delivery_candidate,
test-00260,3,' your empire has been attacked,' your empire has been attacked,3,M1;M2;M6,sarcastic,sarcastic,not_sarcastic,not_sarcastic,not_sarcastic,sarcastic,6,31,False,False,False,0.0,-0.4588,flat_delivery_candidate;short_ambiguous_candidate,
test-00260,1,' your empire has been attacked,' your empire has been attacked,3,M1;M2;M6,sarcastic,sarcastic,not_sarcastic,not_sarcastic,not_sarcastic,sarcastic,6,31,False,False,False,0.0,-0.4588,flat_delivery_candidate;short_ambiguous_candidate,
test-00159,1,brad stevens is not going to get to iu,alright it's just gonna take a few more years for brad stevens to get to iu,3,M1;M3;M5,sarcastic,not_sarcastic,sarcastic,not_sarcastic,sarcastic,not_sarcastic,9,38,False,False,False,0.0,0.0,flat_delivery_candidate,
test-00184,1,the usa promoted the hate crime,a hate crime against sexual orientation of course nothing in the usa over the last 12 mths gave oxygen to his views,3,M2;M3;M4,not_sarcastic,sarcastic,sarcastic,sarcastic,not_sarcastic,not_sarcastic,6,31,False,False,False,0.0,-0.6597,flat_delivery_candidate;short_ambiguous_candidate,
test-00125,2,horrible lineup,awesome lineup wonder if your ban will come up ?,3,M1;M5;M6,sarcastic,not_sarcastic,not_sarcastic,not_sarcastic,sarcastic,sarcastic,2,15,False,False,False,0.0,-0.5423,flat_delivery_candidate;short_ambiguous_candidate,
test-00183,1,waiting at the doctor office will stress me out,a nice long wait in the doctors office should calm my nerves,3,M1;M2;M4,sarcastic,sarcastic,not_sarcastic,sarcastic,not_sarcastic,not_sarcastic,9,47,False,False,False,0.0,-0.4215,flat_delivery_candidate,
test-00191,4,an ugly start to the week lots of sad people going to ldn today,a beautiful start to the week lots of happy smiling people going to ldn today,3,M2;M3;M4,not_sarcastic,sarcastic,sarcastic,sarcastic,not_sarcastic,not_sarcastic,14,63,False,False,False,0.0,-0.7506,flat_delivery_candidate,
test-00008,14,i'm glad they're out of my life but secretly i'm not okay with it,don't you feel sad when people slowly walk away from your life when you actually want them to run,3,M2;M3;M4,not_sarcastic,sarcastic,sarcastic,sarcastic,not_sarcastic,not_sarcastic,14,65,False,False,False,0.0,0.0003,flat_delivery_candidate,
test-00008,9,i'm glad they're out of my life but secretly i'm not okay with it,don't you feel sad when people slowly walk away from your life when you actually want them to run,3,M2;M3;M4,not_sarcastic,sarcastic,sarcastic,sarcastic,not_sarcastic,not_sarcastic,14,65,False,False,False,0.0,0.0003,flat_delivery_candidate,
test-00190,10,a client's letter pissed me off right in the morning,a client already pissed me off at early morning with his wonderful nice letter to me well the letter was under the belt line like,3,M1;M2;M4,sarcastic,sarcastic,not_sarcastic,sarcastic,not_sarcastic,not_sarcastic,10,52,False,False,False,0.0,-0.6369,flat_delivery_candidate,
test-00162,5,stop shooting innocent people,all we need is a mass shooting at an old folks home than we'll have the trifecta cmon america we can do this,3,M1;M3;M5,sarcastic,not_sarcastic,sarcastic,not_sarcastic,sarcastic,not_sarcastic,4,29,False,False,False,0.0,0.0516,flat_delivery_candidate;short_ambiguous_candidate,
test-00008,4,i'm glad they're out of my life but secretly i'm not okay with it,don't you feel sad when people slowly walk away from your life when you actually want them to run,3,M2;M3;M4,not_sarcastic,sarcastic,sarcastic,sarcastic,not_sarcastic,not_sarcastic,14,65,False,False,False,0.0,0.0003,flat_delivery_candidate,
test-00185,3,a bad way of starting your monday is to wake up late,a great way of starting your monday is to wake up late,3,M4;M5;M6,not_sarcastic,not_sarcastic,not_sarcastic,sarcastic,sarcastic,sarcastic,12,52,False,False,False,0.0,-0.5423,flat_delivery_candidate,
test-00159,3,brad stevens is not going to get to iu,alright it's just gonna take a few more years for brad stevens to get to iu,3,M1;M3;M5,sarcastic,not_sarcastic,sarcastic,not_sarcastic,sarcastic,not_sarcastic,9,38,False,False,False,0.0,0.0,flat_delivery_candidate,
test-00108,5,being forgotten makes me feel disgusted and depressed,being forgotten is awesome it makes me feel warm and fuzzy inside,3,M1;M2;M4,sarcastic,sarcastic,not_sarcastic,sarcastic,not_sarcastic,not_sarcastic,8,53,False,False,False,0.0,-0.8225,flat_delivery_candidate,
test-00185,4,a bad way of starting your monday is to wake up late,a great way of starting your monday is to wake up late,3,M4;M5;M6,not_sarcastic,not_sarcastic,not_sarcastic,sarcastic,sarcastic,sarcastic,12,52,False,False,False,0.0,-0.5423,flat_delivery_candidate,
test-00190,5,a client's letter pissed me off right in the morning,a client already pissed me off at early morning with his wonderful nice letter to me well the letter was under the belt line like,3,M1;M2;M4,sarcastic,sarcastic,not_sarcastic,sarcastic,not_sarcastic,not_sarcastic,10,52,False,False,False,0.0,-0.6369,flat_delivery_candidate,
test-00262,2,it was a very uneventful day,and the winner of most pointless shift goes to today june 5 th 2016,3,M2;M3;M5,not_sarcastic,sarcastic,sarcastic,not_sarcastic,sarcastic,not_sarcastic,6,28,False,False,False,0.0,0.0,flat_delivery_candidate;short_ambiguous_candidate,
test-00263,5,I'm being sarcastic,the big hash tag was in case you were wondering,3,M1;M4;M5,sarcastic,not_sarcastic,not_sarcastic,sarcastic,sarcastic,not_sarcastic,3,19,False,False,False,0.05263157894736842,-0.25,flat_delivery_candidate;short_ambiguous_candidate,
test-00115,5,speaking less is better,because 4 lines is so much better when 2 would do,3,M1;M2;M6,sarcastic,sarcastic,not_sarcastic,not_sarcastic,not_sarcastic,sarcastic,4,23,False,False,False,0.0,0.3862,flat_delivery_candidate;positive_surface_wording_candidate;short_ambiguous_candidate,
test-00115,3,speaking more instead of talking to the point is not something i really have time for,because 4 lines is so much better when 2 would do,3,M1;M2;M4,sarcastic,sarcastic,not_sarcastic,sarcastic,not_sarcastic,not_sarcastic,16,85,False,False,False,0.0,0.0,flat_delivery_candidate,
test-00113,1,big time college athletics are not virtuous,because there's so much virtue to begin with in bigtime college athletics,3,M1;M4;M6,sarcastic,not_sarcastic,not_sarcastic,sarcastic,not_sarcastic,sarcastic,7,43,False,False,False,0.0,-0.4168,flat_delivery_candidate,
test-00112,2,using people for entertainment it immoral,because using people for entertainment isn't immoral at all,3,M1;M2;M4,sarcastic,sarcastic,not_sarcastic,sarcastic,not_sarcastic,not_sarcastic,6,41,False,False,False,0.0,-0.0516,flat_delivery_candidate;short_ambiguous_candidate,
test-00195,3,645 most annoying time to wake up on a saturday,645 my favourite time to wake up on a saturday,3,M2;M4;M6,not_sarcastic,sarcastic,not_sarcastic,sarcastic,not_sarcastic,sarcastic,10,47,False,False,False,0.0,-0.4576,flat_delivery_candidate,
test-00262,7,it was a very uneventful day,and the winner of most pointless shift goes to today june 5 th 2016,3,M2;M3;M5,not_sarcastic,sarcastic,sarcastic,not_sarcastic,sarcastic,not_sarcastic,6,28,False,False,False,0.0,0.0,flat_delivery_candidate;short_ambiguous_candidate,
test-00093,4,they signed some weird guys to the team,breaking news qpr are going to sign 40 year old robbie fowler and a lad called olly murs some cracking finishing today,3,M1;M3;M6,sarcastic,not_sarcastic,sarcastic,not_sarcastic,not_sarcastic,sarcastic,8,39,False,False,False,0.0,-0.1779,flat_delivery_candidate,
test-00128,1,a heating pad won't heal a broken wrist,at the doctors with a broken wrist bone initial plan of action was just a heating pad yea that'll fix the bones,3,M1;M5;M6,sarcastic,not_sarcastic,not_sarcastic,not_sarcastic,sarcastic,sarcastic,8,39,False,False,False,0.0,0.3724,flat_delivery_candidate;positive_surface_wording_candidate,
test-00161,4,this guy still plays for cleveland,almost forgot j r smith played for the cavs,3,M1;M2;M3,sarcastic,sarcastic,sarcastic,not_sarcastic,not_sarcastic,not_sarcastic,6,34,False,False,False,0.0,0.25,flat_delivery_candidate;short_ambiguous_candidate,
test-00090,3,bricks behind home plate doesn t seem like a good idea,bricks behind home plate seems like a great idea,3,M1;M4;M6,sarcastic,not_sarcastic,not_sarcastic,sarcastic,not_sarcastic,sarcastic,11,54,False,False,False,0.0,0.6597,flat_delivery_candidate;positive_surface_wording_candidate,
test-00095,1,i'm not glad it's raining,boy am i glad the rain's here,3,M2;M4;M5,not_sarcastic,sarcastic,not_sarcastic,sarcastic,sarcastic,not_sarcastic,5,25,False,False,False,0.0,-0.357,flat_delivery_candidate;short_ambiguous_candidate,
test-00128,2,a heating pad will not fix this broken bone,at the doctors with a broken wrist bone initial plan of action was just a heating pad yea that'll fix the bones,3,M1;M5;M6,sarcastic,not_sarcastic,not_sarcastic,not_sarcastic,sarcastic,sarcastic,9,43,False,False,False,0.0,-0.561,flat_delivery_candidate,
test-00014,2,there are way too many books with this premise,does anyone know of a teen book series set in a future dystopia with a totalitarian government and forbidden love ?,3,M2;M4;M5,not_sarcastic,sarcastic,not_sarcastic,sarcastic,sarcastic,not_sarcastic,9,46,False,False,False,0.0,0.0,flat_delivery_candidate,
test-00003,5,dressler on the bench problems in the peg ? i don't know what more to expect,dressler on the bench problems in the peg ? stay tuned,3,M2;M3;M4,not_sarcastic,sarcastic,sarcastic,sarcastic,not_sarcastic,not_sarcastic,16,76,True,False,False,0.0,-0.4019,rhetorical_question_candidate,
test-00180,3,a short haiku it is 6 06 i have an exam today it is in 3 hours damn for saturday exams at uni,a short haiku it is 6 06 i have an exam today it is in 3 hours hooray for saturday exams at uni,3,M2;M4;M5,not_sarcastic,sarcastic,not_sarcastic,sarcastic,sarcastic,not_sarcastic,23,93,False,False,False,0.0,-0.4019,flat_delivery_candidate,
test-00090,2,bricks behind home plate seems like a bad idea,bricks behind home plate seems like a great idea,3,M1;M4;M6,sarcastic,not_sarcastic,not_sarcastic,sarcastic,not_sarcastic,sarcastic,9,46,False,False,False,0.0,-0.25,flat_delivery_candidate,
test-00128,4,doctor's need to do their job better,at the doctors with a broken wrist bone initial plan of action was just a heating pad yea that'll fix the bones,3,M1;M5;M6,sarcastic,not_sarcastic,not_sarcastic,not_sarcastic,sarcastic,sarcastic,7,36,False,False,False,0.0,0.4404,flat_delivery_candidate;positive_surface_wording_candidate,
test-00093,9,they signed some weird guys to the team,breaking news qpr are going to sign 40 year old robbie fowler and a lad called olly murs some cracking finishing today,3,M1;M3;M6,sarcastic,not_sarcastic,sarcastic,not_sarcastic,not_sarcastic,sarcastic,8,39,False,False,False,0.0,-0.1779,flat_delivery_candidate,
test-00029,5,david villa with a lowquality penaltykick,david villa with a worldclass penaltykick,2,M1;M3,sarcastic,not_sarcastic,sarcastic,not_sarcastic,not_sarcastic,not_sarcastic,6,41,False,False,False,0.0,0.0,flat_delivery_candidate;short_ambiguous_candidate,
test-00038,1,constantly being irritated anxious amp depressed is not a great feeling,constantly being irritated anxious amp depressed is a great feeling,2,M1;M6,sarcastic,not_sarcastic,not_sarcastic,not_sarcastic,not_sarcastic,sarcastic,11,71,False,False,False,0.0,-0.8993,flat_delivery_candidate,
test-00054,4,dad tells bad jokes,child's observation if mom laugh at dad's joke thn we have guests,2,M1;M6,sarcastic,not_sarcastic,not_sarcastic,not_sarcastic,not_sarcastic,sarcastic,4,19,False,False,False,0.0,-0.3612,flat_delivery_candidate;short_ambiguous_candidate,
test-00245,5,heroin and guns have become rampant killers in us,we need to outlaw guns to protect people yea cause its working so well with heroin,2,M1;M4,sarcastic,not_sarcastic,not_sarcastic,sarcastic,not_sarcastic,not_sarcastic,9,49,False,False,False,0.0,-0.8176,flat_delivery_candidate,
test-00053,4,you shouldn't play him he's not ready,choosing a player who has been out injured all season because he plays for arsenal is the first step for success drink beer instead,2,M1;M6,sarcastic,not_sarcastic,not_sarcastic,not_sarcastic,not_sarcastic,sarcastic,7,37,False,False,False,0.0,-0.4847,flat_delivery_candidate,
test-00038,3,constantly being irritated anxious amp depressed is not a great feeling,constantly being irritated anxious amp depressed is a great feeling,2,M1;M6,sarcastic,not_sarcastic,not_sarcastic,not_sarcastic,not_sarcastic,sarcastic,11,71,False,False,False,0.0,-0.8993,flat_delivery_candidate,
test-00035,5,coutinho isn't going to psg then,coutinho isn't going to psg then,2,M1;M6,sarcastic,not_sarcastic,not_sarcastic,not_sarcastic,not_sarcastic,sarcastic,6,32,False,False,False,0.0,0.0,flat_delivery_candidate;short_ambiguous_candidate,
test-00038,4,constantly being irritated anxious amp depressed is the worst feeling,constantly being irritated anxious amp depressed is a great feeling,2,M2;M4,not_sarcastic,sarcastic,not_sarcastic,sarcastic,not_sarcastic,not_sarcastic,10,69,False,False,False,0.0,-0.8979,flat_delivery_candidate,
test-00038,5,constantly being irritated anxious amp depressed is the worst feeling,constantly being irritated anxious amp depressed is a great feeling,2,M2;M4,not_sarcastic,sarcastic,not_sarcastic,sarcastic,not_sarcastic,not_sarcastic,10,69,False,False,False,0.0,-0.8979,flat_delivery_candidate,
test-00146,2,we do have a gun problem in america,another mass shooting it's like we've gone numb to it by now but ya know we don't have a gun violence problem in this country,2,M2;M4,not_sarcastic,sarcastic,not_sarcastic,sarcastic,not_sarcastic,not_sarcastic,8,35,False,False,False,0.0,-0.6249,flat_delivery_candidate,
test-00162,3,stop shooting people,all we need is a mass shooting at an old folks home than we'll have the trifecta cmon america we can do this,2,M1;M5,sarcastic,not_sarcastic,not_sarcastic,not_sarcastic,sarcastic,not_sarcastic,3,20,False,False,False,0.0,-0.296,flat_delivery_candidate;short_ambiguous_candidate,
test-00234,5,at its finest,at its finest,2,M1;M6,sarcastic,not_sarcastic,not_sarcastic,not_sarcastic,not_sarcastic,sarcastic,3,13,False,False,False,0.0,0.0,flat_delivery_candidate;short_ambiguous_candidate,
test-00056,2,chase utley is hated in ny,chase utley is ny's most popular visiting player,2,M3;M4,not_sarcastic,not_sarcastic,sarcastic,sarcastic,not_sarcastic,not_sarcastic,6,26,False,False,False,0.0,-0.6369,flat_delivery_candidate;short_ambiguous_candidate,
test-00037,3,not cool at all cause moving and leaving my friends and family is not at the top of my list,cool cause moving and leaving my friends and family is sooooooo at the top of my list,2,M2;M4,not_sarcastic,sarcastic,not_sarcastic,sarcastic,not_sarcastic,not_sarcastic,20,91,False,False,False,0.0,0.1396,flat_delivery_candidate,
test-00059,4,this is a repeat final from last year,cavs vs warriors wow never thought i'd see the day,2,M1;M2,sarcastic,sarcastic,not_sarcastic,not_sarcastic,not_sarcastic,not_sarcastic,8,37,False,False,False,0.0,0.0,flat_delivery_candidate,
test-00112,1,using people for entertainment is immoral,because using people for entertainment isn't immoral at all,2,M1;M4,sarcastic,not_sarcastic,not_sarcastic,sarcastic,not_sarcastic,not_sarcastic,6,41,False,False,False,0.0,-0.0516,flat_delivery_candidate;short_ambiguous_candidate,
test-00180,2,a short haiku it is 6 06 i have an exam today it is in 3 hours saturday exams at uni are the worst,a short haiku it is 6 06 i have an exam today it is in 3 hours hooray for saturday exams at uni,2,M2;M4,not_sarcastic,sarcastic,not_sarcastic,sarcastic,not_sarcastic,not_sarcastic,24,98,False,False,False,0.0,-0.6249,flat_delivery_candidate,
test-00112,3,using people for entertainment is immoral,because using people for entertainment isn't immoral at all,2,M1;M4,sarcastic,not_sarcastic,not_sarcastic,sarcastic,not_sarcastic,not_sarcastic,6,41,False,False,False,0.0,-0.0516,flat_delivery_candidate;short_ambiguous_candidate,
test-00112,4,people love to exploit others,because using people for entertainment isn't immoral at all,2,M1;M2,sarcastic,sarcastic,not_sarcastic,not_sarcastic,not_sarcastic,not_sarcastic,5,29,False,False,False,0.0,0.5859,flat_delivery_candidate;positive_surface_wording_candidate;short_ambiguous_candidate,
test-00240,5,i hate eating salads,eats a salad one time i am honestly the most pure being on this earth i can feel toxins escaping my body right in this moment,2,M1;M5,sarcastic,not_sarcastic,not_sarcastic,not_sarcastic,sarcastic,not_sarcastic,4,20,False,False,False,0.0,-0.5719,flat_delivery_candidate;short_ambiguous_candidate,
test-00262,9,today at work felt so pointless,and the winner of most pointless shift goes to today june 5 th 2016,2,M1;M2,sarcastic,sarcastic,not_sarcastic,not_sarcastic,not_sarcastic,not_sarcastic,6,31,False,False,False,0.0,0.0,flat_delivery_candidate;short_ambiguous_candidate,
test-00114,1,i don't like restaurant chain burritos,because restaurant chain burritos are what i live for,2,M1;M6,sarcastic,not_sarcastic,not_sarcastic,not_sarcastic,not_sarcastic,sarcastic,6,38,False,False,False,0.0,-0.2755,flat_delivery_candidate;short_ambiguous_candidate,
test-00224,1,some people just don't get it,some people just don't get it,2,M1;M2,sarcastic,sarcastic,not_sarcastic,not_sarcastic,not_sarcastic,not_sarcastic,6,29,False,False,False,0.0,0.0,flat_delivery_candidate;short_ambiguous_candidate,
test-00224,2,some people just don't get it,some people just don't get it,2,M1;M2,sarcastic,sarcastic,not_sarcastic,not_sarcastic,not_sarcastic,not_sarcastic,6,29,False,False,False,0.0,0.0,flat_delivery_candidate;short_ambiguous_candidate,
test-00224,3,some people just don't get it,some people just don't get it,2,M1;M2,sarcastic,sarcastic,not_sarcastic,not_sarcastic,not_sarcastic,not_sarcastic,6,29,False,False,False,0.0,0.0,flat_delivery_candidate;short_ambiguous_candidate,
test-00224,4,some people just don't get it,some people just don't get it,2,M1;M2,sarcastic,sarcastic,not_sarcastic,not_sarcastic,not_sarcastic,not_sarcastic,6,29,False,False,False,0.0,0.0,flat_delivery_candidate;short_ambiguous_candidate,
test-00224,5,some people just don't get it,some people just don't get it,2,M1;M2,sarcastic,sarcastic,not_sarcastic,not_sarcastic,not_sarcastic,not_sarcastic,6,29,False,False,False,0.0,0.0,flat_delivery_candidate;short_ambiguous_candidate,
test-00057,2,the person on stage has no charisma,charisma personified on stage in the grand arcade,2,M5;M6,not_sarcastic,not_sarcastic,not_sarcastic,not_sarcastic,sarcastic,sarcastic,7,35,False,False,False,0.0,-0.296,flat_delivery_candidate,
test-00149,5,another exchange on purpose with green,another coincidental exchange with green,2,M1;M6,sarcastic,not_sarcastic,not_sarcastic,not_sarcastic,not_sarcastic,sarcastic,6,38,False,False,False,0.0,0.0,flat_delivery_candidate;short_ambiguous_candidate,
test-00039,2,fuck you,congratulations,2,M1;M6,sarcastic,not_sarcastic,not_sarcastic,not_sarcastic,not_sarcastic,sarcastic,2,8,False,False,False,0.0,-0.5423,flat_delivery_candidate;short_ambiguous_candidate,
test-00039,5,fuck you,congratulations,2,M1;M6,sarcastic,not_sarcastic,not_sarcastic,not_sarcastic,not_sarcastic,sarcastic,2,8,False,False,False,0.0,-0.5423,flat_delivery_candidate;short_ambiguous_candidate,
test-00128,5,broke my wrist bone need a doctor immediately,at the doctors with a broken wrist bone initial plan of action was just a heating pad yea that'll fix the bones,2,M1;M4,sarcastic,not_sarcastic,not_sarcastic,sarcastic,not_sarcastic,not_sarcastic,8,45,False,False,False,0.0,-0.4215,flat_delivery_candidate,
test-00185,2,waking up late is a horrible way to start a day,a great way of starting your monday is to wake up late,2,M5;M6,not_sarcastic,not_sarcastic,not_sarcastic,not_sarcastic,sarcastic,sarcastic,11,47,False,False,False,0.0,-0.5423,flat_delivery_candidate,
test-00234,2,at its finest,at its finest,2,M1;M6,sarcastic,not_sarcastic,not_sarcastic,not_sarcastic,not_sarcastic,sarcastic,3,13,False,False,False,0.0,0.0,flat_delivery_candidate;short_ambiguous_candidate,
test-00234,1,at its finest,at its finest,2,M1;M6,sarcastic,not_sarcastic,not_sarcastic,not_sarcastic,not_sarcastic,sarcastic,3,13,False,False,False,0.0,0.0,flat_delivery_candidate;short_ambiguous_candidate,
test-00243,4,i'm lazy,where can i download motivation ?,2,M1;M6,sarcastic,not_sarcastic,not_sarcastic,not_sarcastic,not_sarcastic,sarcastic,2,8,False,False,False,0.0,-0.3612,flat_delivery_candidate;short_ambiguous_candidate,
test-00125,4,this line up is terrible,awesome lineup wonder if your ban will come up ?,2,M1;M5,sarcastic,not_sarcastic,not_sarcastic,not_sarcastic,sarcastic,not_sarcastic,5,24,False,False,False,0.0,-0.4767,flat_delivery_candidate;short_ambiguous_candidate,
test-00232,4,pizza is getting expensive,i jst ordered some vat and service tax and surprisingly got a pizza free,2,M1;M6,sarcastic,not_sarcastic,not_sarcastic,not_sarcastic,not_sarcastic,sarcastic,4,26,False,False,False,0.0,0.0,flat_delivery_candidate;short_ambiguous_candidate,
test-00232,3,the tax on that pizza was high,i jst ordered some vat and service tax and surprisingly got a pizza free,2,M5;M6,not_sarcastic,not_sarcastic,not_sarcastic,not_sarcastic,sarcastic,sarcastic,7,30,False,False,False,0.0,0.0,flat_delivery_candidate,
test-00149,1,that exchange with green was not a coincidence,another coincidental exchange with green,2,M1;M2,sarcastic,sarcastic,not_sarcastic,not_sarcastic,not_sarcastic,not_sarcastic,8,46,False,False,False,0.0,0.0,flat_delivery_candidate,
test-00232,1,the tax on that pizza was high,i jst ordered some vat and service tax and surprisingly got a pizza free,2,M5;M6,not_sarcastic,not_sarcastic,not_sarcastic,not_sarcastic,sarcastic,sarcastic,7,30,False,False,False,0.0,0.0,flat_delivery_candidate,
test-00045,3,clevinger does not make me throw up,clevinger makes me throw up,2,M1;M6,sarcastic,not_sarcastic,not_sarcastic,not_sarcastic,not_sarcastic,sarcastic,7,35,False,False,False,0.0,0.0,flat_delivery_candidate,
test-00124,4,people don't understand my lifestyle,b c im young its so many other girls guys out here why keep some 1 around who u actually had aconnection with ? that makes sense,2,M1;M5,sarcastic,not_sarcastic,not_sarcastic,not_sarcastic,sarcastic,not_sarcastic,5,36,False,False,False,0.0,0.0,flat_delivery_candidate;short_ambiguous_candidate,
test-00235,4,drafts are so confusing to watch,48 and 49 were in 11 talk at one point ah the mlb draft is so risk averse sarcasm,2,M1;M2,sarcastic,sarcastic,not_sarcastic,not_sarcastic,not_sarcastic,not_sarcastic,6,32,False,False,False,0.0,-0.3593,flat_delivery_candidate;short_ambiguous_candidate,
test-00005,2,how does he do it ?,dozier hitting 3 rd ? makes sense,2,M1;M6,sarcastic,not_sarcastic,not_sarcastic,not_sarcastic,not_sarcastic,sarcastic,6,19,True,False,False,0.0,0.0,rhetorical_question_candidate;short_ambiguous_candidate,
test-00236,1,i don't appreciate spoilers,oh spoilers nice thanks guys i was gonna make the hour drive to the comic shop no reason to now,2,M1;M2,sarcastic,sarcastic,not_sarcastic,not_sarcastic,not_sarcastic,not_sarcastic,4,27,False,False,False,0.0,-0.3089,flat_delivery_candidate;short_ambiguous_candidate,
test-00124,2,i'm getting bad excuses for no relationships,b c im young its so many other girls guys out here why keep some 1 around who u actually had aconnection with ? that makes sense,2,M5;M6,not_sarcastic,not_sarcastic,not_sarcastic,not_sarcastic,sarcastic,sarcastic,7,44,False,False,False,0.0,-0.6908,flat_delivery_candidate,
test-00230,5,electricity is a luxury for some in india,is like the electricity half of india still doesn't get it,2,M1;M3,sarcastic,not_sarcastic,sarcastic,not_sarcastic,not_sarcastic,not_sarcastic,8,41,False,False,False,0.0,0.0,flat_delivery_candidate,
test-00151,3,and by revealing i mean at all even in the least,and by revealing i mean not at all not even in the least,2,M1;M2,sarcastic,sarcastic,not_sarcastic,not_sarcastic,not_sarcastic,not_sarcastic,11,48,False,False,False,0.0,0.0,flat_delivery_candidate,
test-00243,1,i am lazy,where can i download motivation ?,2,M1;M6,sarcastic,not_sarcastic,not_sarcastic,not_sarcastic,not_sarcastic,sarcastic,3,9,False,False,False,0.0,-0.3612,flat_delivery_candidate;short_ambiguous_candidate,
test-00127,4,i wish i wasn't at the lab right now,at the lab joy,2,M1;M2,sarcastic,sarcastic,not_sarcastic,not_sarcastic,not_sarcastic,not_sarcastic,9,36,False,False,False,0.0,0.4019,flat_delivery_candidate;positive_surface_wording_candidate,
test-00049,4,kids are messy,cleaning with a 1 yr old is so fun,2,M1;M6,sarcastic,not_sarcastic,not_sarcastic,not_sarcastic,not_sarcastic,sarcastic,3,14,False,False,False,0.0,-0.3612,flat_delivery_candidate;short_ambiguous_candidate,
test-00050,1,cleaning the bathroom is no fun,cleaning the bathroom what joy i feel,2,M1;M6,sarcastic,not_sarcastic,not_sarcastic,not_sarcastic,not_sarcastic,sarcastic,6,31,False,False,False,0.0,0.2732,flat_delivery_candidate;short_ambiguous_candidate,
test-00237,5,hate it when it rains hard and we still have school,yes tropical storm heading our way love it when it rains hard and we still have school,2,M1;M2,sarcastic,sarcastic,not_sarcastic,not_sarcastic,not_sarcastic,not_sarcastic,11,51,False,False,False,0.0,-0.6249,flat_delivery_candidate,
test-00042,4,comcast flat refuses to change my network traffic routing their end product hasn't improved,comcast flat refuses to change my network traffic routing glad to see their end product has improved,2,M1;M4,sarcastic,not_sarcastic,not_sarcastic,sarcastic,not_sarcastic,not_sarcastic,14,91,False,False,False,0.0,-0.3724,flat_delivery_candidate,
test-00034,3,currently dark amp stormy outside work very bad to be back,currently dark amp stormy outside work great to be back,2,M2;M4,not_sarcastic,sarcastic,not_sarcastic,sarcastic,not_sarcastic,not_sarcastic,11,58,False,False,False,0.0,-0.5849,flat_delivery_candidate,
test-00237,10,hate it when it rains hard and we still have school,yes tropical storm heading our way love it when it rains hard and we still have school,2,M1;M2,sarcastic,sarcastic,not_sarcastic,not_sarcastic,not_sarcastic,not_sarcastic,11,51,False,False,False,0.0,-0.6249,flat_delivery_candidate,
test-00034,5,currently dark amp stormy outside work bad to be back,currently dark amp stormy outside work great to be back,2,M2;M4,not_sarcastic,sarcastic,not_sarcastic,sarcastic,not_sarcastic,not_sarcastic,10,53,False,False,False,0.0,-0.5423,flat_delivery_candidate,
test-00032,2,dalledova couldn't stop curry,dalledova the curry stopper just checked in,2,M1;M6,sarcastic,not_sarcastic,not_sarcastic,not_sarcastic,not_sarcastic,sarcastic,4,29,False,False,False,0.0,0.2235,flat_delivery_candidate;short_ambiguous_candidate,
test-00035,1,coutinho isn't going to psg then,coutinho isn't going to psg then,2,M1;M6,sarcastic,not_sarcastic,not_sarcastic,not_sarcastic,not_sarcastic,sarcastic,6,32,False,False,False,0.0,0.0,flat_delivery_candidate;short_ambiguous_candidate,
test-00185,1,waking up late is not a great way to start your day,a great way of starting your monday is to wake up late,2,M1;M6,sarcastic,not_sarcastic,not_sarcastic,not_sarcastic,not_sarcastic,sarcastic,12,51,False,False,False,0.0,-0.5096,flat_delivery_candidate,
test-00050,6,cleaning the bathroom is no fun,cleaning the bathroom what joy i feel,2,M1;M6,sarcastic,not_sarcastic,not_sarcastic,not_sarcastic,not_sarcastic,sarcastic,6,31,False,False,False,0.0,0.2732,flat_delivery_candidate;short_ambiguous_candidate,
test-00014,5,everyone knows of a teen book series set in a future dystopia with a totalitarian government and forbidden love,does anyone know of a teen book series set in a future dystopia with a totalitarian government and forbidden love ?,2,M1;M4,sarcastic,not_sarcastic,not_sarcastic,sarcastic,not_sarcastic,not_sarcastic,19,111,False,False,False,0.0,-0.1779,flat_delivery_candidate,
test-00220,4,i use humor as a defense mechanism,part of human's defence system,2,M1;M6,sarcastic,not_sarcastic,not_sarcastic,not_sarcastic,not_sarcastic,sarcastic,7,34,False,False,False,0.0,0.3818,flat_delivery_candidate;positive_surface_wording_candidate,
test-00102,2,worst relationship is the one where you don't communicate,best relationship are the ones u don't communicate with each other,2,M2;M4,not_sarcastic,sarcastic,not_sarcastic,sarcastic,not_sarcastic,not_sarcastic,9,57,False,False,False,0.0,-0.6249,flat_delivery_candidate,
test-00171,4,nobody cares about me,ahh the sweet sound of ' zero cares given ' by others,2,M1;M5,sarcastic,not_sarcastic,not_sarcastic,not_sarcastic,sarcastic,not_sarcastic,4,21,False,False,False,0.0,0.4588,flat_delivery_candidate;positive_surface_wording_candidate;short_ambiguous_candidate,
test-00254,1,i don't love sarcasm,i love said the person sarcastically,2,M1;M6,sarcastic,not_sarcastic,not_sarcastic,not_sarcastic,not_sarcastic,sarcastic,4,20,False,False,False,0.0,-0.4023,flat_delivery_candidate;short_ambiguous_candidate,
test-00259,4,let me to pay attention,i am poor so don't let me to pay attention,2,M1;M6,sarcastic,not_sarcastic,not_sarcastic,not_sarcastic,not_sarcastic,sarcastic,5,23,False,False,False,0.0,-0.1027,flat_delivery_candidate;short_ambiguous_candidate,
test-00100,2,this morning is horrible,big thumbs up to this morning,2,M1;M5,sarcastic,not_sarcastic,not_sarcastic,not_sarcastic,sarcastic,not_sarcastic,4,24,False,False,False,0.0,-0.5423,flat_delivery_candidate;short_ambiguous_candidate,
test-00074,2,this week is getting worse,can this week get any better ?,2,M1;M5,sarcastic,not_sarcastic,not_sarcastic,not_sarcastic,sarcastic,not_sarcastic,5,26,False,False,False,0.0,-0.4767,flat_delivery_candidate;short_ambiguous_candidate,
test-00208,1,2 chests pieces 5 special weapons and 14 gauntlets seems unbalanced,2 chests pieces 5 special weapons and 14 gauntlets seems like some balanced drops to me from ib,2,M1;M4,sarcastic,not_sarcastic,not_sarcastic,sarcastic,not_sarcastic,not_sarcastic,11,67,False,False,False,0.0,-0.0516,flat_delivery_candidate,
test-00100,4,this morning is terrible,big thumbs up to this morning,2,M1;M5,sarcastic,not_sarcastic,not_sarcastic,not_sarcastic,sarcastic,not_sarcastic,4,24,False,False,False,0.0,-0.4767,flat_delivery_candidate;short_ambiguous_candidate,
test-00100,7,this morning is horrible,big thumbs up to this morning,2,M1;M5,sarcastic,not_sarcastic,not_sarcastic,not_sarcastic,sarcastic,not_sarcastic,4,24,False,False,False,0.0,-0.5423,flat_delivery_candidate;short_ambiguous_candidate,
test-00100,9,this morning is terrible,big thumbs up to this morning,2,M1;M5,sarcastic,not_sarcastic,not_sarcastic,not_sarcastic,sarcastic,not_sarcastic,4,24,False,False,False,0.0,-0.4767,flat_delivery_candidate;short_ambiguous_candidate,
test-00023,1,please mind your carry on luggage size,dear travelers pls bring along ur washing machine amp fridge as well considering those r hand luggage,2,M1;M6,sarcastic,not_sarcastic,not_sarcastic,not_sarcastic,not_sarcastic,sarcastic,7,38,False,False,False,0.0,0.3182,flat_delivery_candidate;positive_surface_wording_candidate,
test-00101,2,i already knew that they were bad teachers,big thanks to my elem teachers for which i learned what apple looks like,2,M1;M5,sarcastic,not_sarcastic,not_sarcastic,not_sarcastic,sarcastic,not_sarcastic,8,42,False,False,False,0.0,-0.5423,flat_delivery_candidate,
test-00192,2,obama is doing his job,a commander in chief that flees from a bit of protest has now driven fear in the hearts of our nation's enemies across the world,2,M1;M3,sarcastic,not_sarcastic,sarcastic,not_sarcastic,not_sarcastic,not_sarcastic,5,22,False,False,False,0.0,0.0,flat_delivery_candidate;short_ambiguous_candidate,
test-00172,2,it's not cool that commercials are continuing to perpetuate male stereotypes,ah even united healthcare is perpetuating the dumb male stereotype in their commercials now so cool,2,M2;M4,not_sarcastic,sarcastic,not_sarcastic,sarcastic,not_sarcastic,not_sarcastic,11,76,False,False,False,0.0,-0.2411,flat_delivery_candidate,
test-00068,5,i won't be watching the nba finals,can't wait for the three point contest in the nba finals,2,M1;M5,sarcastic,not_sarcastic,not_sarcastic,not_sarcastic,sarcastic,not_sarcastic,7,34,False,False,False,0.0,0.0,flat_delivery_candidate,
test-00166,4,alison pearson is a terrible person,alison pearson what a splendid human being,2,M1;M3,sarcastic,not_sarcastic,sarcastic,not_sarcastic,not_sarcastic,not_sarcastic,6,35,False,False,False,0.0,-0.4767,flat_delivery_candidate;short_ambiguous_candidate,
test-00166,5,alison pearson is a jerk,alison pearson what a splendid human being,2,M1;M6,sarcastic,not_sarcastic,not_sarcastic,not_sarcastic,not_sarcastic,sarcastic,5,24,False,False,False,0.0,-0.34,flat_delivery_candidate;short_ambiguous_candidate,
test-00214,3,i just hate when customers make me repeat myself,i just love when customers make me repeat myself,2,M1;M2,sarcastic,sarcastic,not_sarcastic,not_sarcastic,not_sarcastic,not_sarcastic,9,48,False,False,False,0.0,-0.5719,flat_delivery_candidate,
test-00214,5,i just hate when customers make me repeat myself,i just love when customers make me repeat myself,2,M1;M2,sarcastic,sarcastic,not_sarcastic,not_sarcastic,not_sarcastic,not_sarcastic,9,48,False,False,False,0.0,-0.5719,flat_delivery_candidate,
test-00009,5,i really don't like being the villain of someone else life,don't ya just love being the villain of someone else life,2,M1;M2,sarcastic,sarcastic,not_sarcastic,not_sarcastic,not_sarcastic,not_sarcastic,11,58,False,False,False,0.0,-0.7174,flat_delivery_candidate,
test-00196,4,i hate blowouts,6 0 run in 2 07 ? yea thats totally impressive,2,M1;M6,sarcastic,not_sarcastic,not_sarcastic,not_sarcastic,not_sarcastic,sarcastic,3,15,False,False,False,0.0,-0.5719,flat_delivery_candidate;short_ambiguous_candidate,
test-00081,1,you spoke poorly of me and i can't count on you,but thanks for speaking so highly of me you've always been the type of person i could count on,2,M1;M5,sarcastic,not_sarcastic,not_sarcastic,not_sarcastic,sarcastic,not_sarcastic,11,47,False,False,False,0.0,0.0,flat_delivery_candidate,
test-00016,2,i don't care what's going on on the bachelor,didn't watch the bachelor but i'm so glad everyone tweeted about it so i know what's going on,2,M2;M6,not_sarcastic,sarcastic,not_sarcastic,not_sarcastic,not_sarcastic,sarcastic,9,44,False,False,False,0.0,-0.3875,flat_delivery_candidate,
test-00257,2,batman doesn't realise if superman is outmatched by someone that he has no chance,ah yes here's the guy that's wiping the floor with superman i'm gonna try chocking him out genius bruce pure genius,2,M3;M4,not_sarcastic,not_sarcastic,sarcastic,sarcastic,not_sarcastic,not_sarcastic,14,81,False,False,False,0.0,-0.0516,flat_delivery_candidate,
test-00198,4,i got sucked in watching the basketball game,5 hours sleep for a 45 hour drive for this possibly life changing interview thanks cavs for making it worth staying up late,2,M1;M2,sarcastic,sarcastic,not_sarcastic,not_sarcastic,not_sarcastic,not_sarcastic,8,44,False,False,False,0.0,-0.4588,flat_delivery_candidate,
test-00256,4,i do better under pressure,don't rush me i'm waiting for the last minute,2,M1;M2,sarcastic,sarcastic,not_sarcastic,not_sarcastic,not_sarcastic,not_sarcastic,5,26,False,False,False,0.0,0.1779,flat_delivery_candidate;short_ambiguous_candidate,
test-00089,9,something always seems to break in my apartment,broken water main in my apartment yippie that's something new,2,M1;M6,sarcastic,not_sarcastic,not_sarcastic,not_sarcastic,not_sarcastic,sarcastic,8,47,False,False,False,0.0,0.0,flat_delivery_candidate,
test-00085,4,athletes get so hot headed,but despite rumors of heat w del rio hhh would never be as petty mess with personal lives due to professional issues right ?,2,M1;M6,sarcastic,not_sarcastic,not_sarcastic,not_sarcastic,not_sarcastic,sarcastic,5,26,False,False,False,0.0,0.0,flat_delivery_candidate;short_ambiguous_candidate,
test-00137,1,you are not perfect,aren't you just so darn perfect ?,2,M1;M6,sarcastic,not_sarcastic,not_sarcastic,not_sarcastic,not_sarcastic,sarcastic,4,19,False,False,False,0.0,-0.4585,flat_delivery_candidate;short_ambiguous_candidate,
test-00156,5,hotheaded yordano ventura is annoying,also don't change yordano ventura being a hothead has done well for you,2,M1;M6,sarcastic,not_sarcastic,not_sarcastic,not_sarcastic,not_sarcastic,sarcastic,5,37,False,False,False,0.0,-0.4019,flat_delivery_candidate;short_ambiguous_candidate,
test-00136,2,i'd rather be going out than cleaning,as a twenty fiveyearold woman there's nothing i'd rather be doing in a sunday than cleaning the kitchen bins and fridge,2,M1;M2,sarcastic,sarcastic,not_sarcastic,not_sarcastic,not_sarcastic,not_sarcastic,7,37,False,False,False,0.0,0.0,flat_delivery_candidate,
test-00093,7,these signings are a horrible idea,breaking news qpr are going to sign 40 year old robbie fowler and a lad called olly murs some cracking finishing today,2,M1;M5,sarcastic,not_sarcastic,not_sarcastic,not_sarcastic,sarcastic,not_sarcastic,6,34,False,False,False,0.0,-0.5423,flat_delivery_candidate;short_ambiguous_candidate,
test-00136,1,i'm not excited about cleaning on a sunday,as a twenty fiveyearold woman there's nothing i'd rather be doing in a sunday than cleaning the kitchen bins and fridge,2,M1;M2,sarcastic,sarcastic,not_sarcastic,not_sarcastic,not_sarcastic,not_sarcastic,8,42,False,False,False,0.0,-0.2584,flat_delivery_candidate,
test-00016,7,i don't care what's going on on the bachelor,didn't watch the bachelor but i'm so glad everyone tweeted about it so i know what's going on,2,M2;M6,not_sarcastic,sarcastic,not_sarcastic,not_sarcastic,not_sarcastic,sarcastic,9,44,False,False,False,0.0,-0.3875,flat_delivery_candidate,
test-00137,2,you are not perfect,aren't you just so darn perfect ?,2,M1;M6,sarcastic,not_sarcastic,not_sarcastic,not_sarcastic,not_sarcastic,sarcastic,4,19,False,False,False,0.0,-0.4585,flat_delivery_candidate;short_ambiguous_candidate,
test-00082,3,but sometimes they don t deserve my snarky comments they really don t,but sometimes they just deserve my snarky comments they really do,2,M2;M4,not_sarcastic,sarcastic,not_sarcastic,sarcastic,not_sarcastic,not_sarcastic,13,69,False,False,False,0.0,0.0,flat_delivery_candidate,
test-00196,9,this game is so slow,6 0 run in 2 07 ? yea thats totally impressive,2,M1;M5,sarcastic,not_sarcastic,not_sarcastic,not_sarcastic,sarcastic,not_sarcastic,5,20,False,False,False,0.0,0.0,flat_delivery_candidate;short_ambiguous_candidate,
test-00204,2,it wasn't a productive day at all it was filled with pointless tasks,25 hour drive 5 hours sitting in a company wide annual rah rah meeting 25 hour ride home yup super productive day,2,M1;M2,sarcastic,sarcastic,not_sarcastic,not_sarcastic,not_sarcastic,not_sarcastic,13,68,False,False,False,0.0,0.0,flat_delivery_candidate,
test-00093,2,these signings are a horrible idea,breaking news qpr are going to sign 40 year old robbie fowler and a lad called olly murs some cracking finishing today,2,M1;M5,sarcastic,not_sarcastic,not_sarcastic,not_sarcastic,sarcastic,not_sarcastic,6,34,False,False,False,0.0,-0.5423,flat_delivery_candidate;short_ambiguous_candidate,
test-00171,5,i hate it when ppl don't care about me,ahh the sweet sound of ' zero cares given ' by others,2,M2;M5,not_sarcastic,sarcastic,not_sarcastic,not_sarcastic,sarcastic,not_sarcastic,9,38,False,False,False,0.0,-0.7452,flat_delivery_candidate,
test-00058,1,that was a bad header,champions league quality header by jermaine jones there,2,M1;M6,sarcastic,not_sarcastic,not_sarcastic,not_sarcastic,not_sarcastic,sarcastic,5,21,False,False,False,0.0,-0.5423,flat_delivery_candidate;short_ambiguous_candidate,
test-00218,8,just one of the many services i offer,just one of the many services i offer,2,M2;M5,not_sarcastic,sarcastic,not_sarcastic,not_sarcastic,sarcastic,not_sarcastic,8,37,False,False,False,0.0,0.0,flat_delivery_candidate,
test-00171,2,i'm upset that no one seems to care about me,ahh the sweet sound of ' zero cares given ' by others,2,M2;M5,not_sarcastic,sarcastic,not_sarcastic,not_sarcastic,sarcastic,not_sarcastic,10,44,False,False,False,0.0,-0.1531,flat_delivery_candidate,
test-00262,4,today at work felt so pointless,and the winner of most pointless shift goes to today june 5 th 2016,2,M1;M2,sarcastic,sarcastic,not_sarcastic,not_sarcastic,not_sarcastic,not_sarcastic,6,31,False,False,False,0.0,0.0,flat_delivery_candidate;short_ambiguous_candidate,
test-00218,2,just one of the many services i offer,just one of the many services i offer,2,M2;M5,not_sarcastic,sarcastic,not_sarcastic,not_sarcastic,sarcastic,not_sarcastic,8,37,False,False,False,0.0,0.0,flat_delivery_candidate,
test-00218,3,just one of the many services i offer,just one of the many services i offer,2,M2;M5,not_sarcastic,sarcastic,not_sarcastic,not_sarcastic,sarcastic,not_sarcastic,8,37,False,False,False,0.0,0.0,flat_delivery_candidate,
test-00218,4,just one of the many services i offer,just one of the many services i offer,2,M2;M5,not_sarcastic,sarcastic,not_sarcastic,not_sarcastic,sarcastic,not_sarcastic,8,37,False,False,False,0.0,0.0,flat_delivery_candidate,
test-00170,4,i hate taxes,ahhhh property taxes i love june,2,M1;M6,sarcastic,not_sarcastic,not_sarcastic,not_sarcastic,not_sarcastic,sarcastic,3,12,False,False,False,0.0,-0.5719,flat_delivery_candidate;short_ambiguous_candidate,
test-00218,9,just one of the many services i offer,just one of the many services i offer,2,M2;M5,not_sarcastic,sarcastic,not_sarcastic,not_sarcastic,sarcastic,not_sarcastic,8,37,False,False,False,0.0,0.0,flat_delivery_candidate,
test-00063,3,can wait until tomorrow,cant wait until tomorrow,2,M1;M6,sarcastic,not_sarcastic,not_sarcastic,not_sarcastic,not_sarcastic,sarcastic,4,23,False,False,False,0.0,0.0,flat_delivery_candidate;short_ambiguous_candidate,
test-00218,10,just one of the many services i offer,just one of the many services i offer,2,M2;M5,not_sarcastic,sarcastic,not_sarcastic,not_sarcastic,sarcastic,not_sarcastic,8,37,False,False,False,0.0,0.0,flat_delivery_candidate,
test-00218,1,just one of the many services i offer,just one of the many services i offer,2,M2;M5,not_sarcastic,sarcastic,not_sarcastic,not_sarcastic,sarcastic,not_sarcastic,8,37,False,False,False,0.0,0.0,flat_delivery_candidate,
test-00218,5,just one of the many services i offer,just one of the many services i offer,2,M2;M5,not_sarcastic,sarcastic,not_sarcastic,not_sarcastic,sarcastic,not_sarcastic,8,37,False,False,False,0.0,0.0,flat_delivery_candidate,
test-00063,5,cant wait until tomorrow,cant wait until tomorrow,2,M1;M6,sarcastic,not_sarcastic,not_sarcastic,not_sarcastic,not_sarcastic,sarcastic,4,24,False,False,False,0.0,0.0,flat_delivery_candidate;short_ambiguous_candidate,
test-00218,6,just one of the many services i offer,just one of the many services i offer,2,M2;M5,not_sarcastic,sarcastic,not_sarcastic,not_sarcastic,sarcastic,not_sarcastic,8,37,False,False,False,0.0,0.0,flat_delivery_candidate,
test-00027,2,i'm not in the mood for deadpool,deadpool is my vibe tonight,2,M2;M6,not_sarcastic,sarcastic,not_sarcastic,not_sarcastic,not_sarcastic,sarcastic,7,32,False,False,False,0.0,0.0,flat_delivery_candidate,
test-00089,4,something always seems to break in my apartment,broken water main in my apartment yippie that's something new,2,M1;M6,sarcastic,not_sarcastic,not_sarcastic,not_sarcastic,not_sarcastic,sarcastic,8,47,False,False,False,0.0,0.0,flat_delivery_candidate,
test-00218,7,just one of the many services i offer,just one of the many services i offer,2,M2;M5,not_sarcastic,sarcastic,not_sarcastic,not_sarcastic,sarcastic,not_sarcastic,8,37,False,False,False,0.0,0.0,flat_delivery_candidate,
test-00016,9,i don't care to watch or know anything about the bachelor,didn't watch the bachelor but i'm so glad everyone tweeted about it so i know what's going on,1,M2,not_sarcastic,sarcastic,not_sarcastic,not_sarcastic,not_sarcastic,not_sarcastic,11,57,False,False,False,0.0,-0.3875,flat_delivery_candidate,
test-00034,1,the weather sucks,currently dark amp stormy outside work great to be back,1,M1,sarcastic,not_sarcastic,not_sarcastic,not_sarcastic,not_sarcastic,not_sarcastic,3,17,False,False,False,0.0,-0.3612,flat_delivery_candidate;short_ambiguous_candidate,
test-00007,2,i hate being ignored,don't you just love it when people ignore you,1,M1,sarcastic,not_sarcastic,not_sarcastic,not_sarcastic,not_sarcastic,not_sarcastic,4,20,False,False,False,0.0,-0.7184,flat_delivery_candidate;short_ambiguous_candidate,
test-00003,3,dressler on the bench no problems in the peg ? stay tuned,dressler on the bench problems in the peg ? stay tuned,1,M3,not_sarcastic,not_sarcastic,sarcastic,not_sarcastic,not_sarcastic,not_sarcastic,12,57,True,False,False,0.0,-0.5994,rhetorical_question_candidate,
test-00003,2,dressler on the bench problems in the peg ? stay tuned,dressler on the bench problems in the peg ? stay tuned,1,M3,not_sarcastic,not_sarcastic,sarcastic,not_sarcastic,not_sarcastic,not_sarcastic,11,54,True,False,False,0.0,-0.4019,rhetorical_question_candidate,
test-00030,2,the day has flown by,dat last half an hour before your two days off though,1,M1,sarcastic,not_sarcastic,not_sarcastic,not_sarcastic,not_sarcastic,not_sarcastic,5,20,False,False,False,0.0,0.0,flat_delivery_candidate;short_ambiguous_candidate,
test-00012,3,i would give my life for them,don't get me wrong i love my friends and family i would give up my life for them what a life,1,M2,not_sarcastic,sarcastic,not_sarcastic,not_sarcastic,not_sarcastic,not_sarcastic,7,29,False,False,False,0.0,0.0,flat_delivery_candidate,
test-00249,1,minsan is not reassuring,minsan is so assuring,1,M4,not_sarcastic,not_sarcastic,not_sarcastic,sarcastic,not_sarcastic,not_sarcastic,4,24,False,False,False,0.0,-0.3089,flat_delivery_candidate;short_ambiguous_candidate,
test-00007,1,i don't like it when people ignore me,don't you just love it when people ignore you,1,M1,sarcastic,not_sarcastic,not_sarcastic,not_sarcastic,not_sarcastic,not_sarcastic,8,37,False,False,False,0.0,-0.5588,flat_delivery_candidate,
test-00035,3,coutinho is going to psg then,coutinho isn't going to psg then,1,M6,not_sarcastic,not_sarcastic,not_sarcastic,not_sarcastic,not_sarcastic,sarcastic,6,29,False,False,False,0.0,0.0,flat_delivery_candidate;short_ambiguous_candidate,
test-00012,4,my life isn't what i was expecting,don't get me wrong i love my friends and family i would give up my life for them what a life,1,M1,sarcastic,not_sarcastic,not_sarcastic,not_sarcastic,not_sarcastic,not_sarcastic,7,34,False,False,False,0.0,0.0,flat_delivery_candidate,
test-00007,7,i hate being ignored,don't you just love it when people ignore you,1,M1,sarcastic,not_sarcastic,not_sarcastic,not_sarcastic,not_sarcastic,not_sarcastic,4,20,False,False,False,0.0,-0.7184,flat_delivery_candidate;short_ambiguous_candidate,
test-00007,6,i don't like it when people ignore me,don't you just love it when people ignore you,1,M1,sarcastic,not_sarcastic,not_sarcastic,not_sarcastic,not_sarcastic,not_sarcastic,8,37,False,False,False,0.0,-0.5588,flat_delivery_candidate,
test-00028,9,i hate when things get behind schedule,day 3 at reception we're a day behind schedule lovely,1,M1,sarcastic,not_sarcastic,not_sarcastic,not_sarcastic,not_sarcastic,not_sarcastic,7,38,False,False,False,0.0,-0.5719,flat_delivery_candidate,
test-00248,5,i hate the scanning media part of the android device,scanning media is my favorite feature of android devices thank you,1,M1,sarcastic,not_sarcastic,not_sarcastic,not_sarcastic,not_sarcastic,not_sarcastic,10,52,False,False,False,0.0,-0.5719,flat_delivery_candidate,
test-00158,9,the stock market is crazy right now,alright all the bulls can rally on the fact that a poor jobs number is temporarily going to slow the fed from raising rates spy,1,M1,sarcastic,not_sarcastic,not_sarcastic,not_sarcastic,not_sarcastic,not_sarcastic,7,35,False,False,False,0.0,-0.34,flat_delivery_candidate,
test-00248,4,i hate the scanning media part of the android device,scanning media is my favorite feature of android devices thank you,1,M1,sarcastic,not_sarcastic,not_sarcastic,not_sarcastic,not_sarcastic,not_sarcastic,10,52,False,False,False,0.0,-0.5719,flat_delivery_candidate,
test-00007,5,i hate it when people ignore me,don't you just love it when people ignore you,1,M1,sarcastic,not_sarcastic,not_sarcastic,not_sarcastic,not_sarcastic,not_sarcastic,7,31,False,False,False,0.0,-0.7351,flat_delivery_candidate,
test-00003,1,dressler on the bench problems in the peg ? stay tuned,dressler on the bench problems in the peg ? stay tuned,1,M3,not_sarcastic,not_sarcastic,sarcastic,not_sarcastic,not_sarcastic,not_sarcastic,11,54,True,False,False,0.0,-0.4019,rhetorical_question_candidate,
test-00158,4,the stock market is crazy right now,alright all the bulls can rally on the fact that a poor jobs number is temporarily going to slow the fed from raising rates spy,1,M1,sarcastic,not_sarcastic,not_sarcastic,not_sarcastic,not_sarcastic,not_sarcastic,7,35,False,False,False,0.0,-0.34,flat_delivery_candidate,
test-00248,2,i really dislike the scanning media feature on android devices,scanning media is my favorite feature of android devices thank you,1,M1,sarcastic,not_sarcastic,not_sarcastic,not_sarcastic,not_sarcastic,not_sarcastic,10,62,False,False,False,0.0,-0.4391,flat_delivery_candidate,
test-00016,4,i don't care to watch or know anything about the bachelor,didn't watch the bachelor but i'm so glad everyone tweeted about it so i know what's going on,1,M2,not_sarcastic,sarcastic,not_sarcastic,not_sarcastic,not_sarcastic,not_sarcastic,11,57,False,False,False,0.0,-0.3875,flat_delivery_candidate,
test-00011,4,i'm not sleeping well,don't get why people say you need 6 8 hours of sleep a night i've been going on 2 or less for months now amp it's going great,1,M1,sarcastic,not_sarcastic,not_sarcastic,not_sarcastic,not_sarcastic,not_sarcastic,4,21,False,False,False,0.0,-0.2057,flat_delivery_candidate;short_ambiguous_candidate,
test-00006,5,i hate people taking credit for something i did,don't you just love when people takes the credit for something you did ? yeah ? me too,1,M1,sarcastic,not_sarcastic,not_sarcastic,not_sarcastic,not_sarcastic,not_sarcastic,9,47,False,False,False,0.0,-0.2732,flat_delivery_candidate,
test-00249,2,minsan is not reassuring,minsan is so assuring,1,M4,not_sarcastic,not_sarcastic,not_sarcastic,sarcastic,not_sarcastic,not_sarcastic,4,24,False,False,False,0.0,-0.3089,flat_delivery_candidate;short_ambiguous_candidate,
test-00149,2,they are doing this on purpose,another coincidental exchange with green,1,M1,sarcastic,not_sarcastic,not_sarcastic,not_sarcastic,not_sarcastic,not_sarcastic,6,30,False,False,False,0.0,0.0,flat_delivery_candidate;short_ambiguous_candidate,
test-00159,4,he's better than people think,alright it's just gonna take a few more years for brad stevens to get to iu,1,M1,sarcastic,not_sarcastic,not_sarcastic,not_sarcastic,not_sarcastic,not_sarcastic,5,29,False,False,False,0.0,0.4404,flat_delivery_candidate;positive_surface_wording_candidate;short_ambiguous_candidate,
test-00026,1,i want to be able to get rid of apps on my phone,dear at amp t amp samsung i'm so glad i have zero storage for my things my 32 gb phone thanks to the useless apps i can't uninstall,1,M1,sarcastic,not_sarcastic,not_sarcastic,not_sarcastic,not_sarcastic,not_sarcastic,13,48,False,False,False,0.0,0.0772,flat_delivery_candidate,
test-00151,5,i am being secretive,and by revealing i mean not at all not even in the least,1,M1,sarcastic,not_sarcastic,not_sarcastic,not_sarcastic,not_sarcastic,not_sarcastic,4,20,False,False,False,0.0,0.0,flat_delivery_candidate;short_ambiguous_candidate,
test-00150,4,hospitals need to run more efficient,another chapter in a long book of total nhs incompetence at peterborough city hospital you absolute stars,1,M1,sarcastic,not_sarcastic,not_sarcastic,not_sarcastic,not_sarcastic,not_sarcastic,6,36,False,False,False,0.0,0.4754,flat_delivery_candidate;positive_surface_wording_candidate;short_ambiguous_candidate,
test-00249,4,i'm not comfortable with minsan,minsan is so assuring,1,M1,sarcastic,not_sarcastic,not_sarcastic,not_sarcastic,not_sarcastic,not_sarcastic,5,31,False,False,False,0.0,-0.4023,flat_delivery_candidate;short_ambiguous_candidate,
test-00029,4,david villa with a bad penaltykick,david villa with a worldclass penaltykick,1,M1,sarcastic,not_sarcastic,not_sarcastic,not_sarcastic,not_sarcastic,not_sarcastic,6,34,False,False,False,0.0,-0.5423,flat_delivery_candidate;short_ambiguous_candidate,
test-00153,4,this race is losing my interest,amazing first lap such a shame my favorite german is down to 10 th,1,M1,sarcastic,not_sarcastic,not_sarcastic,not_sarcastic,not_sarcastic,not_sarcastic,6,31,False,False,False,0.0,0.1027,flat_delivery_candidate;short_ambiguous_candidate,
test-00028,4,i hate when things get behind schedule,day 3 at reception we're a day behind schedule lovely,1,M1,sarcastic,not_sarcastic,not_sarcastic,not_sarcastic,not_sarcastic,not_sarcastic,7,38,False,False,False,0.0,-0.5719,flat_delivery_candidate,
test-00007,10,i hate it when people ignore me,don't you just love it when people ignore you,1,M1,sarcastic,not_sarcastic,not_sarcastic,not_sarcastic,not_sarcastic,not_sarcastic,7,31,False,False,False,0.0,-0.7351,flat_delivery_candidate,
test-00154,2,gunshots scare the crap out of me,always comforting when you hear three gunshots go off in your area,1,M1,sarcastic,not_sarcastic,not_sarcastic,not_sarcastic,not_sarcastic,not_sarcastic,7,33,False,False,False,0.0,-0.7003,flat_delivery_candidate,
test-00006,4,i hate people taking my credit,don't you just love when people takes the credit for something you did ? yeah ? me too,1,M1,sarcastic,not_sarcastic,not_sarcastic,not_sarcastic,not_sarcastic,not_sarcastic,6,30,False,False,False,0.0,-0.2732,flat_delivery_candidate;short_ambiguous_candidate,
test-00029,1,david villa had a bad penalty kick,david villa with a worldclass penaltykick,1,M1,sarcastic,not_sarcastic,not_sarcastic,not_sarcastic,not_sarcastic,not_sarcastic,7,34,False,False,False,0.0,-0.7579,flat_delivery_candidate,
test-00006,1,i don't like when people take credit for what you do,don't you just love when people takes the credit for something you did ? yeah ? me too,1,M1,sarcastic,not_sarcastic,not_sarcastic,not_sarcastic,not_sarcastic,not_sarcastic,11,52,False,False,False,0.0,0.1255,flat_delivery_candidate,
test-00165,3,all conspiracies are not off base with and all govt explanations are not always true and accurate and should be questioned,all conspiracies are off base with no truth to them and all govt explanations are true and accurate and shouldn't be questioned,1,M1,sarcastic,not_sarcastic,not_sarcastic,not_sarcastic,not_sarcastic,not_sarcastic,21,122,False,False,False,0.0,-0.4082,flat_delivery_candidate,
test-00243,5,lack of motivation,where can i download motivation ?,1,M1,sarcastic,not_sarcastic,not_sarcastic,not_sarcastic,not_sarcastic,not_sarcastic,3,18,False,False,False,0.0,0.0258,flat_delivery_candidate;short_ambiguous_candidate,
test-00160,4,i can't wait for my lunch break,almost lunchtime i get a half hour away from this paradise,1,M1,sarcastic,not_sarcastic,not_sarcastic,not_sarcastic,not_sarcastic,not_sarcastic,7,31,False,False,False,0.0,0.0,flat_delivery_candidate,
test-00155,2,i am not comfortable being myself,always be yourself except during job interviews the first couple months of relationships or any type of social interaction,1,M1,sarcastic,not_sarcastic,not_sarcastic,not_sarcastic,not_sarcastic,not_sarcastic,6,33,False,False,False,0.0,-0.4023,flat_delivery_candidate;short_ambiguous_candidate,
test-00243,3,i need to find motivation,where can i download motivation ?,1,M1,sarcastic,not_sarcastic,not_sarcastic,not_sarcastic,not_sarcastic,not_sarcastic,5,25,False,False,False,0.0,0.34,flat_delivery_candidate;positive_surface_wording_candidate;short_ambiguous_candidate,
test-00018,1,the yankees failed to manufacture a run off of that double,did you see how the yankees manufactured that run from a leadoff double ? that was amazing,1,M1,sarcastic,not_sarcastic,not_sarcastic,not_sarcastic,not_sarcastic,not_sarcastic,11,58,False,False,False,0.0,-0.5106,flat_delivery_candidate,
test-00011,1,i need more sleep,don't get why people say you need 6 8 hours of sleep a night i've been going on 2 or less for months now amp it's going great,1,M1,sarcastic,not_sarcastic,not_sarcastic,not_sarcastic,not_sarcastic,not_sarcastic,4,17,False,False,False,0.0,0.0,flat_delivery_candidate;short_ambiguous_candidate,
test-00243,2,i'm completely without motivation,where can i download motivation ?,1,M1,sarcastic,not_sarcastic,not_sarcastic,not_sarcastic,not_sarcastic,not_sarcastic,4,33,False,False,False,0.0,-0.3214,flat_delivery_candidate;short_ambiguous_candidate,
test-00248,1,i don't like scanning media on android,scanning media is my favorite feature of android devices thank you,1,M1,sarcastic,not_sarcastic,not_sarcastic,not_sarcastic,not_sarcastic,not_sarcastic,7,38,False,False,False,0.0,-0.2755,flat_delivery_candidate,
test-00131,1,the weather sucks,at least it's great weather to be driving to cambridge in,1,M1,sarcastic,not_sarcastic,not_sarcastic,not_sarcastic,not_sarcastic,not_sarcastic,3,17,False,False,False,0.0,-0.3612,flat_delivery_candidate;short_ambiguous_candidate,
test-00241,2,they are not lesbians,yes pretty much but they're lesbians together they did them both so wrong in the p c n52 run,1,M6,not_sarcastic,not_sarcastic,not_sarcastic,not_sarcastic,not_sarcastic,sarcastic,4,21,False,False,False,0.0,0.0,flat_delivery_candidate;short_ambiguous_candidate,
test-00089,6,broken water main in my apartment that sucks,broken water main in my apartment yippie that's something new,1,M4,not_sarcastic,not_sarcastic,not_sarcastic,sarcastic,not_sarcastic,not_sarcastic,8,44,False,False,False,0.0,-0.6808,flat_delivery_candidate,
test-00104,2,colossus is not a covenant place,best part about colossus is that you can never leave to pee because you're literally always short amp looking for a spot to get in,1,M6,not_sarcastic,not_sarcastic,not_sarcastic,not_sarcastic,not_sarcastic,sarcastic,6,32,False,False,False,0.0,0.0,flat_delivery_candidate;short_ambiguous_candidate,
test-00176,5,i hate headache,ah joy a headache,1,M1,sarcastic,not_sarcastic,not_sarcastic,not_sarcastic,not_sarcastic,not_sarcastic,3,15,False,False,False,0.0,-0.5719,flat_delivery_candidate;short_ambiguous_candidate,
test-00176,4,i hate headaches,ah joy a headache,1,M1,sarcastic,not_sarcastic,not_sarcastic,not_sarcastic,not_sarcastic,not_sarcastic,3,16,False,False,False,0.0,-0.5719,flat_delivery_candidate;short_ambiguous_candidate,
test-00176,2,i'm in pain and headaches are not fun,ah joy a headache,1,M1,sarcastic,not_sarcastic,not_sarcastic,not_sarcastic,not_sarcastic,not_sarcastic,8,37,False,False,False,0.0,-0.7186,flat_delivery_candidate,
test-00097,1,elizabeth proctor is not a great woman,bless elizabeth proctor she's honestly a great woman ha,1,M3,not_sarcastic,not_sarcastic,sarcastic,not_sarcastic,not_sarcastic,not_sarcastic,7,38,False,False,False,0.0,-0.5096,flat_delivery_candidate,
test-00096,2,the boy was in danger and the zoo keepers did the right thing,bottom line that gorilla was trying to protect that boy ever seen tarzan geez,1,M1,sarcastic,not_sarcastic,not_sarcastic,not_sarcastic,not_sarcastic,not_sarcastic,13,61,False,False,False,0.0,-0.5267,flat_delivery_candidate,
test-00095,4,i was not looking forward to the rain,boy am i glad the rain's here,1,M1,sarcastic,not_sarcastic,not_sarcastic,not_sarcastic,not_sarcastic,not_sarcastic,8,37,False,False,False,0.0,0.0,flat_delivery_candidate,
test-00092,7,the trade is happening,breaking manchester united and lionel messi have reached an agreement that the transfer will never happen hahaha,1,M1,sarcastic,not_sarcastic,not_sarcastic,not_sarcastic,not_sarcastic,not_sarcastic,4,22,False,False,False,0.0,0.0,flat_delivery_candidate;short_ambiguous_candidate,
test-00092,2,the trade is happening,breaking manchester united and lionel messi have reached an agreement that the transfer will never happen hahaha,1,M1,sarcastic,not_sarcastic,not_sarcastic,not_sarcastic,not_sarcastic,not_sarcastic,4,22,False,False,False,0.0,0.0,flat_delivery_candidate;short_ambiguous_candidate,
test-00091,2,there is no view here,breaktime at work hot damn you should see the view,1,M2,not_sarcastic,sarcastic,not_sarcastic,not_sarcastic,not_sarcastic,not_sarcastic,5,21,False,False,False,0.0,-0.296,flat_delivery_candidate;short_ambiguous_candidate,
test-00090,1,bricks behind home plate is not a good idea,bricks behind home plate seems like a great idea,1,M6,not_sarcastic,not_sarcastic,not_sarcastic,not_sarcastic,not_sarcastic,sarcastic,9,43,False,False,False,0.0,-0.3412,flat_delivery_candidate,
test-00175,2,i hate replacing a tire at 9 in the morning,ah yes i love replacing a tire at 9 in the morning,1,M1,sarcastic,not_sarcastic,not_sarcastic,not_sarcastic,not_sarcastic,not_sarcastic,10,43,False,False,False,0.0,-0.5719,flat_delivery_candidate,
test-00089,7,a broken water main is the last thing i needed,broken water main in my apartment yippie that's something new,1,M4,not_sarcastic,not_sarcastic,not_sarcastic,sarcastic,not_sarcastic,not_sarcastic,10,46,False,False,False,0.0,-0.4767,flat_delivery_candidate,
test-00174,5,its annoying to see that people are still misunderstanding what gmos are,ah yes good to see that people are still misunderstanding what gmos are,1,M2,not_sarcastic,sarcastic,not_sarcastic,not_sarcastic,not_sarcastic,not_sarcastic,12,72,False,False,False,0.0,-0.6705,flat_delivery_candidate,
test-00106,1,being stuck in an airport sucks,being stuck in an airport is fun,1,M1,sarcastic,not_sarcastic,not_sarcastic,not_sarcastic,not_sarcastic,not_sarcastic,6,31,False,False,False,0.0,-0.5423,flat_delivery_candidate;short_ambiguous_candidate,
test-00089,2,a broken water main is the last thing i needed,broken water main in my apartment yippie that's something new,1,M4,not_sarcastic,not_sarcastic,not_sarcastic,sarcastic,not_sarcastic,not_sarcastic,10,46,False,False,False,0.0,-0.4767,flat_delivery_candidate,
test-00089,1,broken water main in my apartment that sucks,broken water main in my apartment yippie that's something new,1,M4,not_sarcastic,not_sarcastic,not_sarcastic,sarcastic,not_sarcastic,not_sarcastic,8,44,False,False,False,0.0,-0.6808,flat_delivery_candidate,
test-00136,5,as a 25 yearold woman i hate cleaning kitchen bins and fridge,as a twenty fiveyearold woman there's nothing i'd rather be doing in a sunday than cleaning the kitchen bins and fridge,1,M1,sarcastic,not_sarcastic,not_sarcastic,not_sarcastic,not_sarcastic,not_sarcastic,12,61,False,False,False,0.0,-0.5719,flat_delivery_candidate,
test-00200,4,i hate homework,4 more assignments wooo college is so fun,1,M1,sarcastic,not_sarcastic,not_sarcastic,not_sarcastic,not_sarcastic,not_sarcastic,3,15,False,False,False,0.0,-0.5719,flat_delivery_candidate;short_ambiguous_candidate,
test-00200,5,i hate college assignments,4 more assignments wooo college is so fun,1,M1,sarcastic,not_sarcastic,not_sarcastic,not_sarcastic,not_sarcastic,not_sarcastic,4,26,False,False,False,0.0,-0.5719,flat_delivery_candidate;short_ambiguous_candidate,
test-00084,4,there is a lack of school supplies,but hey at least we have new markers,1,M1,sarcastic,not_sarcastic,not_sarcastic,not_sarcastic,not_sarcastic,not_sarcastic,7,34,False,False,False,0.0,-0.3182,flat_delivery_candidate,
test-00201,7,this traffic is horrible it's taking forever to get home,4 fouls totally uncharacteristic of him he doesn't get to the line what use he is,1,M1,sarcastic,not_sarcastic,not_sarcastic,not_sarcastic,not_sarcastic,not_sarcastic,10,56,False,False,False,0.0,-0.5423,flat_delivery_candidate,
test-00083,2,we're not safe,but remember guys our idiotic country believes people kill people so we're safe,1,M1,sarcastic,not_sarcastic,not_sarcastic,not_sarcastic,not_sarcastic,not_sarcastic,3,14,False,False,False,0.0,-0.3412,flat_delivery_candidate;short_ambiguous_candidate,
test-00202,2,this traffic is horrible it's taking forever to get home,30 mins to move 200 yds this is a fun journey home,1,M1,sarcastic,not_sarcastic,not_sarcastic,not_sarcastic,not_sarcastic,not_sarcastic,10,56,False,False,False,0.0,-0.5423,flat_delivery_candidate,
test-00083,1,we're not safe,but remember guys our idiotic country believes people kill people so we're safe,1,M1,sarcastic,not_sarcastic,not_sarcastic,not_sarcastic,not_sarcastic,not_sarcastic,3,14,False,False,False,0.0,-0.3412,flat_delivery_candidate;short_ambiguous_candidate,
test-00203,2,drunk driving should always be taken seriously,2 2 according to this logic should drunk driving incidents be considered as less serious ? maybe just get rid of the dui ?,1,M1,sarcastic,not_sarcastic,not_sarcastic,not_sarcastic,not_sarcastic,not_sarcastic,7,46,False,False,False,0.0,-0.4767,flat_delivery_candidate,
test-00078,2,just because blogs say mcgregor was fighting mayweather its not necessarily true,but but i thought mcgregor was fighting mayweather next ? the blogs said so sarcasm,1,M5,not_sarcastic,not_sarcastic,not_sarcastic,not_sarcastic,sarcastic,not_sarcastic,12,80,False,False,False,0.0,-0.5903,flat_delivery_candidate,
test-00078,1,mcgregor will not fight mayweather,but but i thought mcgregor was fighting mayweather next ? the blogs said so sarcasm,1,M1,sarcastic,not_sarcastic,not_sarcastic,not_sarcastic,not_sarcastic,not_sarcastic,5,34,False,False,False,0.0,0.2924,flat_delivery_candidate;short_ambiguous_candidate,
test-00104,4,i hate my size sometimes,best part about colossus is that you can never leave to pee because you're literally always short amp looking for a spot to get in,1,M1,sarcastic,not_sarcastic,not_sarcastic,not_sarcastic,not_sarcastic,not_sarcastic,5,24,False,False,False,0.0,-0.5719,flat_delivery_candidate;short_ambiguous_candidate,
test-00191,6,unhappy people going to ldn today,a beautiful start to the week lots of happy smiling people going to ldn today,1,M1,sarcastic,not_sarcastic,not_sarcastic,not_sarcastic,not_sarcastic,not_sarcastic,6,33,False,False,False,0.0,-0.4215,flat_delivery_candidate;short_ambiguous_candidate,
test-00206,4,i hate getting sunburned,2 sunburnt shoulders get in,1,M1,sarcastic,not_sarcastic,not_sarcastic,not_sarcastic,not_sarcastic,not_sarcastic,4,24,False,False,False,0.0,-0.5719,flat_delivery_candidate;short_ambiguous_candidate,
test-00131,5,worst weather to be driving to cambridge,at least it's great weather to be driving to cambridge in,1,M1,sarcastic,not_sarcastic,not_sarcastic,not_sarcastic,not_sarcastic,not_sarcastic,7,40,False,False,False,0.0,-0.6249,flat_delivery_candidate,
test-00129,4,i dislike the dentist,at the crazy christian dentist's for my cleaning date with the erin andrews clone yay,1,M1,sarcastic,not_sarcastic,not_sarcastic,not_sarcastic,not_sarcastic,not_sarcastic,4,21,False,False,False,0.0,-0.3818,flat_delivery_candidate;short_ambiguous_candidate,
test-00181,2,my team did the opposite of what i think they should do,a real mlber would know how to stop playing tok hard not staying within himself pressing smh bench him,1,M1,sarcastic,not_sarcastic,not_sarcastic,not_sarcastic,not_sarcastic,not_sarcastic,12,55,False,False,False,0.0,0.0,flat_delivery_candidate,
test-00181,4,players need to know when to call it quits,a real mlber would know how to stop playing tok hard not staying within himself pressing smh bench him,1,M1,sarcastic,not_sarcastic,not_sarcastic,not_sarcastic,not_sarcastic,not_sarcastic,9,42,False,False,False,0.0,0.0,flat_delivery_candidate,
test-00126,5,i hate doing audits,audits are a blast to do,1,M1,sarcastic,not_sarcastic,not_sarcastic,not_sarcastic,not_sarcastic,not_sarcastic,4,19,False,False,False,0.0,-0.5719,flat_delivery_candidate;short_ambiguous_candidate,
test-00126,4,i hate doing audits,audits are a blast to do,1,M1,sarcastic,not_sarcastic,not_sarcastic,not_sarcastic,not_sarcastic,not_sarcastic,4,19,False,False,False,0.0,-0.5719,flat_delivery_candidate;short_ambiguous_candidate,
test-00183,2,a bad long wait at the doctors is making me angry,a nice long wait in the doctors office should calm my nerves,1,M1,sarcastic,not_sarcastic,not_sarcastic,not_sarcastic,not_sarcastic,not_sarcastic,11,49,False,False,False,0.0,-0.7783,flat_delivery_candidate,
test-00184,2,a culture of hatred causes violence,a hate crime against sexual orientation of course nothing in the usa over the last 12 mths gave oxygen to his views,1,M1,sarcastic,not_sarcastic,not_sarcastic,not_sarcastic,not_sarcastic,not_sarcastic,6,35,False,False,False,0.0,-0.8519,flat_delivery_candidate;short_ambiguous_candidate,
test-00185,5,an annoying way of starting your monday is to wake up late,a great way of starting your monday is to wake up late,1,M6,not_sarcastic,not_sarcastic,not_sarcastic,not_sarcastic,not_sarcastic,sarcastic,12,58,False,False,False,0.0,-0.4019,flat_delivery_candidate,
test-00121,4,i hate being back home,back in huntsville always good to be back here where no one is and nothing ever happens ever,1,M1,sarcastic,not_sarcastic,not_sarcastic,not_sarcastic,not_sarcastic,not_sarcastic,5,22,False,False,False,0.0,-0.5719,flat_delivery_candidate;short_ambiguous_candidate,
test-00119,5,cooking vegan and gluten free cuisine is trending nowadays,bake off at work today if i lie and say my cake is ' vegan ' and ' gluten free ' does that automatically entitle me to win ?,1,M1,sarcastic,not_sarcastic,not_sarcastic,not_sarcastic,not_sarcastic,not_sarcastic,9,58,False,False,False,0.0,0.5106,flat_delivery_candidate;positive_surface_wording_candidate,
test-00117,4,people just want others to fall for what they're selling,be influential by being an influencer that influences people's influencing in an influential way buy my book,1,M2,not_sarcastic,sarcastic,not_sarcastic,not_sarcastic,not_sarcastic,not_sarcastic,10,56,False,False,False,0.0,0.0772,flat_delivery_candidate,
test-00115,2,don't say too much when you don't need to,because 4 lines is so much better when 2 would do,1,M1,sarcastic,not_sarcastic,not_sarcastic,not_sarcastic,not_sarcastic,not_sarcastic,9,41,False,False,False,0.0,0.0,flat_delivery_candidate,
test-00131,4,the weather isn't great today,at least it's great weather to be driving to cambridge in,1,M1,sarcastic,not_sarcastic,not_sarcastic,not_sarcastic,not_sarcastic,not_sarcastic,5,29,False,False,False,0.0,-0.5096,flat_delivery_candidate;short_ambiguous_candidate,
test-00113,5,because there's not much virtue to begin with in bigtime college athletics,because there's so much virtue to begin with in bigtime college athletics,1,M4,not_sarcastic,not_sarcastic,not_sarcastic,sarcastic,not_sarcastic,not_sarcastic,12,74,False,False,False,0.0,-0.3252,flat_delivery_candidate,
test-00108,1,i don't like being forgotten,being forgotten is awesome it makes me feel warm and fuzzy inside,1,M1,sarcastic,not_sarcastic,not_sarcastic,not_sarcastic,not_sarcastic,not_sarcastic,5,28,False,False,False,0.0,-0.1139,flat_delivery_candidate;short_ambiguous_candidate,
test-00113,3,because there's not much virtue to begin with in bigtime college athletics,because there's so much virtue to begin with in bigtime college athletics,1,M4,not_sarcastic,not_sarcastic,not_sarcastic,sarcastic,not_sarcastic,not_sarcastic,12,74,False,False,False,0.0,-0.3252,flat_delivery_candidate,
test-00111,3,been close to my computer so just wondering if there's nothing going on in the grain markets today ?,been away from my computer so just wondering if there's any thing going on in the grain markets today ?,1,M1,sarcastic,not_sarcastic,not_sarcastic,not_sarcastic,not_sarcastic,not_sarcastic,19,100,True,False,False,0.0,0.0,rhetorical_question_candidate,
test-00111,2,seems to be a lot of folks posting about the grains market,been away from my computer so just wondering if there's any thing going on in the grain markets today ?,1,M1,sarcastic,not_sarcastic,not_sarcastic,not_sarcastic,not_sarcastic,not_sarcastic,12,58,False,False,False,0.0,0.0,flat_delivery_candidate,
test-00111,1,been away from my computer so just wondering if there's any thing going on in the grain markets today ?,been away from my computer so just wondering if there's any thing going on in the grain markets today ?,1,M1,sarcastic,not_sarcastic,not_sarcastic,not_sarcastic,not_sarcastic,not_sarcastic,20,103,True,False,False,0.0,0.0,rhetorical_question_candidate,
test-00132,2,he was disgusted by my story,at a padres game and i'm trying to explain the fascinating history of cannibalism i learned today to k he's never loved me more,1,M1,sarcastic,not_sarcastic,not_sarcastic,not_sarcastic,not_sarcastic,not_sarcastic,6,28,False,False,False,0.0,-0.5267,flat_delivery_candidate;short_ambiguous_candidate,
test-00190,2,the clients letter was not nice at all,a client already pissed me off at early morning with his wonderful nice letter to me well the letter was under the belt line like,1,M1,sarcastic,not_sarcastic,not_sarcastic,not_sarcastic,not_sarcastic,not_sarcastic,8,38,False,False,False,0.0,-0.3252,flat_delivery_candidate,
test-00109,4,i hate religion and i hate how my parents are forcing their beliefs down on me,being born to your parents religion is the first time you agreed to teams and conditions without reading them,1,M2,not_sarcastic,sarcastic,not_sarcastic,not_sarcastic,not_sarcastic,not_sarcastic,16,78,False,False,False,0.0,-0.8126,flat_delivery_candidate,
test-00190,4,some clients need to treat people better,a client already pissed me off at early morning with his wonderful nice letter to me well the letter was under the belt line like,1,M1,sarcastic,not_sarcastic,not_sarcastic,not_sarcastic,not_sarcastic,not_sarcastic,7,40,False,False,False,0.0,0.6808,flat_delivery_candidate;positive_surface_wording_candidate,
test-00190,7,the clients letter was not nice at all,a client already pissed me off at early morning with his wonderful nice letter to me well the letter was under the belt line like,1,M1,sarcastic,not_sarcastic,not_sarcastic,not_sarcastic,not_sarcastic,not_sarcastic,8,38,False,False,False,0.0,-0.3252,flat_delivery_candidate,
test-00108,4,being forgotten makes me feel bad,being forgotten is awesome it makes me feel warm and fuzzy inside,1,M1,sarcastic,not_sarcastic,not_sarcastic,not_sarcastic,not_sarcastic,not_sarcastic,6,33,False,False,False,0.0,-0.6597,flat_delivery_candidate;short_ambiguous_candidate,
test-00190,9,some clients need to treat people better,a client already pissed me off at early morning with his wonderful nice letter to me well the letter was under the belt line like,1,M1,sarcastic,not_sarcastic,not_sarcastic,not_sarcastic,not_sarcastic,not_sarcastic,7,40,False,False,False,0.0,0.6808,flat_delivery_candidate;positive_surface_wording_candidate,
test-00191,1,unhappy people going to ldn today,a beautiful start to the week lots of happy smiling people going to ldn today,1,M1,sarcastic,not_sarcastic,not_sarcastic,not_sarcastic,not_sarcastic,not_sarcastic,6,33,False,False,False,0.0,-0.4215,flat_delivery_candidate;short_ambiguous_candidate,
test-00108,2,i hate being forgotten,being forgotten is awesome it makes me feel warm and fuzzy inside,1,M1,sarcastic,not_sarcastic,not_sarcastic,not_sarcastic,not_sarcastic,not_sarcastic,4,22,False,False,False,0.0,-0.6808,flat_delivery_candidate;short_ambiguous_candidate,
test-00076,4,they never called me,call me when you need me okay ?,1,M1,sarcastic,not_sarcastic,not_sarcastic,not_sarcastic,not_sarcastic,not_sarcastic,4,20,False,False,False,0.0,0.0,flat_delivery_candidate;short_ambiguous_candidate,
test-00076,2,i'm not going to be ok,call me when you need me okay ?,1,M1,sarcastic,not_sarcastic,not_sarcastic,not_sarcastic,not_sarcastic,not_sarcastic,6,22,False,False,False,0.0,0.296,flat_delivery_candidate;short_ambiguous_candidate,
test-00037,5,i hate leaving my friends and family,cool cause moving and leaving my friends and family is sooooooo at the top of my list,1,M1,sarcastic,not_sarcastic,not_sarcastic,not_sarcastic,not_sarcastic,not_sarcastic,7,36,False,False,False,0.0,-0.1531,flat_delivery_candidate,
test-00050,4,i hate cleaning the bathroom,cleaning the bathroom what joy i feel,1,M1,sarcastic,not_sarcastic,not_sarcastic,not_sarcastic,not_sarcastic,not_sarcastic,5,28,False,False,False,0.0,-0.5719,flat_delivery_candidate;short_ambiguous_candidate,
test-00057,4,this person is obnoxious,charisma personified on stage in the grand arcade,1,M1,sarcastic,not_sarcastic,not_sarcastic,not_sarcastic,not_sarcastic,not_sarcastic,4,24,False,False,False,0.0,-0.4588,flat_delivery_candidate;short_ambiguous_candidate,
test-00056,4,chase is not as popular as he thinks,chase utley is ny's most popular visiting player,1,M5,not_sarcastic,not_sarcastic,not_sarcastic,not_sarcastic,sarcastic,not_sarcastic,8,36,False,False,False,0.0,-0.3252,flat_delivery_candidate,
test-00169,2,it's not fun at all,ain't it fun ? living in the real world ?,1,M1,sarcastic,not_sarcastic,not_sarcastic,not_sarcastic,not_sarcastic,not_sarcastic,5,19,False,False,False,0.0,-0.4023,flat_delivery_candidate;short_ambiguous_candidate,
test-00145,4,i hate work,another night of work oh the joy,1,M1,sarcastic,not_sarcastic,not_sarcastic,not_sarcastic,not_sarcastic,not_sarcastic,3,11,False,False,False,0.0,-0.5719,flat_delivery_candidate;short_ambiguous_candidate,
test-00054,3,child's observation mom laughs at dad's joke only when we have guests at home otherwise she gets angry,child's observation if mom laugh at dad's joke thn we have guests,1,M1,sarcastic,not_sarcastic,not_sarcastic,not_sarcastic,not_sarcastic,not_sarcastic,18,102,False,False,False,0.0,0.2732,flat_delivery_candidate,
test-00168,9,the world is pretty bad,aint that much shit in the world,1,M6,not_sarcastic,not_sarcastic,not_sarcastic,not_sarcastic,not_sarcastic,sarcastic,5,23,False,False,False,0.0,-0.0772,flat_delivery_candidate;short_ambiguous_candidate,
test-00053,1,choosing a player just because of his team is not a good idea,choosing a player who has been out injured all season because he plays for arsenal is the first step for success drink beer instead,1,M1,sarcastic,not_sarcastic,not_sarcastic,not_sarcastic,not_sarcastic,not_sarcastic,13,61,False,False,False,0.0,-0.3412,flat_delivery_candidate,
test-00052,5,chronic back pains and i have to go see a specialist soon for my back,chronic back pains and i have to go see a specialist soon for my back how great is that lol,1,M1,sarcastic,not_sarcastic,not_sarcastic,not_sarcastic,not_sarcastic,not_sarcastic,15,69,False,False,False,0.0,-0.4215,flat_delivery_candidate,
test-00051,4,my supervisor wasn't helpful,clean files and saw notes from old job my supervisor at the time taught me so much how to not treat people i should thank him,1,M1,sarcastic,not_sarcastic,not_sarcastic,not_sarcastic,not_sarcastic,not_sarcastic,4,28,False,False,False,0.0,-0.3252,flat_delivery_candidate;short_ambiguous_candidate,
test-00050,10,i hate cleaning the bathroom,cleaning the bathroom what joy i feel,1,M1,sarcastic,not_sarcastic,not_sarcastic,not_sarcastic,not_sarcastic,not_sarcastic,5,28,False,False,False,0.0,-0.5719,flat_delivery_candidate;short_ambiguous_candidate,
test-00050,9,i hate cleaning the bathroom,cleaning the bathroom what joy i feel,1,M1,sarcastic,not_sarcastic,not_sarcastic,not_sarcastic,not_sarcastic,not_sarcastic,5,28,False,False,False,0.0,-0.5719,flat_delivery_candidate;short_ambiguous_candidate,
test-00050,8,cleaning the bathroom really annoying,cleaning the bathroom what joy i feel,1,M1,sarcastic,not_sarcastic,not_sarcastic,not_sarcastic,not_sarcastic,not_sarcastic,5,37,False,False,False,0.0,-0.4576,flat_delivery_candidate;short_ambiguous_candidate,
test-00050,5,i hate cleaning the bathroom,cleaning the bathroom what joy i feel,1,M1,sarcastic,not_sarcastic,not_sarcastic,not_sarcastic,not_sarcastic,not_sarcastic,5,28,False,False,False,0.0,-0.5719,flat_delivery_candidate;short_ambiguous_candidate,
test-00050,3,cleaning the bathroom really annoying,cleaning the bathroom what joy i feel,1,M1,sarcastic,not_sarcastic,not_sarcastic,not_sarcastic,not_sarcastic,not_sarcastic,5,37,False,False,False,0.0,-0.4576,flat_delivery_candidate;short_ambiguous_candidate,
test-00221,5,forgot to tag it,forgot to tag it,1,M1,sarcastic,not_sarcastic,not_sarcastic,not_sarcastic,not_sarcastic,not_sarcastic,4,16,False,False,False,0.0,0.0,flat_delivery_candidate;short_ambiguous_candidate,
test-00047,4,i skipped that guy in my fantasy league,clearly we all took fulmer right ?,1,M1,sarcastic,not_sarcastic,not_sarcastic,not_sarcastic,not_sarcastic,not_sarcastic,8,39,False,False,False,0.0,0.0,flat_delivery_candidate,
test-00047,2,we did not,clearly we all took fulmer right ?,1,M1,sarcastic,not_sarcastic,not_sarcastic,not_sarcastic,not_sarcastic,not_sarcastic,3,10,False,False,False,0.0,0.0,flat_delivery_candidate;short_ambiguous_candidate,
test-00168,4,the world is pretty bad,aint that much shit in the world,1,M6,not_sarcastic,not_sarcastic,not_sarcastic,not_sarcastic,not_sarcastic,sarcastic,5,23,False,False,False,0.0,-0.0772,flat_delivery_candidate;short_ambiguous_candidate,
test-00233,4,people need to get their priorities straight when addressing issues,clearly lgbt people in bathrooms are a danger to public safety definitely not the people that shoot innocent club patrons,1,M1,sarcastic,not_sarcastic,not_sarcastic,not_sarcastic,not_sarcastic,not_sarcastic,10,67,False,False,False,0.0,0.2263,flat_delivery_candidate,
test-00234,4,i like to joke around,at its finest,1,M1,sarcastic,not_sarcastic,not_sarcastic,not_sarcastic,not_sarcastic,not_sarcastic,5,21,False,False,False,0.0,0.5719,flat_delivery_candidate;positive_surface_wording_candidate;short_ambiguous_candidate,
test-00045,2,i love clevinger,clevinger makes me throw up,1,M1,sarcastic,not_sarcastic,not_sarcastic,not_sarcastic,not_sarcastic,not_sarcastic,3,16,False,False,False,0.0,0.6369,flat_delivery_candidate;positive_surface_wording_candidate;short_ambiguous_candidate,
test-00045,1,i hate clevinger,clevinger makes me throw up,1,M1,sarcastic,not_sarcastic,not_sarcastic,not_sarcastic,not_sarcastic,not_sarcastic,3,16,False,False,False,0.0,-0.5719,flat_delivery_candidate;short_ambiguous_candidate,
test-00042,5,disgusted with comcast,comcast flat refuses to change my network traffic routing glad to see their end product has improved,1,M1,sarcastic,not_sarcastic,not_sarcastic,not_sarcastic,not_sarcastic,not_sarcastic,3,22,False,False,False,0.0,-0.5267,flat_delivery_candidate;short_ambiguous_candidate,
test-00041,5,i hate commuting,commuting is fun,1,M1,sarcastic,not_sarcastic,not_sarcastic,not_sarcastic,not_sarcastic,not_sarcastic,3,16,False,False,False,0.0,-0.5719,flat_delivery_candidate;short_ambiguous_candidate,
test-00041,4,i hate commuting,commuting is fun,1,M1,sarcastic,not_sarcastic,not_sarcastic,not_sarcastic,not_sarcastic,not_sarcastic,3,16,False,False,False,0.0,-0.5719,flat_delivery_candidate;short_ambiguous_candidate,
test-00041,3,commuting is not fun,commuting is fun,1,M6,not_sarcastic,not_sarcastic,not_sarcastic,not_sarcastic,not_sarcastic,sarcastic,4,20,False,False,False,0.0,-0.4023,flat_delivery_candidate;short_ambiguous_candidate,
test-00041,2,commuting is not fun,commuting is fun,1,M6,not_sarcastic,not_sarcastic,not_sarcastic,not_sarcastic,not_sarcastic,sarcastic,4,20,False,False,False,0.0,-0.4023,flat_delivery_candidate;short_ambiguous_candidate,
test-00041,1,commuting is not fun,commuting is fun,1,M6,not_sarcastic,not_sarcastic,not_sarcastic,not_sarcastic,not_sarcastic,sarcastic,4,20,False,False,False,0.0,-0.4023,flat_delivery_candidate;short_ambiguous_candidate,
test-00058,2,jones screwed that header up pretty bad,champions league quality header by jermaine jones there,1,M1,sarcastic,not_sarcastic,not_sarcastic,not_sarcastic,not_sarcastic,not_sarcastic,7,39,False,False,False,0.0,-0.5423,flat_delivery_candidate,
test-00221,4,forgot to tag it,forgot to tag it,1,M1,sarcastic,not_sarcastic,not_sarcastic,not_sarcastic,not_sarcastic,not_sarcastic,4,16,False,False,False,0.0,0.0,flat_delivery_candidate;short_ambiguous_candidate,
test-00075,4,i hate when people ignore me,calls getting ignored lol don't that mean you doing some good,1,M1,sarcastic,not_sarcastic,not_sarcastic,not_sarcastic,not_sarcastic,not_sarcastic,6,28,False,False,False,0.0,-0.7351,flat_delivery_candidate;short_ambiguous_candidate,
test-00161,3,i remembered j r smith play for the cavs,almost forgot j r smith played for the cavs,1,M1,sarcastic,not_sarcastic,not_sarcastic,not_sarcastic,not_sarcastic,not_sarcastic,9,40,False,False,False,0.0,0.34,flat_delivery_candidate;positive_surface_wording_candidate,
test-00075,2,i think i'm being ignored for something i've done,calls getting ignored lol don't that mean you doing some good,1,M1,sarcastic,not_sarcastic,not_sarcastic,not_sarcastic,not_sarcastic,not_sarcastic,9,49,False,False,False,0.0,-0.3182,flat_delivery_candidate,
test-00074,5,this week has been the worst,can this week get any better ?,1,M5,not_sarcastic,not_sarcastic,not_sarcastic,not_sarcastic,sarcastic,not_sarcastic,6,28,False,False,False,0.0,-0.6249,flat_delivery_candidate;short_ambiguous_candidate,
test-00073,5,the racists should always be condemned,can we send the racists to africa amp they have help make africa great again lt for realz,1,M1,sarcastic,not_sarcastic,not_sarcastic,not_sarcastic,not_sarcastic,not_sarcastic,6,38,False,False,False,0.0,-0.7506,flat_delivery_candidate;short_ambiguous_candidate,
test-00073,1,i don't like racists,can we send the racists to africa amp they have help make africa great again lt for realz,1,M1,sarcastic,not_sarcastic,not_sarcastic,not_sarcastic,not_sarcastic,not_sarcastic,4,20,False,False,False,0.0,0.1877,flat_delivery_candidate;short_ambiguous_candidate,
test-00072,2,lebron carried the team,can you imagine if lebron had help ?,1,M1,sarcastic,not_sarcastic,not_sarcastic,not_sarcastic,not_sarcastic,not_sarcastic,4,23,False,False,False,0.0,0.0,flat_delivery_candidate;short_ambiguous_candidate,
test-00210,2,i wasn't happy with the game turnout,1 hit yankee wins are the best wins,1,M1,sarcastic,not_sarcastic,not_sarcastic,not_sarcastic,not_sarcastic,not_sarcastic,7,36,False,False,False,0.0,-0.4585,flat_delivery_candidate,
test-00069,2,i don't like that other people are having fun while i have stuff to do,can't wait for the snaps of people going out for the next two weeks whilst surrey still has exams,1,M1,sarcastic,not_sarcastic,not_sarcastic,not_sarcastic,not_sarcastic,not_sarcastic,15,70,False,False,False,0.0,0.2937,flat_delivery_candidate,
test-00068,4,players miss the three point shot far too often,can't wait for the three point contest in the nba finals,1,M1,sarcastic,not_sarcastic,not_sarcastic,not_sarcastic,not_sarcastic,not_sarcastic,9,47,False,False,False,0.0,-0.1531,flat_delivery_candidate,
test-00067,5,i hate my coworker talking game shit at the workplace,can't wait to go into work so all my coworkers can talk shit to me about game 7,1,M1,sarcastic,not_sarcastic,not_sarcastic,not_sarcastic,not_sarcastic,not_sarcastic,10,53,False,False,False,0.0,-0.8074,flat_delivery_candidate,
test-00067,4,sport fans are relentless,can't wait to go into work so all my coworkers can talk shit to me about game 7,1,M1,sarcastic,not_sarcastic,not_sarcastic,not_sarcastic,not_sarcastic,not_sarcastic,4,25,False,False,False,0.0,0.0516,flat_delivery_candidate;short_ambiguous_candidate,
test-00067,2,i don't want to go to work and listen to them at all,can't wait to go into work so all my coworkers can talk shit to me about game 7,1,M1,sarcastic,not_sarcastic,not_sarcastic,not_sarcastic,not_sarcastic,not_sarcastic,13,52,False,False,False,0.0,-0.0572,flat_delivery_candidate,
test-00066,4,sport fans can get annoying with their showboating,can't wait to hear yinzers talk about crosby amp malkin stinking for the next two days,1,M1,sarcastic,not_sarcastic,not_sarcastic,not_sarcastic,not_sarcastic,not_sarcastic,8,50,False,False,False,0.0,-0.4019,flat_delivery_candidate,
test-00066,2,i don't want to hear it at all,can't wait to hear yinzers talk about crosby amp malkin stinking for the next two days,1,M1,sarcastic,not_sarcastic,not_sarcastic,not_sarcastic,not_sarcastic,not_sarcastic,8,30,False,False,False,0.0,-0.0572,flat_delivery_candidate,
test-00213,4,my love life is a disaster,sometimes it just feels like only in movies that your crush will fall in love with you too,1,M6,not_sarcastic,not_sarcastic,not_sarcastic,not_sarcastic,not_sarcastic,sarcastic,6,26,False,False,False,0.0,0.0258,flat_delivery_candidate;short_ambiguous_candidate,
test-00221,3,forgot to tag it,forgot to tag it,1,M1,sarcastic,not_sarcastic,not_sarcastic,not_sarcastic,not_sarcastic,not_sarcastic,4,16,False,False,False,0.0,0.0,flat_delivery_candidate;short_ambiguous_candidate,
test-00214,1,i hate when customers make me repeat myself,i just love when customers make me repeat myself,1,M1,sarcastic,not_sarcastic,not_sarcastic,not_sarcastic,not_sarcastic,not_sarcastic,8,43,False,False,False,0.0,-0.5719,flat_delivery_candidate,
test-00214,2,i hate it when customers make me repeat myself,i just love when customers make me repeat myself,1,M1,sarcastic,not_sarcastic,not_sarcastic,not_sarcastic,not_sarcastic,not_sarcastic,9,46,False,False,False,0.0,-0.5719,flat_delivery_candidate,
test-00215,4,i heard a noise and i got scared,awake cause it sounds like there's a fucking demon in my house totally planned on dying before ben goes out to dinner tonight,1,M1,sarcastic,not_sarcastic,not_sarcastic,not_sarcastic,not_sarcastic,not_sarcastic,8,32,False,False,False,0.0,-0.4404,flat_delivery_candidate,
test-00171,1,i hate it when no one cares,ahh the sweet sound of ' zero cares given ' by others,1,M2,not_sarcastic,sarcastic,not_sarcastic,not_sarcastic,not_sarcastic,not_sarcastic,7,27,False,False,False,0.0,-0.4404,flat_delivery_candidate,
test-00064,1,i don't want to see my dad's cousin,can't wait to see my dad's cousin that invited herself to my party tomorrow,1,M1,sarcastic,not_sarcastic,not_sarcastic,not_sarcastic,not_sarcastic,not_sarcastic,8,35,False,False,False,0.0,-0.0572,flat_delivery_candidate,
test-00063,4,i'm not looking forward to tomorrow,cant wait until tomorrow,1,M1,sarcastic,not_sarcastic,not_sarcastic,not_sarcastic,not_sarcastic,not_sarcastic,6,35,False,False,False,0.0,0.0,flat_delivery_candidate;short_ambiguous_candidate,
test-00141,1,i don't know how to pick them,i have looked back at my ex's and said to myself i sure know how to pick em smdh,1,M1,sarcastic,not_sarcastic,not_sarcastic,not_sarcastic,not_sarcastic,not_sarcastic,7,29,False,False,False,0.0,0.0,flat_delivery_candidate,
test-00141,2,i don't know how to pick them,i have looked back at my ex's and said to myself i sure know how to pick em smdh,1,M1,sarcastic,not_sarcastic,not_sarcastic,not_sarcastic,not_sarcastic,not_sarcastic,7,29,False,False,False,0.0,0.0,flat_delivery_candidate,
test-00141,4,i've made some bad choices in boyfriends,i have looked back at my ex's and said to myself i sure know how to pick em smdh,1,M6,not_sarcastic,not_sarcastic,not_sarcastic,not_sarcastic,not_sarcastic,sarcastic,7,40,False,False,False,0.0,-0.5423,flat_delivery_candidate,
test-00219,4,i am not a fan of neymar,neymar will be just fine,1,M1,sarcastic,not_sarcastic,not_sarcastic,not_sarcastic,not_sarcastic,not_sarcastic,7,24,False,False,False,0.0,-0.2411,flat_delivery_candidate,
test-00142,1,roots is not making me feel better,anyway y'all carry on back to roots cause that's making me feel even better,1,M1,sarcastic,not_sarcastic,not_sarcastic,not_sarcastic,not_sarcastic,not_sarcastic,7,34,False,False,False,0.0,0.4404,flat_delivery_candidate;positive_surface_wording_candidate,
test-00221,1,forgot to tag it,forgot to tag it,1,M1,sarcastic,not_sarcastic,not_sarcastic,not_sarcastic,not_sarcastic,not_sarcastic,4,16,False,False,False,0.0,0.0,flat_delivery_candidate;short_ambiguous_candidate,
test-00221,2,forgot to tag it,forgot to tag it,1,M1,sarcastic,not_sarcastic,not_sarcastic,not_sarcastic,not_sarcastic,not_sarcastic,4,16,False,False,False,0.0,0.0,flat_delivery_candidate;short_ambiguous_candidate,
test-00161,1,jr smith plays for the cavs,almost forgot j r smith played for the cavs,1,M1,sarcastic,not_sarcastic,not_sarcastic,not_sarcastic,not_sarcastic,not_sarcastic,6,27,False,False,False,0.0,0.25,flat_delivery_candidate;short_ambiguous_candidate,
