example_id,family_id,role,interp_index,text,label
train-00001-orig,train-00001,original,0,best day of my life,sarcastic
train-00001-interp1,train-00001,interpretation,1,worst day of my life,not_sarcastic
train-00001-interp2,train-00001,interpretation,2,worst day of my life,not_sarcastic
train-00002-orig,train-00002,original,0,conspiracy theory election announcement on the same day as the logies to make us all really confused what ? did we vote already ?,sarcastic
train-00002-interp1,train-00002,interpretation,1,conspiracy theory election announcement on the same day as the logies to make us all really confused after we already voted,not_sarcastic
train-00002-interp2,train-00002,interpretation,2,conspiracy theory election announcement on the same day as the logies to make us all really confused come on we haven't voted,not_sarcastic
train-00003-orig,train-00003,original,0,love how a lot of ppl quit clash for agar io,sarcastic
train-00003-interp1,train-00003,interpretation,1,hate how a lot of ppl quit clash for agar io,not_sarcastic
train-00003-interp2,train-00003,interpretation,2,hate how a lot of people quit clash for agar,not_sarcastic
train-00004-orig,train-00004,original,0,best day of my life!,sarcastic
train-00004-interp1,train-00004,interpretation,1,worst day of my life!,not_sarcastic
train-00004-interp2,train-00004,interpretation,2,worst day of my life,not_sarcastic
train-00005-orig,train-00005,original,0,with lyft and uber gone i guess everyone will have to go back to the transportation of last year life's over,sarcastic
train-00005-interp1,train-00005,interpretation,1,with lyft and uber gone i guess everyone will have to go back to the transportation of last year the times of enjoyment has ended,not_sarcastic
train-00005-interp2,train-00005,interpretation,2,with lyft and uber gone i guess everyone will have to go back to yesteryears ' transportation life begins again,not_sarcastic
train-00006-orig,train-00006,original,0,did bartolo colon hit a hr tonight ? i didnt see it mentioned anywhere on twitter ?,sarcastic
train-00006-interp1,train-00006,interpretation,1,did bartolo colon hit a hr tonight ? it was mentioned everywhere on twitter,not_sarcastic
train-00006-interp2,train-00006,interpretation,2,did bartolo colon go underground on hr tonight ? i didnt see it mentioned anywhere on twitter,not_sarcastic
train-00007-orig,train-00007,original,0,shoutout to everybody in lafayette and houma poppin they pussy downtown you the real mvp,sarcastic
train-00007-interp1,train-00007,interpretation,1,shoutout to everybody in lafayette and houma poppin they pussy downtown you the real mvp,not_sarcastic
train-00007-interp2,train-00007,interpretation,2,big shame to everybody in lafayette and houma poppin they pussy downtown you are a real disgrace,not_sarcastic
train-00008-orig,train-00008,original,0,not everyone is as lucky as me i get to spend all summer on a big gray cruise ship wooooo,sarcastic
train-00008-interp1,train-00008,interpretation,1,i am not as lucky as as everyone i never get the chance to spend summer on a big gray cruise ship,not_sarcastic
train-00008-interp2,train-00008,interpretation,2,not everyone is as unlucky as me i get to spend all summer on a big gray cruise ship wooooo,not_sarcastic
train-00009-orig,train-00009,original,0,just bullshitting around until i am doing great,sarcastic
train-00009-interp1,train-00009,interpretation,1,just getting so serious until i am doing great,not_sarcastic
train-00009-interp2,train-00009,interpretation,2,just bullshitting around until i am become undignified,not_sarcastic
train-00010-orig,train-00010,original,0,oh i've not realized that my father was the infallible god my whole life how amazing,sarcastic
train-00010-interp1,train-00010,interpretation,1,oh i have realized that my father was the infallible god how amazing,not_sarcastic
train-00010-interp2,train-00010,interpretation,2,oh lord i've not realized that my father was fallible my whole life how shocking,not_sarcastic
train-00011-orig,train-00011,original,0,really don't know what i'd do without you,sarcastic
train-00011-interp1,train-00011,interpretation,1,truly i will do just fine without you,not_sarcastic
train-00011-interp2,train-00011,interpretation,2,wow at least i can work comfortably without you,not_sarcastic
train-00012-orig,train-00012,original,0,no text no watsapp no new mail in my mail box wen i got up in the morning what's happening to this world or am i unfriendly ?,sarcastic
train-00012-interp1,train-00012,interpretation,1,a lot of text a lot of whatsapp a many new mail in my mail box wen i got up in the morning what a world or am i so friendly ?,not_sarcastic
train-00012-interp2,train-00012,interpretation,2,no text no watsapp no new mail in my mail box wen i got up in the morning what's happening to this world or am i unfriendly ?,not_sarcastic
train-00013-orig,train-00013,original,0,oh yay looks like australia is heading to the election booth early july here comes 8 annoying weeks of campaigning,sarcastic
train-00013-interp1,train-00013,interpretation,1,oh no looks like australia is heading to the election booth early july here comes 8 annoying weeks of campaigning,not_sarcastic
train-00013-interp2,train-00013,interpretation,2,oh yay looks like australia is heading to the election booth early july here come 8 interesting weeks of campaigning,not_sarcastic
train-00014-orig,train-00014,original,0,yeah uber and lyft are overrated in a traffic nightmare urban sprawl city like austin government oversight wins,sarcastic
train-00014-interp1,train-00014,interpretation,1,yeah uber and lyft are overrated in a traffic nightmare urban sprawl city like austin government oversight lose,not_sarcastic
train-00014-interp2,train-00014,interpretation,2,yeah uber and lyft are overrated in a traffic nightmare urban sprawl city like austin government oversight loses,not_sarcastic
train-00015-orig,train-00015,original,0,embarrassing yourself to a well respected business owner is a great way to start networking,sarcastic
train-00015-interp1,train-00015,interpretation,1,presenting yourself well to a well respected business owner is a great way to start networking,not_sarcastic
train-00015-interp2,train-00015,interpretation,2,embarrassing yourself to a well respected business owner is a bad way to start networking,not_sarcastic
train-00016-orig,train-00016,original,0,hey maybe we can get back kei,sarcastic
train-00016-interp1,train-00016,interpretation,1,hey we cant get back kei,not_sarcastic
train-00016-interp2,train-00016,interpretation,2,hey we'll never get back kei,not_sarcastic
train-00017-orig,train-00017,original,0,nothing beats watering 8000 sqft of new sod can't think of anything i'd rather be doing on a saturday night,sarcastic
train-00017-interp1,train-00017,interpretation,1,nothing beats watering 8000 sqft of new sod have better things to do with my time,not_sarcastic
train-00017-interp2,train-00017,interpretation,2,nothing worse than watering 8000 sqft of new sod can't think of anything i'd rather be doing on a saturday night,not_sarcastic
train-00018-orig,train-00018,original,0,yeah let's sit murray next game he's the only thing keeping us from going down any more goals right now,sarcastic
train-00018-interp1,train-00018,interpretation,1,not interested in murray next game he's the only thing bringing us down,not_sarcastic
train-00018-interp2,train-00018,interpretation,2,yeah let's sit murray next game he's the only thing that makes us concede more goals,not_sarcastic
train-00019-orig,train-00019,original,0,wow these calls aren't one sided or anything fuck the refs fuck the caps,sarcastic
train-00019-interp1,train-00019,interpretation,1,shit these calls are one sided fuck the refs fuck the caps,not_sarcastic
train-00019-interp2,train-00019,interpretation,2,oh no these calls are onesided fuck the refs fuck the caps,not_sarcastic
train-00020-orig,train-00020,original,0,oh wow thanks for invite i totally didn't ask you to hang out this weekend or anything,sarcastic
train-00020-interp1,train-00020,interpretation,1,oh wow thanks for invite i totally did ask you to hang out this weekend,not_sarcastic
train-00020-interp2,train-00020,interpretation,2,i'm sorry to turn down the invite i wished you aren't hanging out this weekend,not_sarcastic
train-00021-orig,train-00021,original,0,s o to the girl that tripped me during 100 m hurdles amp didn't apologize my ankle feels great btw,sarcastic
train-00021-interp1,train-00021,interpretation,1,s o to the girl that tripped me during 100 m hurdles amp didn't apologize my ankle hurt's badly btw,not_sarcastic
train-00021-interp2,train-00021,interpretation,2,damn imgn the girl tripped me during 100 m hurdles amp didn't apologize my ankle feels sad btw,not_sarcastic
train-00022-orig,train-00022,original,0,hate fuelled insomnia is the best,sarcastic
train-00022-interp1,train-00022,interpretation,1,hate fuelled insomnia is the worst,not_sarcastic
train-00022-interp2,train-00022,interpretation,2,hate fuelled insomnia is the worst,not_sarcastic
train-00023-orig,train-00023,original,0,another junior report i just love those things,sarcastic
train-00023-interp1,train-00023,interpretation,1,another junior report i hate those things,not_sarcastic
train-00023-interp2,train-00023,interpretation,2,another junior report i just hate those things,not_sarcastic
train-00024-orig,train-00024,original,0,chikfila is always so generous with their ketchup,sarcastic
train-00024-interp1,train-00024,interpretation,1,chikfila is not generous with their ketchup,not_sarcastic
train-00024-interp2,train-00024,interpretation,2,chikfila is always so mean with their ketchup,not_sarcastic
train-00025-orig,train-00025,original,0,i was so excited to be done with finals but forgot how exciting saturday's are here,sarcastic
train-00025-interp1,train-00025,interpretation,1,i was so excited to be done with finals but forgot how boring saturday's are here,not_sarcastic
train-00025-interp2,train-00025,interpretation,2,i was so excited to be done with finals but forgot how excruciating saturday's are here,not_sarcastic
train-00026-orig,train-00026,original,0,hey hi i'm here to look pretty and insult your intelligence insert something insulting to your intelligence and hairflip here,sarcastic
train-00026-interp1,train-00026,interpretation,1,hey hi i'm here to look pretty and beat your imagination,not_sarcastic
train-00026-interp2,train-00026,interpretation,2,hey hi i'm here to look ugly and insult your intelligence insert something insulting to your intelligence and hairflip here,not_sarcastic
train-00027-orig,train-00027,original,0,no you're right danny espinosa was a far better option than ben zobrist,sarcastic
train-00027-interp1,train-00027,interpretation,1,no you're wrong danny espinosa was a far better option than ben zobrist,not_sarcastic
train-00027-interp2,train-00027,interpretation,2,no you're wrong ben zobrist was a far better option than danny espinosa,not_sarcastic
train-00028-orig,train-00028,original,0,that's right neighbour flick your cigarette ashes onto the dry grass beside your patio edmonton needs to burn like ft mcmurray,sarcastic
train-00028-interp1,train-00028,interpretation,1,that's right neighbour flick your cigarette ashes onto the dry grass beside your patio edmonton needs to burn like ft mcmurray,not_sarcastic
train-00028-interp2,train-00028,interpretation,2,that's wrong neighbour don't flick your cigarette ashes onto the dry grass beside your patio or hence edmonton will burn like ft mcmurray,not_sarcastic
train-00029-orig,train-00029,original,0,what joao is playing ? i didn't knew that,sarcastic
train-00029-interp1,train-00029,interpretation,1,i knew joao is playing,not_sarcastic
train-00029-interp2,train-00029,interpretation,2,what joao is playing ? who didn't know ?,not_sarcastic
train-00030-orig,train-00030,original,0,thank you sportscenter for letting me know who won the kentucky derby i was really wondering,sarcastic
train-00030-interp1,train-00030,interpretation,1,anyway thank you sportscenter for letting me know who won the kentucky derby i already know,not_sarcastic
train-00030-interp2,train-00030,interpretation,2,thank you sportscenter for letting me know who won the kentucky derby i was really wondering,not_sarcastic
train-00031-orig,train-00031,original,0,but since i must never know what i'm talking about,sarcastic
train-00031-interp1,train-00031,interpretation,1,but since i knew what i'm talking about,not_sarcastic
train-00031-interp2,train-00031,interpretation,2,but i must know what i'm talking about,not_sarcastic
train-00032-orig,train-00032,original,0,where is our 1000 woodford mint julep bit ? did i miss it ? damn,sarcastic
train-00032-interp1,train-00032,interpretation,1,where is our 1000 woodford mint julep bit ? did not get mine,not_sarcastic
train-00032-interp2,train-00032,interpretation,2,where is our 1000 woodford mint julep bit ? did i miss it ? damn,not_sarcastic
train-00033-orig,train-00033,original,0,jorge navarro is quite the trainer isn't he ? his horses can flat out run,sarcastic
train-00033-interp1,train-00033,interpretation,1,jorge navarro is quite the trainer isn't he ? his horses cant make moves,not_sarcastic
train-00033-interp2,train-00033,interpretation,2,jorge navarro is a poor the trainer isn't he ? his horses can flat out run,not_sarcastic
train-00034-orig,train-00034,original,0,she was only trying to make america great again,sarcastic
train-00034-interp1,train-00034,interpretation,1,she was only trying to bring america down again,not_sarcastic
train-00034-interp2,train-00034,interpretation,2,she was only trying to lower the status of america,not_sarcastic
train-00035-orig,train-00035,original,0,my no means no it's not yes even in sign language,sarcastic
train-00035-interp1,train-00035,interpretation,1,my no means no it's yes even in sign language,not_sarcastic
train-00035-interp2,train-00035,interpretation,2,my all means no it's not yes even in sign language,not_sarcastic
train-00036-orig,train-00036,original,0,established routine popsicle bed soup bed popsicle bed i'm super enjoying this whole being really sick thing,sarcastic
train-00036-interp1,train-00036,interpretation,1,established routine popsicle bed soup bed popsicle bed i'm super hating this whole being really sick thing,not_sarcastic
train-00036-interp2,train-00036,interpretation,2,established routine popsicle bed soup bed popsicle bed i hate this whole being really sick thing,not_sarcastic
train-00037-orig,train-00037,original,0,60 well spent then really,sarcastic
train-00037-interp1,train-00037,interpretation,1,60 wastefully spent,not_sarcastic
train-00037-interp2,train-00037,interpretation,2,a 60 squandered then really,not_sarcastic
train-00038-orig,train-00038,original,0,can't seem to remember things like that do you but then again you've never done anything bad to me have you ?,sarcastic
train-00038-interp1,train-00038,interpretation,1,can't seem to remember things like that do you but then again i remember all your bad deeds,not_sarcastic
train-00038-interp2,train-00038,interpretation,2,can't seem to remember things like that do you ? and yet you've done something bad to me have you ?,not_sarcastic
train-00039-orig,train-00039,original,0,thanks nbc for talking as much as possible about the derby during intermission of a hockey game don't preview pitwas or nshsjs,sarcastic
train-00039-interp1,train-00039,interpretation,1,thanks nbc for talking as much as possible about the derby during intermission of a hockey game please do preview pitwas or nshsjs,not_sarcastic
train-00039-interp2,train-00039,interpretation,2,bah nbc don't talk very much about the derby during intermission of a hockey game better preview pitwas or nshsjs,not_sarcastic
train-00040-orig,train-00040,original,0,all i want is world tour and perfect grades is this too much to ask for ?,sarcastic
train-00040-interp1,train-00040,interpretation,1,all i want is world tour and perfect grades is this hard to get ?,not_sarcastic
train-00040-interp2,train-00040,interpretation,2,all i want is world tour and perfect grades this isn't too much to ask for is it ?,not_sarcastic
train-00041-orig,train-00041,original,0,just found my old deviantart profile this is fun,sarcastic
train-00041-interp1,train-00041,interpretation,1,just found my old deviantart profile this is not fun,not_sarcastic
train-00041-interp2,train-00041,interpretation,2,just found my old deviant profile this is boring,not_sarcastic
train-00042-orig,train-00042,original,0,awww yeah nightmares that my new video i'm working on is gonna be hatedddd anxiety is the best,sarcastic
train-00042-interp1,train-00042,interpretation,1,awww yeah nightmares that my new video i'm working on is gonna be hatedddd anxiety is the worst,not_sarcastic
train-00042-interp2,train-00042,interpretation,2,awww yeah nightmares that my new video i'm working on is gonna be hated anxiety is the worst,not_sarcastic
train-00043-orig,train-00043,original,0,officially in utah yay,sarcastic
train-00043-interp1,train-00043,interpretation,1,officially in utah yay,not_sarcastic
train-00043-interp2,train-00043,interpretation,2,officially in utah yay,not_sarcastic
train-00044-orig,train-00044,original,0,you're really showin your effort,sarcastic
train-00044-interp1,train-00044,interpretation,1,you're really not making any effort,not_sarcastic
train-00044-interp2,train-00044,interpretation,2,you're not showing your effort,not_sarcastic
train-00045-orig,train-00045,original,0,nothing bothers me more than clients who are late and don't let you know i have nothing else to do but sit and wait nothing,sarcastic
train-00045-interp1,train-00045,interpretation,1,nothing bothers me more than clients who are late and don't let you know i have a lot to do than sit and wait,not_sarcastic
train-00045-interp2,train-00045,interpretation,2,nothing bothers me more than clients who are late and don't let you know i have a lot to do rather than sitting and waiting,not_sarcastic
train-00046-orig,train-00046,original,0,kids on roller skates in a pub not annoying at all,sarcastic
train-00046-interp1,train-00046,interpretation,1,kids on roller skates in a pub very annoying,not_sarcastic
train-00046-interp2,train-00046,interpretation,2,kids on roller skates in a pub very annoying indeed,not_sarcastic
train-00047-orig,train-00047,original,0,such a classy move by espinoza to put on that monster hat and pin before going on camera,sarcastic
train-00047-interp1,train-00047,interpretation,1,such an unprofessional move by espinoza to put on that monster hat and pin before going on camera,not_sarcastic
train-00047-interp2,train-00047,interpretation,2,such a weird move by espinoza to put on that monster hat and pin before going on camera,not_sarcastic
train-00048-orig,train-00048,original,0,i love it when people with privilege go i'm sorry you've failed to convince me that a situation is racist,sarcastic
train-00048-interp1,train-00048,interpretation,1,i hate it when people with privilege go i'm sorry you've failed to convince me that a situation is racist,not_sarcastic
train-00048-interp2,train-00048,interpretation,2,i feel bad when people with privilege go i'm sorry you've failed to convince me that a situation is racist,not_sarcastic
train-00049-orig,train-00049,original,0,nothing says happy mothers day like giving a discount to your products because mom's bodies are awful,sarcastic
train-00049-interp1,train-00049,interpretation,1,the worst way to saybhappy mothers day is giving a discount to your products because mom's bodies are awful,not_sarcastic
train-00049-interp2,train-00049,interpretation,2,giving a discount to your products is not necessarily a wat of saying happy mothers day,not_sarcastic
train-00050-orig,train-00050,original,0,on call visits are always fun,sarcastic
train-00050-interp1,train-00050,interpretation,1,on call visits are always boring,not_sarcastic
train-00050-interp2,train-00050,interpretation,2,on call visits are always boring,not_sarcastic
train-00051-orig,train-00051,original,0,terry got sent off ? maybe hiddink needs to have more control over his players,sarcastic
train-00051-interp1,train-00051,interpretation,1,terry got sent off ? maybe hiddink needs to have more control over his players,not_sarcastic
train-00051-interp2,train-00051,interpretation,2,terry got sent off ? hiddink needs to have more control over his players,not_sarcastic
train-00052-orig,train-00052,original,0,can you sense the yet,sarcastic
train-00052-interp1,train-00052,interpretation,1,you can sense the right ?,not_sarcastic
train-00052-interp2,train-00052,interpretation,2,can't you sense them yet ?,not_sarcastic
train-00053-orig,train-00053,original,0,apparantly when it rains my tv doesn't work excellent,sarcastic
train-00053-interp1,train-00053,interpretation,1,apparantly when it rains my tv doesn't work awful,not_sarcastic
train-00053-interp2,train-00053,interpretation,2,apparantly when it rains my tv doesn't work annoying,not_sarcastic
train-00054-orig,train-00054,original,0,i dun gv a damn man didnt know we r always in yur mind thx,sarcastic
train-00054-interp1,train-00054,interpretation,1,i dun gv a damn man knew we r always not in yur mind thx,not_sarcastic
train-00054-interp2,train-00054,interpretation,2,i dun gv a damn man didnt know we r always in yur mind damn,not_sarcastic
train-00055-orig,train-00055,original,0,truly amaze me,sarcastic
train-00055-interp1,train-00055,interpretation,1,never amaze me,not_sarcastic
train-00055-interp2,train-00055,interpretation,2,truly annoy me,not_sarcastic
train-00056-orig,train-00056,original,0,i am shocked that laremy tunsil is late to his press conference,sarcastic
train-00056-interp1,train-00056,interpretation,1,i am not shocked that laremy tunsil is late to his press conferences,not_sarcastic
train-00056-interp2,train-00056,interpretation,2,i am shocked that laremy tunsil is late to his press conference,not_sarcastic
train-00057-orig,train-00057,original,0,jesus i think it might be raining up here,sarcastic
train-00057-interp1,train-00057,interpretation,1,jesus never knew it will be raining up here,not_sarcastic
train-00057-interp2,train-00057,interpretation,2,jesus i think it might be drying up here,not_sarcastic
train-00058-orig,train-00058,original,0,felt good to be ditched yesterday,sarcastic
train-00058-interp1,train-00058,interpretation,1,felt badto be ditched yesterday,not_sarcastic
train-00058-interp2,train-00058,interpretation,2,felt sad to be ditched yesterday,not_sarcastic
train-00059-orig,train-00059,original,0,simon kelly looks fit,sarcastic
train-00059-interp1,train-00059,interpretation,1,simon kelly does not look fit,not_sarcastic
train-00059-interp2,train-00059,interpretation,2,simon kelly looks unfit,not_sarcastic
train-00060-orig,train-00060,original,0,love random guys to share their tinder conquests with me,sarcastic
train-00060-interp1,train-00060,interpretation,1,hate random guys sharing their tinder conquests with me,not_sarcastic
train-00060-interp2,train-00060,interpretation,2,don't like random guys to share their tinder conquests with me,not_sarcastic
train-00061-orig,train-00061,original,0,it's moving weekend again yay,sarcastic
train-00061-interp1,train-00061,interpretation,1,it's duling weekend again oh no,not_sarcastic
train-00061-interp2,train-00061,interpretation,2,it's slow weekend again ugh,not_sarcastic
train-00062-orig,train-00062,original,0,my hands are sore now i've been handwriting chapter summaries for almost 12 hrs oh how the joy of being a student jk,sarcastic
train-00062-interp1,train-00062,interpretation,1,my hands are sore now i've been handwriting chapter summaries for almost 12 hrs oh how the stress of being a student,not_sarcastic
train-00062-interp2,train-00062,interpretation,2,my hands are sore now i've been handwriting chapter summaries for almost 12 hrs oh how the hell of being a student,not_sarcastic
train-00063-orig,train-00063,original,0,we should be grateful for having one of the best managers in the world,sarcastic
train-00063-interp1,train-00063,interpretation,1,we been grateful for having one of the worst managers in the world,not_sarcastic
train-00063-interp2,train-00063,interpretation,2,we should be regretful for having one of the worst managers in the world,not_sarcastic
train-00064-orig,train-00064,original,0,oh look utd playing at pedestrian pace again what a surprise,sarcastic
train-00064-interp1,train-00064,interpretation,1,oh look utd playing at pedestrian pace again not a surprise,not_sarcastic
train-00064-interp2,train-00064,interpretation,2,oh look utd playing at pedestrian pace again i'm not surprised,not_sarcastic
train-00065-orig,train-00065,original,0,lrt bad answer don't draft him leafs,sarcastic
train-00065-interp1,train-00065,interpretation,1,lrt good answer don't draft him leafs,not_sarcastic
train-00065-interp2,train-00065,interpretation,2,lrt bad answer don't draft him,not_sarcastic
train-00066-orig,train-00066,original,0,can we get rid of turner now please ?,sarcastic
train-00066-interp1,train-00066,interpretation,1,can we back turner now please ?,not_sarcastic
train-00066-interp2,train-00066,interpretation,2,we can't get rid of turner now,not_sarcastic
train-00067-orig,train-00067,original,0,i love when they run the same commercial twice in a row,sarcastic
train-00067-interp1,train-00067,interpretation,1,i hate it when they run the same commercial twice in a row,not_sarcastic
train-00067-interp2,train-00067,interpretation,2,i hate when they run the same commercial twice in a row,not_sarcastic
train-00068-orig,train-00068,original,0,some people are just really brilliant,sarcastic
train-00068-interp1,train-00068,interpretation,1,some people are just really dull,not_sarcastic
train-00068-interp2,train-00068,interpretation,2,some people are just foolish,not_sarcastic
train-00069-orig,train-00069,original,0,im used to being used by others now im thinking of being useless then,sarcastic
train-00069-interp1,train-00069,interpretation,1,im used to being used by others now im thinking of being useful then,not_sarcastic
train-00069-interp2,train-00069,interpretation,2,i'm used to being used by others now im thinking of being useful then,not_sarcastic
train-00070-orig,train-00070,original,0,good job there's people around to tell me what i want or i'd be so confused about everything 2 2,sarcastic
train-00070-interp1,train-00070,interpretation,1,good job there's people around to tell me what i want or i'd be so confused about everything 2 2,not_sarcastic
train-00070-interp2,train-00070,interpretation,2,bad job there need to be people around to tell me what i want or i'd be so confused about everything,not_sarcastic
train-00071-orig,train-00071,original,0,now trump is bringing up bill clinton 90 s affairs because we all know there are no current day pressing matters to focus on,sarcastic
train-00071-interp1,train-00071,interpretation,1,why will trump bring up bill clinton 90 s affairs when we all know there are lot of current day pressing matters to focus on,not_sarcastic
train-00071-interp2,train-00071,interpretation,2,now trump is bringing up bill clinton 90 s affairs yet we all know there are current day pressing matters to focus on,not_sarcastic
train-00072-orig,train-00072,original,0,most of our bosses employee what is your name ? boss i'm 19 years old,sarcastic
train-00072-interp1,train-00072,interpretation,1,most of our bosses employee what is your name ? boss i'm 19 years old,not_sarcastic
train-00072-interp2,train-00072,interpretation,2,most of our bosses employee what is your name ? boss i'm 19 years old,not_sarcastic
train-00073-orig,train-00073,original,0,if you are cameroonian don't play soccer it's deadly mcvivian foe now patrick ekeng just saying,sarcastic
train-00073-interp1,train-00073,interpretation,1,if you are cameroonian don't play soccer it's deadly mcvivian foe now patrick ekeng an advice,not_sarcastic
train-00073-interp2,train-00073,interpretation,2,if you are cameroonian play soccer cautiously it's not deadly mcvivian foe and patrick ekeng just unfortunate,not_sarcastic
train-00074-orig,train-00074,original,0,i joke about some weird shit i need to start hashtagging on everything i joke about lol,sarcastic
train-00074-interp1,train-00074,interpretation,1,i joke about some weird shit i don't need to start hashtagging on everything i joke about lol,not_sarcastic
train-00074-interp2,train-00074,interpretation,2,i joke about some weird shit i need to stop hashtagging on everything i joke about lol,not_sarcastic
train-00075-orig,train-00075,original,0,wow microsoft is squeezing their storage consumers who could have seen that coming ?,sarcastic
train-00075-interp1,train-00075,interpretation,1,wow microsoft is squeezing their storage consumers every one expected that,not_sarcastic
train-00075-interp2,train-00075,interpretation,2,yuck microsoft is squeezing their storage consumers who could have seen that coming ?,not_sarcastic
train-00076-orig,train-00076,original,0,i didnt know yishun to admiralty takes more than 15 mins,sarcastic
train-00076-interp1,train-00076,interpretation,1,i knew yishun to admiralty takes fewer minutes,not_sarcastic
train-00076-interp2,train-00076,interpretation,2,i knew yishun to admiralty takes more than 15 mins,not_sarcastic
train-00077-orig,train-00077,original,0,this shit almost always comes from people with majority identities who are tired of seeing minorities call shit out,sarcastic
train-00077-interp1,train-00077,interpretation,1,this shit almost always comes from people with majority identities who are tired of seeing minorities call shit out,not_sarcastic
train-00077-interp2,train-00077,interpretation,2,this shit almost always comes from people with majority identities who are tired of seeing minorities call shit out,not_sarcastic
train-00078-orig,train-00078,original,0,is it bc chinese govt think they have billions of people and that's why they want to use a war to clams anywhere they wants ?,sarcastic
train-00078-interp1,train-00078,interpretation,1,is it bc chinese govt think they have billions of people and that's why they want to use a war to clams anywhere they wants ?,not_sarcastic
train-00078-interp2,train-00078,interpretation,2,chinese govt doesn't want to use war to clam anywhere on rationale that they have billions of people,not_sarcastic
train-00079-orig,train-00079,original,0,perfect freakin weekend to be sick,sarcastic
train-00079-interp1,train-00079,interpretation,1,not a perfect freakin weekend to be sick,not_sarcastic
train-00079-interp2,train-00079,interpretation,2,bummer freaking weekend to be sick,not_sarcastic
train-00080-orig,train-00080,original,0,drunk people at concerts are my favorite,sarcastic
train-00080-interp1,train-00080,interpretation,1,drunk people at concerts are never my favorite,not_sarcastic
train-00080-interp2,train-00080,interpretation,2,drunk people at concerts are detesting to me,not_sarcastic
train-00081-orig,train-00081,original,0,we've got a wild one in lithia,sarcastic
train-00081-interp1,train-00081,interpretation,1,we've got a tamed one in lithia,not_sarcastic
train-00081-interp2,train-00081,interpretation,2,we've got a civilised one in lithia,not_sarcastic
train-00082-orig,train-00082,original,0,should be a language in itself with certification et al it's a quick way to assess someone's intelligence and spontaneity,sarcastic
train-00082-interp1,train-00082,interpretation,1,should be a language in itself with certification et al it's a slowest way to assess someone's intelligence and spontaneity,not_sarcastic
train-00082-interp2,train-00082,interpretation,2,sarcasm should not be a language in itself with certification et al it's not a quick way to assess someone's intelligence and spontaneity,not_sarcastic
train-00083-orig,train-00083,original,0,lido keeps opening my sc that's what i call lit,sarcastic
train-00083-interp1,train-00083,interpretation,1,lido keeps opening my sc that's what i call lit,not_sarcastic
train-00083-interp2,train-00083,interpretation,2,lido keeps opening my sc that's what i call unlit,not_sarcastic
train-00084-orig,train-00084,original,0,the angels are so good,sarcastic
train-00084-interp1,train-00084,interpretation,1,the angels are so bad,not_sarcastic
train-00084-interp2,train-00084,interpretation,2,the angels are bad,not_sarcastic
train-00085-orig,train-00085,original,0,all these drivers wouldn't be running out of fuel under caution if not for this caution clock thanks nascar for a genus idea,sarcastic
train-00085-interp1,train-00085,interpretation,1,all these drivers would be running out of fuel under caution if not for this caution clock thanks nascar for a genus idea,not_sarcastic
train-00085-interp2,train-00085,interpretation,2,all these drivers wouldn't be running out of fuel under caution if not for this caution clock damn nascar for an inept idea,not_sarcastic
train-00086-orig,train-00086,original,0,i believe it is time to finally relieve the burden of my secret world i am a heterosexual whew that feels so much better,sarcastic
train-00086-interp1,train-00086,interpretation,1,i believe it is time to finally relieve the burden of my secret world i am a heterosexual whew that feels so much worse,not_sarcastic
train-00086-interp2,train-00086,interpretation,2,i believe it is time to finally reveal my secret world i am a heterosexual yuck that feels heavyburdening to me,not_sarcastic
train-00087-orig,train-00087,original,0,ron kulpa is the picture of professionalism,sarcastic
train-00087-interp1,train-00087,interpretation,1,ron kulpa is not a picture of professionalism,not_sarcastic
train-00087-interp2,train-00087,interpretation,2,ron kulpa is the picture of amateurism,not_sarcastic
train-00088-orig,train-00088,original,0,this day could not get any better,sarcastic
train-00088-interp1,train-00088,interpretation,1,this day could get much better,not_sarcastic
train-00088-interp2,train-00088,interpretation,2,this day could get better,not_sarcastic
train-00089-orig,train-00089,original,0,maybe i should start tweeting about um reptilians and the earth being flat lol,sarcastic
train-00089-interp1,train-00089,interpretation,1,maybe i should start tweeting about um m everything that comes my way,not_sarcastic
train-00089-interp2,train-00089,interpretation,2,there's a lot i should tweet rather than reptilians and the earth being flat,not_sarcastic
train-00090-orig,train-00090,original,0,chris young vs andrew miller ? this'll go well,sarcastic
train-00090-interp1,train-00090,interpretation,1,chris young vs andrew miller ? this wont go well,not_sarcastic
train-00090-interp2,train-00090,interpretation,2,chris young vs andrew miller ? this'll go awry,not_sarcastic
train-00091-orig,train-00091,original,0,wonderful tim mccarver is calling the cards game just tuned in,sarcastic
train-00091-interp1,train-00091,interpretation,1,wonderful tim mccarver is calling the cards game just tuned in,not_sarcastic
train-00091-interp2,train-00091,interpretation,2,dull tim mccarver is calling the cards game,not_sarcastic
train-00092-orig,train-00092,original,0,i love getting invited to do things it never happens,sarcastic
train-00092-interp1,train-00092,interpretation,1,i hate getting invited to do things it never happens,not_sarcastic
train-00092-interp2,train-00092,interpretation,2,i hate getting invited to do things since it never happens,not_sarcastic
train-00093-orig,train-00093,original,0,wait you mean roberts found someone else in the bullpen other than hatcher or baez ?,sarcastic
train-00093-interp1,train-00093,interpretation,1,wait you mean roberts did not found anyone else in the bullpen other than hatcher or baez ?,not_sarcastic
train-00093-interp2,train-00093,interpretation,2,roberts didn't find hatcher or bae in the bullpen,not_sarcastic
train-00094-orig,train-00094,original,0,goodbye for those ' real ' fans,sarcastic
train-00094-interp1,train-00094,interpretation,1,goodbye for those ' fake ' fans,not_sarcastic
train-00094-interp2,train-00094,interpretation,2,bad wishes for those bogus fans,not_sarcastic
train-00095-orig,train-00095,original,0,just living the fucking life,sarcastic
train-00095-interp1,train-00095,interpretation,1,just living the fucking dream,not_sarcastic
train-00095-interp2,train-00095,interpretation,2,i detest this the fucking dream,not_sarcastic
train-00096-orig,train-00096,original,0,wuntil my friends are bored and blowing my phone up begging to hangout,sarcastic
train-00096-interp1,train-00096,interpretation,1,waiting anxiously to see my friends get bored and blowing my phone up begging to hangout,not_sarcastic
train-00096-interp2,train-00096,interpretation,2,better wait until my friends are bored and blowing my phone up begging to hangout,not_sarcastic
train-00097-orig,train-00097,original,0,just spent 60 on 3 things thanx kohl's,sarcastic
train-00097-interp1,train-00097,interpretation,1,just spent 60 on 3 things thanx kohl's,not_sarcastic
train-00097-interp2,train-00097,interpretation,2,just spent 60 on 3 things damn kohl,not_sarcastic
train-00098-orig,train-00098,original,0,so glad brandon moss was aggressive on a 3 2 pitch down the middle great to see him get a good cut on it,sarcastic
train-00098-interp1,train-00098,interpretation,1,so glad brandon moss was aggressive on a 3 2 pitch down the middle great to see him get a bad cut on it,not_sarcastic
train-00098-interp2,train-00098,interpretation,2,so sad brandon moss was not aggressive on a 3 2 pitch down the middle sad to see him get a bad cut on it,not_sarcastic
train-00099-orig,train-00099,original,0,it's so nice when nothing goes right,sarcastic
train-00099-interp1,train-00099,interpretation,1,not so nice when nothing goes right,not_sarcastic
train-00099-interp2,train-00099,interpretation,2,t's so annoying when nothing goes right,not_sarcastic
train-00100-orig,train-00100,original,0,excited for tonight,sarcastic
train-00100-interp1,train-00100,interpretation,1,not happy for tonight,not_sarcastic
train-00100-interp2,train-00100,interpretation,2,unmoved for tonight,not_sarcastic
train-00101-orig,train-00101,original,0,because a sude deniz relationship is what kiralik ask was missing,sarcastic
train-00101-interp1,train-00101,interpretation,1,because a sude deniz relationship is what kiralik ask was missing,not_sarcastic
train-00101-interp2,train-00101,interpretation,2,because a sude deniz relationship is what kiralik didn't ask was missing,not_sarcastic
train-00102-orig,train-00102,original,0,i feel so sorry for the innocent bush family who've never done anything negative in their political campaigns,sarcastic
train-00102-interp1,train-00102,interpretation,1,i feel so sorry for the innocent bush family who've never done anything positive in their political campaigns,not_sarcastic
train-00102-interp2,train-00102,interpretation,2,i don't feel sorry for the guiltiy bush family since they've done everything negative in their political campaigns,not_sarcastic
train-00103-orig,train-00103,original,0,battlefield 1 might be good but it's clearly not the authentic ww1 game many myself included were hoping for shocking,sarcastic
train-00103-interp1,train-00103,interpretation,1,battlefield 1 might be good but it's clearly not the authentic ww1 game many myself included were hoping for shocking,not_sarcastic
train-00103-interp2,train-00103,interpretation,2,battlefield 1 is not good it's clearly not the authentic ww1 game many myself included were hoping for shocking,not_sarcastic
train-00104-orig,train-00104,original,0,let's see what kinguvdawhirled tweeted about the election pinpointing the exact moment the media gave up,sarcastic
train-00104-interp1,train-00104,interpretation,1,let's see what kinguvdawhirled tweeted about the election not focusing on the exact moment the media gave up,not_sarcastic
train-00104-interp2,train-00104,interpretation,2,kinguvdawhirled tweeted about the election as if there were no media,not_sarcastic
train-00105-orig,train-00105,original,0,shit sunday is mother's day i forgot am i the only one ? i'm a bad daughter maybe mom is right i do treat her like shit,sarcastic
train-00105-interp1,train-00105,interpretation,1,shit sunday is mother's day i forgot am i the only one ? i'm a bad daughter maybe mom is right i do treat her like shit,not_sarcastic
train-00105-interp2,train-00105,interpretation,2,sunday is mother's day i won't forget i'm a good daughter i treat my mom well,not_sarcastic
train-00106-orig,train-00106,original,0,why is it sooooooo easy for me to be sarcastic i have to bite my tongue from not saying harmful words,sarcastic
train-00106-interp1,train-00106,interpretation,1,why is it sooooooo easy for me to be sarcastic i have to watch what i say so that i don't say harmful words,not_sarcastic
train-00106-interp2,train-00106,interpretation,2,why is it sooooooo easy for me to be sarcastic i have to bite my tongue from not saying harmful words,not_sarcastic
train-00107-orig,train-00107,original,0,good job mo just what we need people carrying guns on college campuses that will make everyone safer,sarcastic
train-00107-interp1,train-00107,interpretation,1,this is on call for mo not what we need people carrying guns on college campuses that will make everyone scared,not_sarcastic
train-00107-interp2,train-00107,interpretation,2,bad job mo we don't need people carrying guns on college campuses that will make everyone unsafe,not_sarcastic
train-00108-orig,train-00108,original,0,and now it's raining again nice,sarcastic
train-00108-interp1,train-00108,interpretation,1,and now it's raining again shit,not_sarcastic
train-00108-interp2,train-00108,interpretation,2,and now it's raining again dull,not_sarcastic
train-00109-orig,train-00109,original,0,made doubly fun by the fact i had to drag my kids with me nothing more fun than sitting in a waiting room with squirrely kids,sarcastic
train-00109-interp1,train-00109,interpretation,1,made doubly worse by the fact i had to drag my kids with me nothing more boring than sitting in a waiting room with squirrely kids,not_sarcastic
train-00109-interp2,train-00109,interpretation,2,made doubly irritated by the fact i had to drag my kids with me nothing more irritating than sitting in a waiting room with squirrely kids,not_sarcastic
train-00110-orig,train-00110,original,0,awesome day,sarcastic
train-00110-interp1,train-00110,interpretation,1,bad day,not_sarcastic
train-00110-interp2,train-00110,interpretation,2,ugly day,not_sarcastic
train-00111-orig,train-00111,original,0,i hope it isn't i really hope it isn't but sure whatever nice to see there are still hate groups in this world,sarcastic
train-00111-interp1,train-00111,interpretation,1,i hope it isn't i really hope it isn't but sure whatever hate to see there are still hate groups in this world,not_sarcastic
train-00111-interp2,train-00111,interpretation,2,i hope it isn't i really hope it isn't bad to see there are still hate groups in this world,not_sarcastic
train-00112-orig,train-00112,original,0,i swear i have the best of luck,sarcastic
train-00112-interp1,train-00112,interpretation,1,i swear i have the worst of luck,not_sarcastic
train-00112-interp2,train-00112,interpretation,2,i swear i have the worst of luck,not_sarcastic
train-00113-orig,train-00113,original,0,don't you hate it when you're really impressed with your own witty comment and no one else seems to get it ?,sarcastic
train-00113-interp1,train-00113,interpretation,1,do you love it when you're really impressed with your own witty comment and no one else seems to get it ?,not_sarcastic
train-00113-interp2,train-00113,interpretation,2,your comments are not witty and impressives since no one else seems to get it ?,not_sarcastic
train-00114-orig,train-00114,original,0,today's workout carrying a suitcase up and down the subway stairs yea core muscles,sarcastic
train-00114-interp1,train-00114,interpretation,1,today's workout carrying a suitcase up and down the subway stairs yea core muscles,not_sarcastic
train-00114-interp2,train-00114,interpretation,2,today's workout carrying a suitcase up and down the subway stairs oh no massive muscles,not_sarcastic
train-00115-orig,train-00115,original,0,i bet italy will have a simple staging too but of course it's still a winner france will never win that's obvious,sarcastic
train-00115-interp1,train-00115,interpretation,1,i bet italy will have a simple staging too but of course it's still a winner france will surely win that's obvious,not_sarcastic
train-00115-interp2,train-00115,interpretation,2,i bet italy will have a great staging too but of course it's still a loser france will win that's obvious,not_sarcastic
train-00116-orig,train-00116,original,0,every time when i loose weight i find it in refrigerator,sarcastic
train-00116-interp1,train-00116,interpretation,1,every time when i loose weight i gain it double,not_sarcastic
train-00116-interp2,train-00116,interpretation,2,every time when i gain weight i find it in refrigerator,not_sarcastic
train-00117-orig,train-00117,original,0,charles manyuchi beats dmitry mikhaylenko that s gotta qualify him for an hbo cofeature right ?,sarcastic
train-00117-interp1,train-00117,interpretation,1,charles manyuchi beats dmitry mikhaylenko which can not s qualify him for an hbo cop feature,not_sarcastic
train-00117-interp2,train-00117,interpretation,2,charles manyuchi beats dmitry mikhaylenko that can't qualify him for an hbo cofeature,not_sarcastic
train-00118-orig,train-00118,original,0,can't believe jon robinson didn't cut michael griffin 2 years ago,sarcastic
train-00118-interp1,train-00118,interpretation,1,i knew jon robinson p cut michael griffin 2 years ago,not_sarcastic
train-00118-interp2,train-00118,interpretation,2,can't believe jon robinson dropped michael griffin 2 years ago,not_sarcastic
train-00119-orig,train-00119,original,0,few things are more enjoyable than dealing with everyone's bullshit not like i have my own life to tend to,sarcastic
train-00119-interp1,train-00119,interpretation,1,few things are more enjoyable than dealing with everyone's bullshit not like i don't have my own life to tend to,not_sarcastic
train-00119-interp2,train-00119,interpretation,2,few things are more excruciating than dealing with everyone's bullshit not like i have my own life to tend to,not_sarcastic
train-00120-orig,train-00120,original,0,te voy a trompear threat,sarcastic
train-00120-interp1,train-00120,interpretation,1,te voy a trompear threat,not_sarcastic
train-00120-interp2,train-00120,interpretation,2,te voy fid le,not_sarcastic
train-00121-orig,train-00121,original,0,i really love how people have to read the sign out loud as they come in,sarcastic
train-00121-interp1,train-00121,interpretation,1,i really hate how people have to read the sign out loud as they come in,not_sarcastic
train-00121-interp2,train-00121,interpretation,2,i really hate how people have to read the sign out loud as they come in,not_sarcastic
train-00122-orig,train-00122,original,0,way to beat the odds,sarcastic
train-00122-interp1,train-00122,interpretation,1,not the best way to beat the odds,not_sarcastic
train-00122-interp2,train-00122,interpretation,2,poor way to the odds,not_sarcastic
train-00123-orig,train-00123,original,0,you literally could not make this shite up hats off to enda kenny played a blinder dude kudos,sarcastic
train-00123-interp1,train-00123,interpretation,1,you literally could not make this shite up hats off to enda kenny played a blinder dude kudos,not_sarcastic
train-00123-interp2,train-00123,interpretation,2,you literally could not make this shite up shame to enda kenny played a rude dude shame,not_sarcastic
train-00124-orig,train-00124,original,0,yelp up 20 did einhorn sell it yet ?,sarcastic
train-00124-interp1,train-00124,interpretation,1,yelp up 20 einhorn sold it already,not_sarcastic
train-00124-interp2,train-00124,interpretation,2,yelp up 20 i am sure einhorn didn't sell it,not_sarcastic
train-00125-orig,train-00125,original,0,i know it's baffling but no i don't have garage sales and i don't go to garage sales my junk or your junk it's still junk,sarcastic
train-00125-interp1,train-00125,interpretation,1,i know it's baffling but no i don't have garage sales and i don't go to garage sales my junk or your junk it's still junk,not_sarcastic
train-00125-interp2,train-00125,interpretation,2,it is not baffling since i don't have garage sales and i don't go to garage sales my junk or your junk it's still junk,not_sarcastic
train-00126-orig,train-00126,original,0,finals are so nice like omg best thing ever to happen to my life like love studying,sarcastic
train-00126-interp1,train-00126,interpretation,1,finals are so not nice like omg worst thing ever to happen to my life like hate studying,not_sarcastic
train-00126-interp2,train-00126,interpretation,2,finals area nightmare like omg worst thing ever to happen to my life like hate studying,not_sarcastic
train-00127-orig,train-00127,original,0,just make separate bathrooms for trans people did you forget we used to separate white and black people ? that went really well,sarcastic
train-00127-interp1,train-00127,interpretation,1,just make separate bathroom a for trans people did you forget we used to separate white and black people ? that went really bad,not_sarcastic
train-00127-interp2,train-00127,interpretation,2,just make separate bathrooms for trans people did you forget we used to separate white and black people ? that went really well,not_sarcastic
train-00128-orig,train-00128,original,0,me you don't get my humor do you ? my husband no its too intellectual can't you tweet unfunny shit ?,sarcastic
train-00128-interp1,train-00128,interpretation,1,me you don't get my humor do you ? my husband no its too irrelevant can't you tweet unfunny shit ?,not_sarcastic
train-00128-interp2,train-00128,interpretation,2,me you don't get my humor do you ? my husband yes it poorly convey the humor tweet funny stuff,not_sarcastic
train-00129-orig,train-00129,original,0,neighbor it rains a lot here me i know i live here,sarcastic
train-00129-interp1,train-00129,interpretation,1,neighbor it rains a lot here me dont know i don't live here,not_sarcastic
train-00129-interp2,train-00129,interpretation,2,neighbor it rains a lot here me yeah i know that,not_sarcastic
train-00130-orig,train-00130,original,0,like why did we even have an election ? enda's our taoiseach once again sure nothing bad can come of that,sarcastic
train-00130-interp1,train-00130,interpretation,1,like why did we even have an election ? enda's our taoiseach once again sure nothing good can come of that,not_sarcastic
train-00130-interp2,train-00130,interpretation,2,like why did we even have an election ? enda's our taoiseach once again sure nothing good can come of that,not_sarcastic
train-00131-orig,train-00131,original,0,i gotta start tweeting with a tags haha,sarcastic
train-00131-interp1,train-00131,interpretation,1,that won't make me start tweeting with tags,not_sarcastic
train-00131-interp2,train-00131,interpretation,2,i gotta stop tweeting with tags haha,not_sarcastic
train-00132-orig,train-00132,original,0,feel like shit look like shit great start to the day,sarcastic
train-00132-interp1,train-00132,interpretation,1,feel like shit look like shit bad start to the day,not_sarcastic
train-00132-interp2,train-00132,interpretation,2,feel like shit look like shit dull start to the day,not_sarcastic
train-00133-orig,train-00133,original,0,i have to go to work now going to work for approximately 36 wow so worth my time,sarcastic
train-00133-interp1,train-00133,interpretation,1,i have to go to work now going to work for approximately 36 shit not worth my time,not_sarcastic
train-00133-interp2,train-00133,interpretation,2,i have to go to work now going to work for approximately 36 wow not worth my time,not_sarcastic
train-00134-orig,train-00134,original,0,fb friend post your name and where you were born me cheryl dark side of the moonis it just me or is fb just begging for ?,sarcastic
train-00134-interp1,train-00134,interpretation,1,fb friend post your name and where you were born me cheryl dark side of the moonis it just me or is fb just begging for ?,not_sarcastic
train-00134-interp2,train-00134,interpretation,2,fb friend post your name and where you were born me cheryl but i'm sorry i can't reveal where i come from,not_sarcastic
train-00135-orig,train-00135,original,0,i just tweet in order to increase my tweet count,sarcastic
train-00135-interp1,train-00135,interpretation,1,i just tweet in order to get noticed,not_sarcastic
train-00135-interp2,train-00135,interpretation,2,i tweet in order to communicate important messages not just tweeting,not_sarcastic
train-00136-orig,train-00136,original,0,and enda kenny has been elected taoiseach what a brilliant day it is,sarcastic
train-00136-interp1,train-00136,interpretation,1,and enda kenny has been elected taoiseach what a dull day it is,not_sarcastic
train-00136-interp2,train-00136,interpretation,2,and enda kenny has been elected taoiseach what a dull day it is,not_sarcastic
train-00137-orig,train-00137,original,0,i don't think i could have picked a better time to be poorly,sarcastic
train-00137-interp1,train-00137,interpretation,1,i think i could have picked a better time to be poorly,not_sarcastic
train-00137-interp2,train-00137,interpretation,2,i don't think i could have picked a worse time to be poorly,not_sarcastic
train-00138-orig,train-00138,original,0,whoa whoa bout to hear a sports hand and wrist injuries talk i thought pts are unable to treat past the elbow ? only ots i thought ?,sarcastic
train-00138-interp1,train-00138,interpretation,1,whoa whoa bout to hear a sports hand and wrist injuries talk i thought pts are unable to treat past the elbow ? only ots i thought ?,not_sarcastic
train-00138-interp2,train-00138,interpretation,2,yeah a sports hand and wrist injuries talk i knowpts are able to treat past the elbowjust like ots,not_sarcastic
train-00139-orig,train-00139,original,0,i have an hour or so before my case and they unblocked tweet deck now i can catch up on my tweets because that is more important,sarcastic
train-00139-interp1,train-00139,interpretation,1,i have an hour or so before my case and they unblocked tweet deck now i can't catch up on my tweets because that is not important,not_sarcastic
train-00139-interp2,train-00139,interpretation,2,i have an hour or so before my case and they unblocked tweet deck but i can't catch up on my tweets because there're not important,not_sarcastic
train-00140-orig,train-00140,original,0,i think my neighbor is stalking me as she's been googling my name on her computer i saw it through my telescope last night,sarcastic
train-00140-interp1,train-00140,interpretation,1,i think my neighbor is stalking me as she's been googling my name on her computer i perceived she did that last night,not_sarcastic
train-00140-interp2,train-00140,interpretation,2,i think my neighbor values me as she's been googling my name on her computer i saw it through my telescope last night,not_sarcastic
train-00141-orig,train-00141,original,0,isn't it great that the gope is soooo much smarter than us ? i sleep better knowing that,sarcastic
train-00141-interp1,train-00141,interpretation,1,isn't it bad that the gope is soooo much smarter than us ? i sleep better knowing that,not_sarcastic
train-00141-interp2,train-00141,interpretation,2,isn't it great that the gope is not smarter than us ? i sleep better knowing that,not_sarcastic
train-00142-orig,train-00142,original,0,when you're sick but no one knows what's wrong with you,sarcastic
train-00142-interp1,train-00142,interpretation,1,when you're sick and everyone knows what's wrong with you,not_sarcastic
train-00142-interp2,train-00142,interpretation,2,when you're sick and everyoneknows what's wrong with you,not_sarcastic
train-00143-orig,train-00143,original,0,ronda rousey is a sore loser what a shocker she needs to grow up,sarcastic
train-00143-interp1,train-00143,interpretation,1,ronda rousey is a sore loser what a shocker she needs to grow up,not_sarcastic
train-00143-interp2,train-00143,interpretation,2,ronda rousey is a sore loser no surprise she needs to grow up,not_sarcastic
train-00144-orig,train-00144,original,0,it must be tough to be so well liked,sarcastic
train-00144-interp1,train-00144,interpretation,1,it must be easy to be so well liked,not_sarcastic
train-00144-interp2,train-00144,interpretation,2,it must be awesome to be so well liked,not_sarcastic
train-00145-orig,train-00145,original,0,in news on good vs evil today fabletic from kate hudson doesn't catch fire i think the bs ivy line would spontaneously combust,sarcastic
train-00145-interp1,train-00145,interpretation,1,in news on good vs evil today fabletic from kate hudson doesn't catch fire i think the bs ivy line wouldn't spontaneously combust,not_sarcastic
train-00145-interp2,train-00145,interpretation,2,in news on good vs evil today fabletic from kate hudson catches fire i think the bs ivy line would spontaneously combust,not_sarcastic
train-00146-orig,train-00146,original,0,i love when old men cat call me from their work truck in the morning,sarcastic
train-00146-interp1,train-00146,interpretation,1,i hate when old men cat call me from their work truck in the morning,not_sarcastic
train-00146-interp2,train-00146,interpretation,2,i hate when old men cat call me from their work truck in the morning,not_sarcastic
train-00147-orig,train-00147,original,0,really looking forward to more rain today,sarcastic
train-00147-interp1,train-00147,interpretation,1,really hoping it doesn't rain again today,not_sarcastic
train-00147-interp2,train-00147,interpretation,2,i'm hoping that there won t be more rain today,not_sarcastic
train-00148-orig,train-00148,original,0,delays on the piccadilly line yayyyyyyy,sarcastic
train-00148-interp1,train-00148,interpretation,1,delays on the piccadilly line no not again,not_sarcastic
train-00148-interp2,train-00148,interpretation,2,swiftness on the piccadilly line yay,not_sarcastic
train-00149-orig,train-00149,original,0,chasing someone who doesn't want you like hehehe wtf that's totally fine,sarcastic
train-00149-interp1,train-00149,interpretation,1,chasing someone who doesn't want you like hehehe wtf that's totally absurd,not_sarcastic
train-00149-interp2,train-00149,interpretation,2,chasing someone who doesn't want you like hehehe wtf that's totally unacceptable,not_sarcastic
train-00150-orig,train-00150,original,0,just walked into the doctor's office and everyone in the waiting room are on their smart phones i have to tweet about it,sarcastic
train-00150-interp1,train-00150,interpretation,1,just walked into the doctor's office and everyone in the waiting room are on their smart phones not surprised,not_sarcastic
train-00150-interp2,train-00150,interpretation,2,just walked into the doctor's office and everyone in the waiting room are on their smart phones no need to tweet about it it's obvious,not_sarcastic
train-00151-orig,train-00151,original,0,so colton haynes is gay what a surprise,sarcastic
train-00151-interp1,train-00151,interpretation,1,so colton haynes is gay not a surprise,not_sarcastic
train-00151-interp2,train-00151,interpretation,2,it's not a surprise that colton haynes is gay,not_sarcastic
train-00152-orig,train-00152,original,0,never be quick to speak a little thought will always produce a better put down,sarcastic
train-00152-interp1,train-00152,interpretation,1,never be quick to speak a little thought will always produce a better put down,not_sarcastic
train-00152-interp2,train-00152,interpretation,2,never be quick to speak a little thought will always produce a better idea,not_sarcastic
train-00153-orig,train-00153,original,0,driving lesson 12 at 10 am sharp and i'm feeling nauseated things are looking up,sarcastic
train-00153-interp1,train-00153,interpretation,1,driving lesson 12 at 10 am sharp and i'm feeling nauseated things are looking really bad,not_sarcastic
train-00153-interp2,train-00153,interpretation,2,driving lesson 12 at 10 am sharp and i'm feeling nauseated things are looking bad,not_sarcastic
train-00154-orig,train-00154,original,0,i've been making really great life decisions lately proud of myself,sarcastic
train-00154-interp1,train-00154,interpretation,1,i've been making really bad decisions lately not so proud of it,not_sarcastic
train-00154-interp2,train-00154,interpretation,2,i've been making poor life decisions lately ashamed of myself,not_sarcastic
train-00155-orig,train-00155,original,0,some people don't get my too bad lol,sarcastic
train-00155-interp1,train-00155,interpretation,1,some people get my trick too bad lol,not_sarcastic
train-00155-interp2,train-00155,interpretation,2,some people don't get my sarcasm too bad lol,not_sarcastic
train-00156-orig,train-00156,original,0,being left out is such an amazing feeling,sarcastic
train-00156-interp1,train-00156,interpretation,1,being left out is such an bad feeling,not_sarcastic
train-00156-interp2,train-00156,interpretation,2,being left out is such a painful feeling,not_sarcastic
train-00157-orig,train-00157,original,0,well things just keep happening this week that just make me feel wonderful,sarcastic
train-00157-interp1,train-00157,interpretation,1,well things just keep happening this week that just make me feel awful,not_sarcastic
train-00157-interp2,train-00157,interpretation,2,well things just keep happening this week that just make me feel bad,not_sarcastic
train-00158-orig,train-00158,original,0,and my stellar luck with women continues,sarcastic
train-00158-interp1,train-00158,interpretation,1,and my bad luck with women continues,not_sarcastic
train-00158-interp2,train-00158,interpretation,2,and my terrible misfortune with women continues,not_sarcastic
train-00159-orig,train-00159,original,0,way to go get someone in the bullpen now after all this good job do i have to tag this with ?,sarcastic
train-00159-interp1,train-00159,interpretation,1,way to go get someone in the bullpen now after all this good job don't need to tag this with ?,not_sarcastic
train-00159-interp2,train-00159,interpretation,2,way to go get someone in the bullpen now after all this horrible job,not_sarcastic
train-00160-orig,train-00160,original,0,i love holidays that just are used for people to party,sarcastic
train-00160-interp1,train-00160,interpretation,1,i hate holidays that just are used for people to party,not_sarcastic
train-00160-interp2,train-00160,interpretation,2,i hate holidays that just are used for people to party,not_sarcastic
train-00161-orig,train-00161,original,0,my birth control pills lying openly at my station prt of my treatment amp cudn't care less does this qualify as female empowerment or ?,sarcastic
train-00161-interp1,train-00161,interpretation,1,my birth control pills lying openly at my station prt of my treatment amp cudn't care less this does not qualify as female empowerment or ?,not_sarcastic
train-00161-interp2,train-00161,interpretation,2,my birth control pills lying openly at my station prt of my treatment amp cudn't care less this paints a bad image on women,not_sarcastic
train-00162-orig,train-00162,original,0,wow awesome time for my car to have a blown head gasket this is great life is great wait way to start road trip to austin,sarcastic
train-00162-interp1,train-00162,interpretation,1,wow awesome time for my car to have a blown head gasket this is great life is great wait way to start road trip to austin,not_sarcastic
train-00162-interp2,train-00162,interpretation,2,yuck horrible time for my car to have a blown head gasket this is awful life is awful wait way to stop road trip to austin,not_sarcastic
train-00163-orig,train-00163,original,0,omg have you guys seen hulk vs batman ?,sarcastic
train-00163-interp1,train-00163,interpretation,1,omg you guys have not seen hulk vs batman ?,not_sarcastic
train-00163-interp2,train-00163,interpretation,2,omg you mean you haven't seen hulk vs batman ?,not_sarcastic
train-00164-orig,train-00164,original,0,i'm a sobbing idiot boy i can't wait for monday,sarcastic
train-00164-interp1,train-00164,interpretation,1,i'm a sobbing idiot boy i can't wait for monday,not_sarcastic
train-00164-interp2,train-00164,interpretation,2,i'm a sobbing idiot boy i wish monday wont come,not_sarcastic
train-00165-orig,train-00165,original,0,i h8 being shy around guys like i had a crush on a guy this whole semester and only talked to him once wow nice going,sarcastic
train-00165-interp1,train-00165,interpretation,1,i h8 being shy around guys like i had a crush on a guy this whole semester and only talked to him once really bad,not_sarcastic
train-00165-interp2,train-00165,interpretation,2,i hate being shy around guys like i had a crush on a guy this whole semester and only talked to him once ugh dull,not_sarcastic
train-00166-orig,train-00166,original,0,i love when i see people get mad at something that's clearly a joke over social media lol,sarcastic
train-00166-interp1,train-00166,interpretation,1,i hate when i see people get mad at something that's clearly a joke over social media lol,not_sarcastic
train-00166-interp2,train-00166,interpretation,2,i hate when i see people get mad at something that's clearly a joke over social media,not_sarcastic
train-00167-orig,train-00167,original,0,i just love getting ignored the feeling is great everyone keep doing it i love it,sarcastic
train-00167-interp1,train-00167,interpretation,1,i just hate getting ignored the feeling is bad which everyone could stop doing it i hate it,not_sarcastic
train-00167-interp2,train-00167,interpretation,2,i just hate getting ignored the feeling is horrible everyone keep doing it i hate it,not_sarcastic
train-00168-orig,train-00168,original,0,i'm so into social media right now,sarcastic
train-00168-interp1,train-00168,interpretation,1,i'm nor interested in social media for now,not_sarcastic
train-00168-interp2,train-00168,interpretation,2,i'm rarely into social media right now,not_sarcastic
train-00169-orig,train-00169,original,0,i really like eating three bites and then being full,sarcastic
train-00169-interp1,train-00169,interpretation,1,i really hate eating three bites and then being hungry,not_sarcastic
train-00169-interp2,train-00169,interpretation,2,i hate eating three bites since i'll not be full,not_sarcastic
train-00170-orig,train-00170,original,0,around 10 pm every night one of my apartment neighbors plays a riveting rendition of hot cross buns on the violin my favorite,sarcastic
train-00170-interp1,train-00170,interpretation,1,around 10 pm every night one of my apartment neighbors plays a riveting rendition of hot cross buns on the violin not my favorite,not_sarcastic
train-00170-interp2,train-00170,interpretation,2,around 10 pm every night one of my apartment neighbors plays a dull rendition of hot cross buns on the violin my dislike,not_sarcastic
train-00171-orig,train-00171,original,0,anyways going to do a bit of studying before bed gt 3 lt so yay,sarcastic
train-00171-interp1,train-00171,interpretation,1,anyways going to do a bit of studying before bed gt 3 lt oh no,not_sarcastic
train-00171-interp2,train-00171,interpretation,2,anyways going to do a bit of studying before bed gt eww,not_sarcastic
train-00172-orig,train-00172,original,0,i wonder if duterte wins if he'll kill his extremist supporters because of their death threats,sarcastic
train-00172-interp1,train-00172,interpretation,1,i know if duterte wins he won't kill his extremist supporters because of their death threats,not_sarcastic
train-00172-interp2,train-00172,interpretation,2,i wonder if duterte wins if he'll save his extremist supporters because of their death threats,not_sarcastic
train-00173-orig,train-00173,original,0,sarcasm my superpower,sarcastic
train-00173-interp1,train-00173,interpretation,1,sarcasm my superpower,not_sarcastic
train-00173-interp2,train-00173,interpretation,2,sarcasm my importence,not_sarcastic
train-00174-orig,train-00174,original,0,why are the presidential campaigners fighting like little girls ? ? glad to know america is in one of the girls hands,sarcastic
train-00174-interp1,train-00174,interpretation,1,why are the presidential campaigners fighting like little girls ? ? too bad to know america is in one of the girls hands,not_sarcastic
train-00174-interp2,train-00174,interpretation,2,why are the presidential campaigners fighting like little girls ? unhappy to know america is in one of the girls hands,not_sarcastic
train-00175-orig,train-00175,original,0,i'm really good at doing assignments at the last minute,sarcastic
train-00175-interp1,train-00175,interpretation,1,i'm not really good at doing assignments at the last minute,not_sarcastic
train-00175-interp2,train-00175,interpretation,2,i'm poor at doing assignments at the last minute,not_sarcastic
train-00176-orig,train-00176,original,0,so pumped for all the awkward encounters i have to endure within the next few weeks,sarcastic
train-00176-interp1,train-00176,interpretation,1,so pumped for all the awkward encounters i have to fight it within the next few weeks,not_sarcastic
train-00176-interp2,train-00176,interpretation,2,so relaxed for all the great encounters i have to enjoy within the next few weeks,not_sarcastic
train-00177-orig,train-00177,original,0,when you see people story and think wow how classy,sarcastic
train-00177-interp1,train-00177,interpretation,1,when you see people story and think wow how serious,not_sarcastic
train-00177-interp2,train-00177,interpretation,2,when you see people story and think yuk how tasteless,not_sarcastic
train-00178-orig,train-00178,original,0,previous tweet with heavy dose of btw if it needs to be said,sarcastic
train-00178-interp1,train-00178,interpretation,1,previous tweet with heavy dose of btw if it needs to be said,not_sarcastic
train-00178-interp2,train-00178,interpretation,2,previous tweet with heavy dose of sarcasm it doesn't need to be said,not_sarcastic
train-00179-orig,train-00179,original,0,thanks guys really thanks,sarcastic
train-00179-interp1,train-00179,interpretation,1,fuck guys fuck,not_sarcastic
train-00179-interp2,train-00179,interpretation,2,ooh no guys damn you,not_sarcastic
train-00180-orig,train-00180,original,0,i love when people who are supposedly close to you plan stuff and tell everyone first before you,sarcastic
train-00180-interp1,train-00180,interpretation,1,i hate when people who are supposedly close to you plan stuff and tell everyone first before you,not_sarcastic
train-00180-interp2,train-00180,interpretation,2,i hate when people who are supposedly close to you plan stuff and tell everyone first before you,not_sarcastic
train-00181-orig,train-00181,original,0,occasionally i like sharing information nobody actually cares about the magic of internet,sarcastic
train-00181-interp1,train-00181,interpretation,1,occasionally i like sharing information people actually cares about the magic of internet,not_sarcastic
train-00181-interp2,train-00181,interpretation,2,occasionally i hate sharing information nobody actually cares about the downside of the internet,not_sarcastic
train-00182-orig,train-00182,original,0,late shift finished but can't go to bed just yet not until i found out who the new police crime commissioner of bedfordshire is,sarcastic
train-00182-interp1,train-00182,interpretation,1,late shift finished going to bed now not interested in finding ound out who the new police crime commissioner of bedfordshire is,not_sarcastic
train-00182-interp2,train-00182,interpretation,2,late shift finished but can't go to bed just yet not until i found out who the new police crime commissioner of bedfordshire is,not_sarcastic
train-00183-orig,train-00183,original,0,obviously,sarcastic
train-00183-interp1,train-00183,interpretation,1,uncertain,not_sarcastic
train-00183-interp2,train-00183,interpretation,2,mysteriously,not_sarcastic
train-00184-orig,train-00184,original,0,i can't wait for the dark power rangers movie that's going for a mature audience,sarcastic
train-00184-interp1,train-00184,interpretation,1,looking forward to seeing the dark power rangers movie go for a mature audience,not_sarcastic
train-00184-interp2,train-00184,interpretation,2,i don't like the dark power rangers movie that's going for a mature audience,not_sarcastic
train-00185-orig,train-00185,original,0,oh look it's the yankees on mlb network they're never on mlb network,sarcastic
train-00185-interp1,train-00185,interpretation,1,oh look it's the yankees on mlb network they're always on mlb network,not_sarcastic
train-00185-interp2,train-00185,interpretation,2,as usual it's the yankees on mlb network they're always on mlb network,not_sarcastic
train-00186-orig,train-00186,original,0,i totally love 2 h phone calls in the dead of night by ppl i couldn't care less about next time i'll pretend i'm asleep already,sarcastic
train-00186-interp1,train-00186,interpretation,1,i totally hate 2 h phone calls in the dead of night by ppl i care less about next time i'll pretend i'm asleep already,not_sarcastic
train-00186-interp2,train-00186,interpretation,2,i totally hate 2 h phone calls in the dead of night by ppl i could care less about next time i'll pretend i'm asleep already,not_sarcastic
train-00187-orig,train-00187,original,0,your effort is very much appreciated,sarcastic
train-00187-interp1,train-00187,interpretation,1,your effort is very much unnoticed,not_sarcastic
train-00187-interp2,train-00187,interpretation,2,your effort is very much disvalued,not_sarcastic
train-00188-orig,train-00188,original,0,well today has started out so well i can't wait for the rest of the day,sarcastic
train-00188-interp1,train-00188,interpretation,1,well today has started out so well looking forward to the rest of the day,not_sarcastic
train-00188-interp2,train-00188,interpretation,2,well today has started out badly i wish i could bypass the rest of the day,not_sarcastic
train-00189-orig,train-00189,original,0,so nice to see the facebook app for iphone is improving,sarcastic
train-00189-interp1,train-00189,interpretation,1,so bad to see the facebook app for iphone not making any improvement,not_sarcastic
train-00189-interp2,train-00189,interpretation,2,it's a shame to see the facebook app for iphone worsening,not_sarcastic
train-00190-orig,train-00190,original,0,i love being reminded how much i've failed out here in utah,sarcastic
train-00190-interp1,train-00190,interpretation,1,i hate being reminded how much i've failed out here in utah,not_sarcastic
train-00190-interp2,train-00190,interpretation,2,i hate being reminded how much i've failed out here in utah,not_sarcastic
train-00191-orig,train-00191,original,0,thanks josh for not letting me nap,sarcastic
train-00191-interp1,train-00191,interpretation,1,no thanks josh for not letting me nap,not_sarcastic
train-00191-interp2,train-00191,interpretation,2,eww damn josh for not letting me nap,not_sarcastic
train-00192-orig,train-00192,original,0,when it's taking all of me not to be sarcastic to you yaaa allah please remove this sarcasm before i say something i regret,sarcastic
train-00192-interp1,train-00192,interpretation,1,when it's taking all of me to be sarcastic to you need to stop this sarcasm before i say something i regret,not_sarcastic
train-00192-interp2,train-00192,interpretation,2,when it's taking all of meto be sarcastic to you allah please remove this sarcasm before i say something i regret,not_sarcastic
train-00193-orig,train-00193,original,0,can't wait to enjoy my week of summer before more classes,sarcastic
train-00193-interp1,train-00193,interpretation,1,looking forward to enjoy my week of summer before more classes,not_sarcastic
train-00193-interp2,train-00193,interpretation,2,i wish i couldn't have a week of summer before more classes,not_sarcastic
train-00194-orig,train-00194,original,0,i love do you ?,sarcastic
train-00194-interp1,train-00194,interpretation,1,i hate do you ?,not_sarcastic
train-00194-interp2,train-00194,interpretation,2,i hate do you ?,not_sarcastic
train-00195-orig,train-00195,original,0,guy walking all around uk's constitutency map tapping wherever and graphs and charts and etc almost putting cnn to shame,sarcastic
train-00195-interp1,train-00195,interpretation,1,guy walking all around uk's constitutency map tapping wherever and graphs and charts and etc almost putting cnn to shame,not_sarcastic
train-00195-interp2,train-00195,interpretation,2,guy walking all around uk's constitutency map tapping wherever and graphs and charts and etc almost putting cnn to praise,not_sarcastic
train-00196-orig,train-00196,original,0,some of you might not know but there's a taco filter on today's snap chat,sarcastic
train-00196-interp1,train-00196,interpretation,1,some of you might not know but there is no taco filter on today's snap chat,not_sarcastic
train-00196-interp2,train-00196,interpretation,2,all of you know there's a taco filter on today's snap chat,not_sarcastic
train-00197-orig,train-00197,original,0,it's so great to have my phone plugged in but not charging,sarcastic
train-00197-interp1,train-00197,interpretation,1,it's so bad to have my phone plugged in but not charging,not_sarcastic
train-00197-interp2,train-00197,interpretation,2,it's so annoying to have my phone plugged in but not charging,not_sarcastic
train-00198-orig,train-00198,original,0,you look soooo much different in that snapchat filter than anyone else,sarcastic
train-00198-interp1,train-00198,interpretation,1,you look soooo much great in that snapchat filter than anyone else,not_sarcastic
train-00198-interp2,train-00198,interpretation,2,you don't look any diffent in that snapchat filter as anyone else,not_sarcastic
train-00199-orig,train-00199,original,0,please have 1 more food commercial while i'm working out please ?,sarcastic
train-00199-interp1,train-00199,interpretation,1,please have 1 more food commercial while i'm working out please ?,not_sarcastic
train-00199-interp2,train-00199,interpretation,2,don't ever have any food commercial while i'm working out okay ?,not_sarcastic
train-00200-orig,train-00200,original,0,great programming dvr software blocks further downloads until it is able to display the notification of success for the first,sarcastic
train-00200-interp1,train-00200,interpretation,1,great programming dvr software blocks further downloads until it is able to display the notification of success for the first,not_sarcastic
train-00200-interp2,train-00200,interpretation,2,poor programming dvr software blocks further downloads until it is able to display the notification of success for the first,not_sarcastic
train-00201-orig,train-00201,original,0,oof gopro down 6 with earnings out shortly you'd think worst is priced in and yet perhaps gpro should merge with fit ?,sarcastic
train-00201-interp1,train-00201,interpretation,1,oof gopro down 6 with earnings out shortly you'd think worst is priced in and yet perhaps gpro can't merge with fit ?,not_sarcastic
train-00201-interp2,train-00201,interpretation,2,oof gopro down 6 with earnings out shortly you'd think worst is priced in and yet perhaps gpro should never merge with fit ?,not_sarcastic
train-00202-orig,train-00202,original,0,yeah and i'm a victoria secret model wearing nothing but panties,sarcastic
train-00202-interp1,train-00202,interpretation,1,love wearing nothing but panties,not_sarcastic
train-00202-interp2,train-00202,interpretation,2,yeah and i'm a victoria wellknown model wearing panties,not_sarcastic
train-00203-orig,train-00203,original,0,twitter sent me an emergency update about football and asked you even tweet bro ? they know me so well,sarcastic
train-00203-interp1,train-00203,interpretation,1,twitter sent me an emergency update about football and asked you even tweet bro ? i am not recognized,not_sarcastic
train-00203-interp2,train-00203,interpretation,2,twitter sent me an emergency update about football and asked you even tweet bro ? they totally don't know me,not_sarcastic
train-00204-orig,train-00204,original,0,what a fucking great night this is going to be,sarcastic
train-00204-interp1,train-00204,interpretation,1,what a fucking bad night this is going to be,not_sarcastic
train-00204-interp2,train-00204,interpretation,2,what a fucking dull night this is going to be,not_sarcastic
train-00205-orig,train-00205,original,0,esf never getting through 2044002045 502047252049 752052502055 00 etc ?,sarcastic
train-00205-interp1,train-00205,interpretation,1,esf getting through 2044002045 502047252049 752052502055 00 etc,not_sarcastic
train-00205-interp2,train-00205,interpretation,2,esit's getting through 2044002045 502047252049 752052502055 00 etc,not_sarcastic
train-00206-orig,train-00206,original,0,we want to go back to the way things used to be ? yea back to when food safety was something we were actually concerned about,sarcastic
train-00206-interp1,train-00206,interpretation,1,we want to go back to the way things used to be ? yea back to when food safety was something we were actually concerned about,not_sarcastic
train-00206-interp2,train-00206,interpretation,2,we don't want to go back to the way things used to be ? no we've to avoid days when food safety was something we were actually concerned about,not_sarcastic
train-00207-orig,train-00207,original,0,just got me an mmr booster shot watch this space for a spontaneous outbreak of autism,sarcastic
train-00207-interp1,train-00207,interpretation,1,just got me an mmr booster shot watch this space for a spontaneous outbreak of autism,not_sarcastic
train-00207-interp2,train-00207,interpretation,2,just got me an mmr booster shot better avoid me because of my spontaneous outbreak of autism,not_sarcastic
train-00208-orig,train-00208,original,0,i can't believe ign let a woman review uncharted 4 as if she could possibly have an opinion,sarcastic
train-00208-interp1,train-00208,interpretation,1,ign let a woman review uncharted 4 because she possibly have an opinion,not_sarcastic
train-00208-interp2,train-00208,interpretation,2,i can't believe ign let a woman review uncharted 4 yet she couldn't have any opinion,not_sarcastic
train-00209-orig,train-00209,original,0,that how important it is,sarcastic
train-00209-interp1,train-00209,interpretation,1,that how unimportant it is,not_sarcastic
train-00209-interp2,train-00209,interpretation,2,that how useless it is,not_sarcastic
train-00210-orig,train-00210,original,0,my twitter timeline is so ridiculously levelheaded lol,sarcastic
train-00210-interp1,train-00210,interpretation,1,my twitter timeline is so logically levelheaded,not_sarcastic
train-00210-interp2,train-00210,interpretation,2,my twitter timeline is biased and undecisive,not_sarcastic
train-00211-orig,train-00211,original,0,and the worlds best mom award goes to my mom,sarcastic
train-00211-interp1,train-00211,interpretation,1,my mom could never be awarded world best mom,not_sarcastic
train-00211-interp2,train-00211,interpretation,2,and the world's worst mom award goes to my mom,not_sarcastic
train-00212-orig,train-00212,original,0,crying at work is a really pretty face,sarcastic
train-00212-interp1,train-00212,interpretation,1,crying at work is a really bad face,not_sarcastic
train-00212-interp2,train-00212,interpretation,2,crying at work is a dull face,not_sarcastic
train-00213-orig,train-00213,original,0,a scifi book where people have special powers really unique veronica roth,sarcastic
train-00213-interp1,train-00213,interpretation,1,a scifi book where people have special powers really normal veronica roth,not_sarcastic
train-00213-interp2,train-00213,interpretation,2,a scifi book where people have special powers just ordinary veronica roth,not_sarcastic
train-00214-orig,train-00214,original,0,aced my finals wrecked my car it's called balance,sarcastic
train-00214-interp1,train-00214,interpretation,1,aced my finals wrecked my car it's called unbalance,not_sarcastic
train-00214-interp2,train-00214,interpretation,2,aced my finals wrecked my car it's unfortunate,not_sarcastic
train-00215-orig,train-00215,original,0,she texted me your adorable i replied ' no you're adorable now she likes me all i did was point out her typo,sarcastic
train-00215-interp1,train-00215,interpretation,1,she texted me your adorable i replied ' no you're adorable now she likes me all i did was point forget about her typo,not_sarcastic
train-00215-interp2,train-00215,interpretation,2,she texted me your adorable i replied ' no you're adorable now she hates me all idid was point out her typo,not_sarcastic
train-00216-orig,train-00216,original,0,twtr nice follow thru for twitter today,sarcastic
train-00216-interp1,train-00216,interpretation,1,twtr bad follow thru for twitter today,not_sarcastic
train-00216-interp2,train-00216,interpretation,2,twtr bad follow thru for twitter today,not_sarcastic
train-00217-orig,train-00217,original,0,mm a new thought to haunt me tirelessly great,sarcastic
train-00217-interp1,train-00217,interpretation,1,mm a new thought to haunt me tirelessly bad,not_sarcastic
train-00217-interp2,train-00217,interpretation,2,mm a new thought to haunt me tirelessly horrible,not_sarcastic
train-00218-orig,train-00218,original,0,mediocrity at its finest,sarcastic
train-00218-interp1,train-00218,interpretation,1,mediocrity at its worst,not_sarcastic
train-00218-interp2,train-00218,interpretation,2,mediocrity at its worst,not_sarcastic
train-00219-orig,train-00219,original,0,makes me proud to think that jooheon and i m already have mix tapes now to wait for minhyuks gotta love his rap skills gt lt,sarcastic
train-00219-interp1,train-00219,interpretation,1,makes me proud to think that jooheon and i m already have mix tapes now to wait for minhyuks gotta hate his rap skills gt lt,not_sarcastic
train-00219-interp2,train-00219,interpretation,2,makes me sad to think that jooheon and i m already have mix tapes now to wait for minhyuks gotta hate his rap skills,not_sarcastic
train-00220-orig,train-00220,original,0,the mtn data network crashed again ? i'm shocked,sarcastic
train-00220-interp1,train-00220,interpretation,1,the mtn data network crashed again ? not so surprised,not_sarcastic
train-00220-interp2,train-00220,interpretation,2,the mtn data network crashed again ? it's normal,not_sarcastic
train-00221-orig,train-00221,original,0,my mufti is such a humble man because he took selfie with me,sarcastic
train-00221-interp1,train-00221,interpretation,1,my mufti is not such a humble man even though he took selfie with me,not_sarcastic
train-00221-interp2,train-00221,interpretation,2,my mufti is such an arrogant man because he took selfie with me,not_sarcastic
train-00222-orig,train-00222,original,0,people set standards for others yet they are not capable to reach themselves,sarcastic
train-00222-interp1,train-00222,interpretation,1,why set standards for others when you can not reach yourself,not_sarcastic
train-00222-interp2,train-00222,interpretation,2,people don't have to set standards for others when they're not capable to reach themselves,not_sarcastic
train-00223-orig,train-00223,original,0,just wanna inform y'all that i'm working at a club i'm a whore,sarcastic
train-00223-interp1,train-00223,interpretation,1,just wanna inform y'all that i'm working at a club i'm not a whore,not_sarcastic
train-00223-interp2,train-00223,interpretation,2,just wanna inform y'all that i'm working at a club overnight,not_sarcastic
train-00224-orig,train-00224,original,0,beautiful day to be stuck inside working,sarcastic
train-00224-interp1,train-00224,interpretation,1,hideous day to be stuck inside working,not_sarcastic
train-00224-interp2,train-00224,interpretation,2,bummer day to be stuck inside working,not_sarcastic
train-00225-orig,train-00225,original,0,i see me and will are going to be bestfriends,sarcastic
train-00225-interp1,train-00225,interpretation,1,i see me and will wont be able to be bestfriends,not_sarcastic
train-00225-interp2,train-00225,interpretation,2,i see will and i are going to be enemies,not_sarcastic
train-00226-orig,train-00226,original,0,never seen so many dots stripes blobs in makeup demonstrations how did we survive without contouring,sarcastic
train-00226-interp1,train-00226,interpretation,1,there are so many dots stripes blobs in makeup demonstrations how did we survive without contouring,not_sarcastic
train-00226-interp2,train-00226,interpretation,2,never seen so many dots stripes blobs in makeup demonstrations but we survived nicely without contouring,not_sarcastic
train-00227-orig,train-00227,original,0,nice work embarassing yourself arsen good job,sarcastic
train-00227-interp1,train-00227,interpretation,1,too bad embarassing yourself arsen too bad,not_sarcastic
train-00227-interp2,train-00227,interpretation,2,it's ashame embarassing yourself arsen shameful job,not_sarcastic
train-00228-orig,train-00228,original,0,today is gonna be gr8,sarcastic
train-00228-interp1,train-00228,interpretation,1,today is gonna be awful,not_sarcastic
train-00228-interp2,train-00228,interpretation,2,today is gonna be bad,not_sarcastic
train-00229-orig,train-00229,original,0,there are some people who really need to be put up on a wall with all the respect possible at the best,sarcastic
train-00229-interp1,train-00229,interpretation,1,there are some people who dont need to be put up on a wall as they don't deserve all the respect possible,not_sarcastic
train-00229-interp2,train-00229,interpretation,2,there are some people who really need to be put up on a wall in a demeaning manner possible,not_sarcastic
train-00230-orig,train-00230,original,0,is bbc news mentioning the tory election fraud yet ? don't forget to vote today,sarcastic
train-00230-interp1,train-00230,interpretation,1,is bbc news mentioning the tory election fraud yet ? why need to vote today,not_sarcastic
train-00230-interp2,train-00230,interpretation,2,is bbc news mentioning the tory election fraud yet ? never vote today,not_sarcastic
train-00231-orig,train-00231,original,0,i love traffic,sarcastic
train-00231-interp1,train-00231,interpretation,1,i hate traffic,not_sarcastic
train-00231-interp2,train-00231,interpretation,2,i hate traffic,not_sarcastic
train-00232-orig,train-00232,original,0,my preferred first language is,sarcastic
train-00232-interp1,train-00232,interpretation,1,sarcasm is nor my preferred first language,not_sarcastic
train-00232-interp2,train-00232,interpretation,2,my last and nonpreferred is sarcasm,not_sarcastic
train-00233-orig,train-00233,original,0,well done emma i think wearing a coat to work today was the smartest thing you've done,sarcastic
train-00233-interp1,train-00233,interpretation,1,too bad emma i think wearing a coat to work today was the awful thing you've done,not_sarcastic
train-00233-interp2,train-00233,interpretation,2,oh no emma i think wearing a coat to work today was the worst thing you've done,not_sarcastic
train-00234-orig,train-00234,original,0,oh yeah and vote us out of europe while you're at it great idea,sarcastic
train-00234-interp1,train-00234,interpretation,1,oh yeah and vote us out of europe while you're at it bad idea,not_sarcastic
train-00234-interp2,train-00234,interpretation,2,oh no don't vote us out of europe while you're at it bad idea,not_sarcastic
train-00235-orig,train-00235,original,0,when the teacher says you are here to study that's,sarcastic
train-00235-interp1,train-00235,interpretation,1,when the teacher says you are not here to study that's,not_sarcastic
train-00235-interp2,train-00235,interpretation,2,when the teacher says you are here to study that's is sarcasm,not_sarcastic
train-00236-orig,train-00236,original,0,global warming is a hoax because it is cold today where i live,sarcastic
train-00236-interp1,train-00236,interpretation,1,global warming is a hoax because it is hot today where i live,not_sarcastic
train-00236-interp2,train-00236,interpretation,2,global warming is real because it is hot today where i live,not_sarcastic
train-00237-orig,train-00237,original,0,friends are just so fucking great aren't they ?,sarcastic
train-00237-interp1,train-00237,interpretation,1,friends are just so fucking bad aren't they ?,not_sarcastic
train-00237-interp2,train-00237,interpretation,2,friends are just so fucking dull aren't they ?,not_sarcastic
train-00238-orig,train-00238,original,0,essays and television and twitter and drinking water real fun lol,sarcastic
train-00238-interp1,train-00238,interpretation,1,essays and television and twitter and drinking water not so fun,not_sarcastic
train-00238-interp2,train-00238,interpretation,2,essays and television and twitter and drinking water real hell yuck,not_sarcastic
train-00239-orig,train-00239,original,0,my girlfriend needs time and distance i'm wondering is she calculating velocity,sarcastic
train-00239-interp1,train-00239,interpretation,1,my girlfriend needs time and distance i'm wondering long it will be,not_sarcastic
train-00239-interp2,train-00239,interpretation,2,my girlfriend needs time and distance i don't understand her,not_sarcastic
train-00240-orig,train-00240,original,0,another dirtbag using the outlets in front of our store shocking,sarcastic
train-00240-interp1,train-00240,interpretation,1,another dirtbag using the outlets in front of our store not baffled,not_sarcastic
train-00240-interp2,train-00240,interpretation,2,another dirtbag using the outlets in front of our store shocking,not_sarcastic
train-00241-orig,train-00241,original,0,finished my last assignment in my ethics class and it didn't kill me after all i'm just as shocked as you are,sarcastic
train-00241-interp1,train-00241,interpretation,1,finished my last assignment in my ethics class and it didn't kill me after all i'm not just as shocked as you are,not_sarcastic
train-00241-interp2,train-00241,interpretation,2,finished my last assignment in my ethics class and it was too hard i'm just as shocked as you are,not_sarcastic
train-00242-orig,train-00242,original,0,last tweet of the night and i'm out sevilla and villarreal to win tomorrow spain for days in european comps very exciting,sarcastic
train-00242-interp1,train-00242,interpretation,1,last tweet of the night and i'm out sevilla and villarreal to win tomorrow spain for days in european comps very boring,not_sarcastic
train-00242-interp2,train-00242,interpretation,2,last tweet of the night and i'm out sevilla and villarreal to win tomorrow spain for days in european comps very boring,not_sarcastic
train-00243-orig,train-00243,original,0,nothing like a 10 hr workday turning into a 12 1 2 hr one yeah at least i'm home now,sarcastic
train-00243-interp1,train-00243,interpretation,1,hate having a 10 hr workday turning into a 12 1 2 hr one stressed out at least i'm home now,not_sarcastic
train-00243-interp2,train-00243,interpretation,2,nothing bad like a 10 hr workday turning into a 12 1 2 hr one when will i get home now ?,not_sarcastic
train-00244-orig,train-00244,original,0,down side is my husband is up i'm up and a couple of friends are up and it's midnight we'll be real peaches tomorrow,sarcastic
train-00244-interp1,train-00244,interpretation,1,down side is my husband is up i'm up and a couple of friends are up and it's midnight we'll be real peaches tomorrow,not_sarcastic
train-00244-interp2,train-00244,interpretation,2,down side is my husband is up i'm up and a couple of friends are up and it's midnight we'll be worn up tomorrow,not_sarcastic
train-00245-orig,train-00245,original,0,awww dang that really hurt my feelings darn it,sarcastic
train-00245-interp1,train-00245,interpretation,1,dang that didn't affect my feelings darn it,not_sarcastic
train-00245-interp2,train-00245,interpretation,2,awww dang that really hurt my feelings darn it,not_sarcastic
train-00246-orig,train-00246,original,0,really you're doing a great job at making me feel useless and irresponsible thanks for that,sarcastic
train-00246-interp1,train-00246,interpretation,1,really you're doing a bad job at making me feel useless and irresponsible no thanks for that,not_sarcastic
train-00246-interp2,train-00246,interpretation,2,really you're doing a bad job at making me feel useless and irresponsible damned you,not_sarcastic
train-00247-orig,train-00247,original,0,i didn't watch lemonade i just know that women be angry thanks jayz,sarcastic
train-00247-interp1,train-00247,interpretation,1,i didn't watch lemonade i just know that women be angry no thanks jayz,not_sarcastic
train-00247-interp2,train-00247,interpretation,2,i didn't watch lemonade i just know that women be angry dang jayz,not_sarcastic
train-00248-orig,train-00248,original,0,it's nice seeing how racist the us is becoming,sarcastic
train-00248-interp1,train-00248,interpretation,1,it so bad seeing how racist the us is becoming,not_sarcastic
train-00248-interp2,train-00248,interpretation,2,it's bad seeing how racist the us is becoming,not_sarcastic
train-00249-orig,train-00249,original,0,panic attacks rock,sarcastic
train-00249-interp1,train-00249,interpretation,1,panic attacks don't rock,not_sarcastic
train-00249-interp2,train-00249,interpretation,2,panic attacks rock,not_sarcastic
train-00250-orig,train-00250,original,0,if i text you everyday feel special motherfucker it's a lot of people still waiting on a reply,sarcastic
train-00250-interp1,train-00250,interpretation,1,if i text you everyday feel special motherfucker i don't even have time for better people,not_sarcastic
train-00250-interp2,train-00250,interpretation,2,i won't text you everyday motherfucker it's a lot of people still waiting on a reply,not_sarcastic
train-00251-orig,train-00251,original,0,do you think if i start posting about where i side in the election it will cause people i disagree with to start deleting me ?,sarcastic
train-00251-interp1,train-00251,interpretation,1,do you know if i start posting about where i side in the election it will not cause people i disagree with to start deleting me ?,not_sarcastic
train-00251-interp2,train-00251,interpretation,2,if i start posting about where i side in the election it will cause people i disagree with to start deleting me,not_sarcastic
train-00252-orig,train-00252,original,0,love being replaced,sarcastic
train-00252-interp1,train-00252,interpretation,1,hate being replaced,not_sarcastic
train-00252-interp2,train-00252,interpretation,2,hate being replaced,not_sarcastic
train-00253-orig,train-00253,original,0,nice to know i have such a supportive husband,sarcastic
train-00253-interp1,train-00253,interpretation,1,bad to know i have such a not supportive husband,not_sarcastic
train-00253-interp2,train-00253,interpretation,2,sad to know i have unsupportive husband,not_sarcastic
train-00254-orig,train-00254,original,0,i love how retweets show up in the what i missed section now,sarcastic
train-00254-interp1,train-00254,interpretation,1,i hate how retweets show up in the what i missed section now,not_sarcastic
train-00254-interp2,train-00254,interpretation,2,i hate how retweets show up in the what i missed section now,not_sarcastic
train-00255-orig,train-00255,original,0,by not training for martial arts to counter rape that means you are allowing yourself to be raped great logic 10 10,sarcastic
train-00255-interp1,train-00255,interpretation,1,by not training for martial arts to counter rape does not means you are allowing yourself to be raped great logic 10 10,not_sarcastic
train-00255-interp2,train-00255,interpretation,2,by not training for martial arts to counter rape that means you are allowing yourself to be raped poor logic 0 10,not_sarcastic
train-00256-orig,train-00256,original,0,oh boy looks like another weekend of national broadcasts of yankees red sox i guess there are no other games this weekend,sarcastic
train-00256-interp1,train-00256,interpretation,1,oh boy looks like another weekend of national broadcasts of yankees red sox why showing that always,not_sarcastic
train-00256-interp2,train-00256,interpretation,2,oh boy looks like another weekend of national broadcasts of yankees red sox yet there are other better games this weekend,not_sarcastic
train-00257-orig,train-00257,original,0,awesome,sarcastic
train-00257-interp1,train-00257,interpretation,1,awful,not_sarcastic
train-00257-interp2,train-00257,interpretation,2,horrible,not_sarcastic
train-00258-orig,train-00258,original,0,seems to me we should let climate change be survival of the fittest can happen and the next species in evolution can take over,sarcastic
train-00258-interp1,train-00258,interpretation,1,seems to me we should work on the climate change or else evolution can take over and it will be survival of the fittest,not_sarcastic
train-00258-interp2,train-00258,interpretation,2,seems to me we should not let climate change continue it would place us on the brink of extinction,not_sarcastic
train-00259-orig,train-00259,original,0,suddenly it's 10 am this summer is the best ever,sarcastic
train-00259-interp1,train-00259,interpretation,1,suddenly it's 10 am this summer is the worst ever,not_sarcastic
train-00259-interp2,train-00259,interpretation,2,suddenly it's 10 am this summer is the worst ever,not_sarcastic
train-00260-orig,train-00260,original,0,finally got to donate plasma and it only took 4 hours and i was hooked up for an hour and a half it was so fuckin lit,sarcastic
train-00260-interp1,train-00260,interpretation,1,finally got to donate plasma and it only took 4 hours and i was hooked up for an hour and a half it was so fuckin annoying,not_sarcastic
train-00260-interp2,train-00260,interpretation,2,finally got to donate plasma and it only took 4 hours and i was hooked up for an hour and a half it was so fuckin lit,not_sarcastic
train-00261-orig,train-00261,original,0,so glad the pens picked pouliot over forsberg,sarcastic
train-00261-interp1,train-00261,interpretation,1,so sad the pens picked pouliot over forsberg,not_sarcastic
train-00261-interp2,train-00261,interpretation,2,so sad the pens picked pouliot over forsberg,not_sarcastic
train-00262-orig,train-00262,original,0,god blessed me with the gift of and i never want to take it for granted so i use my gift daily i don't ever wanna let him down,sarcastic
train-00262-interp1,train-00262,interpretation,1,god blessed me with the gift of and i never want to take it for granted so i use my gift daily i don't ever wanna let him down,not_sarcastic
train-00262-interp2,train-00262,interpretation,2,finally got to donate plasma and it only took 4 hours and i was hooked up for an hour and a half it was nice,not_sarcastic
train-00263-orig,train-00263,original,0,i wonder what peeps said about radiohead making a stop motion animated video since in a whiny voice cartoons are for kids,sarcastic
train-00263-interp1,train-00263,interpretation,1,i wonder what peeps said about radiohead making a stop motion animated video since in a whiny voice cartoons are for all,not_sarcastic
train-00263-interp2,train-00263,interpretation,2,i wonder what peeps said about radiohead making a stop motion animated video since in applausal cartoons are for kids,not_sarcastic
train-00264-orig,train-00264,original,0,good on malcom turnball,sarcastic
train-00264-interp1,train-00264,interpretation,1,too bad on malcom turnball,not_sarcastic
train-00264-interp2,train-00264,interpretation,2,bad on malcom turnball,not_sarcastic
train-00265-orig,train-00265,original,0,two questionable replays this inning and it screws up morgan's rhythm it's been so good for the game,sarcastic
train-00265-interp1,train-00265,interpretation,1,two questionable replays this inning and it screws up morgan's rhythm it's been so bad for the game,not_sarcastic
train-00265-interp2,train-00265,interpretation,2,two questionable replays this inning and it screws up morgan's rhythm it's been so bad for the game,not_sarcastic
train-00266-orig,train-00266,original,0,might as well be a robot with this amazing life i'm living,sarcastic
train-00266-interp1,train-00266,interpretation,1,might as well be a robot with this bad life i'm living,not_sarcastic
train-00266-interp2,train-00266,interpretation,2,might as well be a robot with this difficult life i'm living,not_sarcastic
train-00267-orig,train-00267,original,0,the flower crown has got to goooooooooo coachella was months ago,sarcastic
train-00267-interp1,train-00267,interpretation,1,the flower crown has got to goooooooooo coachella was months ago,not_sarcastic
train-00267-interp2,train-00267,interpretation,2,the flower crown has got to remain coachella was months ago,not_sarcastic
train-00268-orig,train-00268,original,0,making flash cards for my exams tomorrow i'm having fun,sarcastic
train-00268-interp1,train-00268,interpretation,1,making flash cards for my exams tomorrow i'm working hard,not_sarcastic
train-00268-interp2,train-00268,interpretation,2,making flash cards for my exams tomorrow i'm having hellish experience,not_sarcastic
train-00269-orig,train-00269,original,0,mr wall your handwriting needs to be a font it's like not messy but it's unique lol nvr heard that 1 b4,sarcastic
train-00269-interp1,train-00269,interpretation,1,mr wall your handwriting needs to be a font it's like not messy but it's not unique lol nvr heard that 1 b4,not_sarcastic
train-00269-interp2,train-00269,interpretation,2,mr wall your handwriting needs to be a font it's likemessy and weird lol nvr heard that 1,not_sarcastic
train-00270-orig,train-00270,original,0,trump on cnn amazing he should be observed studied in the name of behavioral sciences,sarcastic
train-00270-interp1,train-00270,interpretation,1,trump on cnn too bad he should be observed studied in the name of behavioral sciences,not_sarcastic
train-00270-interp2,train-00270,interpretation,2,trump on cnn annoying he should be observed studied in the name of behavioral sciences,not_sarcastic
train-00271-orig,train-00271,original,0,these referees are really good guys really good,sarcastic
train-00271-interp1,train-00271,interpretation,1,these referees are really bad guys really bad,not_sarcastic
train-00271-interp2,train-00271,interpretation,2,these referees are really bad guys really bad,not_sarcastic
train-00272-orig,train-00272,original,0,omg they're so cool and relateable celebs are just like us guys hahahahahahahaha,sarcastic
train-00272-interp1,train-00272,interpretation,1,omg they're so cool and relateable celebs are nothing like us guys hahahahahahahaha,not_sarcastic
train-00272-interp2,train-00272,interpretation,2,omg they're so cool and relateable celebs are not like us guys hahahahahahahaha,not_sarcastic
train-00273-orig,train-00273,original,0,studying for apush is so relaxing like why didn't i start studying earlier i'm having so much fun,sarcastic
train-00273-interp1,train-00273,interpretation,1,studying for apush is so stressing like why didn't i start studying earlier i'm having facing so much work,not_sarcastic
train-00273-interp2,train-00273,interpretation,2,studying for apush is so stressful like why didn't i start studying earlier i'm having so much stress,not_sarcastic
train-00274-orig,train-00274,original,0,huge crashes at gila ? never,sarcastic
train-00274-interp1,train-00274,interpretation,1,huge crashes at gila ? never,not_sarcastic
train-00274-interp2,train-00274,interpretation,2,huge crashes at gila ? normal,not_sarcastic
train-00275-orig,train-00275,original,0,well tonight's ride home was loads of fun,sarcastic
train-00275-interp1,train-00275,interpretation,1,well tonight's ride home was so boring,not_sarcastic
train-00275-interp2,train-00275,interpretation,2,yuck tonight's ride home was loads of hell,not_sarcastic
train-00276-orig,train-00276,original,0,what's that browyn ? you were asked to resign to protect abbott ? well gee we'd never have worked that out ourselves,sarcastic
train-00276-interp1,train-00276,interpretation,1,what's that browyn ? you were asked to resign to protect abbott ? well gee we'd could have worked that out ourselves,not_sarcastic
train-00276-interp2,train-00276,interpretation,2,what's that browyn ? you were asked to resign to protect abbott ? well we'd have worked that out ourselves,not_sarcastic
train-00277-orig,train-00277,original,0,arrow tonight oh boy,sarcastic
train-00277-interp1,train-00277,interpretation,1,arrow tonight oh boy,not_sarcastic
train-00277-interp2,train-00277,interpretation,2,arrow missing tonight oh boy,not_sarcastic
train-00278-orig,train-00278,original,0,friends that ignore you in favor of a new bf gf are the best,sarcastic
train-00278-interp1,train-00278,interpretation,1,friends that ignore you in favor of a new bf gf are the worst,not_sarcastic
train-00278-interp2,train-00278,interpretation,2,friends that ignore you in favor of a new bf gf are the worst,not_sarcastic
train-00279-orig,train-00279,original,0,you have over 10 k followers heaps of tweets and each tweets has like less than 80 likes ? bitch you bought your followers,sarcastic
train-00279-interp1,train-00279,interpretation,1,you have over 10 k followers heaps of tweets and each tweets has like less than 80 likes ? bitch how did you come about it ?,not_sarcastic
train-00279-interp2,train-00279,interpretation,2,you have over 10 k followers heaps of tweets and each tweets has like less than 80 likes ? bitch your followers are disinterested with your tweets,not_sarcastic
train-00280-orig,train-00280,original,0,yay baked chicken breast yum,sarcastic
train-00280-interp1,train-00280,interpretation,1,no baked chicken breast,not_sarcastic
train-00280-interp2,train-00280,interpretation,2,yay baked chicken breast yum,not_sarcastic
train-00281-orig,train-00281,original,0,a tumble weed just slowly blew across a bike lane on harbord somewhere between ossington amp st george yay bloor bike lanes,sarcastic
train-00281-interp1,train-00281,interpretation,1,a tumble weed just slowly blew across a bike lane on harbord somewhere between ossington amp st george yay bloor bike lanes,not_sarcastic
train-00281-interp2,train-00281,interpretation,2,a tumble weed just slowly blew across a bike lane on harbord somewhere between ossington amp st george yuk bloor bike lanes,not_sarcastic
train-00282-orig,train-00282,original,0,oh and the day isn't over yet there's more to come,sarcastic
train-00282-interp1,train-00282,interpretation,1,oh and the day is over already there is nothing more to come,not_sarcastic
train-00282-interp2,train-00282,interpretation,2,oh and the day is over nothing more to come,not_sarcastic
train-00283-orig,train-00283,original,0,i don't know about anyone else but i am glad we'll now be able to hear trump without all the background noise,sarcastic
train-00283-interp1,train-00283,interpretation,1,i don't know about anyone else but i am glad we'll now be able to hear trump without all the background noise,not_sarcastic
train-00283-interp2,train-00283,interpretation,2,oh no there's no one else i am unhappy we'll now be able to hear trump making lots of noise,not_sarcastic
train-00284-orig,train-00284,original,0,1011 f fever today oh goody,sarcastic
train-00284-interp1,train-00284,interpretation,1,1011 f fever today oh too bad,not_sarcastic
train-00284-interp2,train-00284,interpretation,2,fever today oh nasty,not_sarcastic
train-00285-orig,train-00285,original,0,this room is like 10 women but it s ok there s nothing wrong with computer science everything is fine,sarcastic
train-00285-interp1,train-00285,interpretation,1,this room is like 10 women but it s ok there s nothing wrong with computer science everything is fine,not_sarcastic
train-00285-interp2,train-00285,interpretation,2,this room is like 10 women there's something wrong with computer science everything is messy,not_sarcastic
train-00286-orig,train-00286,original,0,i'm so glad i moved home,sarcastic
train-00286-interp1,train-00286,interpretation,1,i'm so sad i moved home,not_sarcastic
train-00286-interp2,train-00286,interpretation,2,i'm unhappy moved home,not_sarcastic
train-00287-orig,train-00287,original,0,i love how corporations like to do the bare minimum that ada allows,sarcastic
train-00287-interp1,train-00287,interpretation,1,i hate how corporations like to do the bare minimum that ada allows,not_sarcastic
train-00287-interp2,train-00287,interpretation,2,i hate how corporations like to do the bare minimum that ada allows,not_sarcastic
train-00288-orig,train-00288,original,0,oh what a fantastic 2 weeks it has been,sarcastic
train-00288-interp1,train-00288,interpretation,1,oh what an awful 2 weeks it has been,not_sarcastic
train-00288-interp2,train-00288,interpretation,2,yuck what a bummer 2 weeks it has been,not_sarcastic
train-00289-orig,train-00289,original,0,csections are just way too pleasant,sarcastic
train-00289-interp1,train-00289,interpretation,1,csections are just way not pleasant,not_sarcastic
train-00289-interp2,train-00289,interpretation,2,csections are just way too unpleasant,not_sarcastic
train-00290-orig,train-00290,original,0,the men in my life are just a work of art,sarcastic
train-00290-interp1,train-00290,interpretation,1,the men in my life are not functioning,not_sarcastic
train-00290-interp2,train-00290,interpretation,2,the men in my life are just useless,not_sarcastic
train-00291-orig,train-00291,original,0,me they the marlies are awesome and my friend my brother you have friends ? haha you are so funny,sarcastic
train-00291-interp1,train-00291,interpretation,1,me they the marlies are awesome and my friend my brother you have friends ? haha you are so funny,not_sarcastic
train-00291-interp2,train-00291,interpretation,2,me they the marlies are awesome and my friend my brother you surely do not have friends,not_sarcastic
train-00292-orig,train-00292,original,0,also streams of vulgarity door slamming and knocking over items and blabbing about how picky you are was a nice touch,sarcastic
train-00292-interp1,train-00292,interpretation,1,also streams of vulgarity door slamming and knocking over items and blabbing about how picky you are was a bad touch,not_sarcastic
train-00292-interp2,train-00292,interpretation,2,also streams of vulgarity door slamming and knocking over items and blabbing about how picky you are was an irritating touch,not_sarcastic
train-00293-orig,train-00293,original,0,royals are having a fun game,sarcastic
train-00293-interp1,train-00293,interpretation,1,royals are having a boring game,not_sarcastic
train-00293-interp2,train-00293,interpretation,2,royals are having a dull game,not_sarcastic
train-00294-orig,train-00294,original,0,aeropostale just filed for chapter 11 bankruptcy didn't see that coming,sarcastic
train-00294-interp1,train-00294,interpretation,1,aeropostale just filed for chapter 11 bankruptcy saw it coming,not_sarcastic
train-00294-interp2,train-00294,interpretation,2,aeropostale just filed for chapter 11 bankruptcy saw that coming,not_sarcastic
train-00295-orig,train-00295,original,0,the shit you tweet with the passport size photo of yours,sarcastic
train-00295-interp1,train-00295,interpretation,1,the shit you tweet with the passport size photo of yours,not_sarcastic
train-00295-interp2,train-00295,interpretation,2,the shit you tweet with the passport size photo of yours,not_sarcastic
train-00296-orig,train-00296,original,0,papa john's beat on earnings pzza up 8 guess that's where peyton manning is spending all his free time in retirement,sarcastic
train-00296-interp1,train-00296,interpretation,1,papa john's beat on earnings pzza up 8 guess that's where peyton manning is spending all his free time in retirement,not_sarcastic
train-00296-interp2,train-00296,interpretation,2,papa john's beat on earnings pzza up 8 guess that's where peyton manning is working after his retirement,not_sarcastic
train-00297-orig,train-00297,original,0,men women belong in the kitchen women you wish asshole,sarcastic
train-00297-interp1,train-00297,interpretation,1,men women belong in the kitchen women you wish asshole,not_sarcastic
train-00297-interp2,train-00297,interpretation,2,men women belong in the kitchen women you wish we're useless ?,not_sarcastic
train-00298-orig,train-00298,original,0,lois talking about the death of her 12 year old car is so heartbreaking,sarcastic
train-00298-interp1,train-00298,interpretation,1,lois talking about the death of her 12 year old car is so funny,not_sarcastic
train-00298-interp2,train-00298,interpretation,2,lois talking about the breakage of her 12 year old car is so ridiculous,not_sarcastic
train-00299-orig,train-00299,original,0,empowertising my new favorite word none of that going in silicon valley no not at all,sarcastic
train-00299-interp1,train-00299,interpretation,1,empowertising my new favorite word all of that going in silicon valley all,not_sarcastic
train-00299-interp2,train-00299,interpretation,2,empowertising my new hated word none of that going in silicon valley no not at all,not_sarcastic
train-00300-orig,train-00300,original,0,so much fun taking the underground with manchester city and real madrid fans,sarcastic
train-00300-interp1,train-00300,interpretation,1,not much fun taking the underground with manchester city and real madrid fans,not_sarcastic
train-00300-interp2,train-00300,interpretation,2,it is hellish taking the underground with manchester city and real madrid fans,not_sarcastic
train-00301-orig,train-00301,original,0,it's official congratulations gop you built that you must be so proud,sarcastic
train-00301-interp1,train-00301,interpretation,1,it's official congratulations gop you built that you must be so proud,not_sarcastic
train-00301-interp2,train-00301,interpretation,2,it's official oh sorry gop you built that you must be so dejected,not_sarcastic
train-00302-orig,train-00302,original,0,so i've had my scan aaaand i have a large cyst either attached to my ovary or my bowel they don't know fucking awesome,sarcastic
train-00302-interp1,train-00302,interpretation,1,so i've had my scan aaaand i have a large cyst either attached to my ovary or my bowel they don't know fucking awful,not_sarcastic
train-00302-interp2,train-00302,interpretation,2,so i've had my scan aaaand i have a large cyst either attached to my ovary or my bowel they don't know fucking irritating,not_sarcastic
train-00303-orig,train-00303,original,0,shoutout to the girl who keeps smoking in the school bathroom you're the real mvp,sarcastic
train-00303-interp1,train-00303,interpretation,1,i pity the girl who keeps smoking in the school bathroom you're not helping yourself,not_sarcastic
train-00303-interp2,train-00303,interpretation,2,shame to the girl who keeps smoking in the school bathroom you're useless,not_sarcastic
train-00304-orig,train-00304,original,0,i wonder if there are so few grad students at seminar because we don't get enough emails about it,sarcastic
train-00304-interp1,train-00304,interpretation,1,i wonder if there are so many grad students at seminar because we don't get enough emails about it,not_sarcastic
train-00304-interp2,train-00304,interpretation,2,i wonder if there are many grad students at seminar because we don't get enough emails about it,not_sarcastic
train-00305-orig,train-00305,original,0,this bizarre combination of earache congested ears chest cough has sidelined me for the past day any think pieces i need to read ?,sarcastic
train-00305-interp1,train-00305,interpretation,1,this bizarre combination of earache congested ears chest cough has sidelined me for the past day any way out am ready to do it,not_sarcastic
train-00305-interp2,train-00305,interpretation,2,this bizarre combination of earache congested ears chest cough has sidelined me for the past day,not_sarcastic
train-00306-orig,train-00306,original,0,well what a surprise,sarcastic
train-00306-interp1,train-00306,interpretation,1,well not a surprise,not_sarcastic
train-00306-interp2,train-00306,interpretation,2,well not surprising,not_sarcastic
train-00307-orig,train-00307,original,0,the computer center has amazing customer service,sarcastic
train-00307-interp1,train-00307,interpretation,1,the computer center has bad customer service,not_sarcastic
train-00307-interp2,train-00307,interpretation,2,the computer center has an awful customer service,not_sarcastic
train-00308-orig,train-00308,original,0,the developers of one of the biggest video game flops in history is going to be developing the new star wars game thanks ea,sarcastic
train-00308-interp1,train-00308,interpretation,1,the developers of one of the biggest video game flops in history is going to be developing the new star wars game thanks ea,not_sarcastic
train-00308-interp2,train-00308,interpretation,2,the developers of one of the biggest video game flops in history is going to be developing the new star wars game ugh ea,not_sarcastic
train-00309-orig,train-00309,original,0,didn't mean to send you that but thanks for the response,sarcastic
train-00309-interp1,train-00309,interpretation,1,i meant to send you that and thanks for the response,not_sarcastic
train-00309-interp2,train-00309,interpretation,2,didn't mean to send you that but i'm irritated by the response,not_sarcastic
train-00310-orig,train-00310,original,0,great job america you have elected donald trump as the republican candidate for the presidency well done,sarcastic
train-00310-interp1,train-00310,interpretation,1,too bad america you have elected donald trump as the republican candidate for the presidency hmmm,not_sarcastic
train-00310-interp2,train-00310,interpretation,2,bad job america you have elected donald trump as the republican candidate for the presidency poor job,not_sarcastic
train-00311-orig,train-00311,original,0,shitting and spitting up stuff oh lovely,sarcastic
train-00311-interp1,train-00311,interpretation,1,shitting and spitting up stuff oh not too good,not_sarcastic
train-00311-interp2,train-00311,interpretation,2,shitting and spitting up stuff oh shameful,not_sarcastic
train-00312-orig,train-00312,original,0,i love how relevant nebraska's primary will be next week,sarcastic
train-00312-interp1,train-00312,interpretation,1,i hate how relevant nebraska's primary will be next week,not_sarcastic
train-00312-interp2,train-00312,interpretation,2,i hate how irrelevant nebraska's primary will be next week,not_sarcastic
train-00313-orig,train-00313,original,0,school computers are so fast i love it,sarcastic
train-00313-interp1,train-00313,interpretation,1,school computers are so slow i hate it,not_sarcastic
train-00313-interp2,train-00313,interpretation,2,school computers are so slow i hate it,not_sarcastic
train-00314-orig,train-00314,original,0,bored so imma watch those lovely sneak peeks again,sarcastic
train-00314-interp1,train-00314,interpretation,1,bored so imma watch those boring sneak peeks again,not_sarcastic
train-00314-interp2,train-00314,interpretation,2,bored so imma watch those dull sneak peeks again,not_sarcastic
train-00315-orig,train-00315,original,0,yay driving home from dallas early sunday,sarcastic
train-00315-interp1,train-00315,interpretation,1,hate driving home from dallas early sunday,not_sarcastic
train-00315-interp2,train-00315,interpretation,2,ugh driving home from dallas early sunday,not_sarcastic
train-00316-orig,train-00316,original,0,if my sarcasm offends you then i'm doing it right,sarcastic
train-00316-interp1,train-00316,interpretation,1,if my sarcasm offends you then i'm not doing it right,not_sarcastic
train-00316-interp2,train-00316,interpretation,2,if my sarcasm offends you then i'm doing it wrong,not_sarcastic
train-00317-orig,train-00317,original,0,the glorious life of a programmer so easy you are the king of the world everyone respects and appreciates you,sarcastic
train-00317-interp1,train-00317,interpretation,1,the glorious life of a programmer so easy you are the king of the world everyone respects and appreciates you,not_sarcastic
train-00317-interp2,train-00317,interpretation,2,the glorious life of a programmer so easy you are the king of the world everyone despises and insults you,not_sarcastic
train-00318-orig,train-00318,original,0,life was never been perfect and would never be,sarcastic
train-00318-interp1,train-00318,interpretation,1,life was never been perfect and would never be,not_sarcastic
train-00318-interp2,train-00318,interpretation,2,life has never been perfect and would never be,not_sarcastic
train-00319-orig,train-00319,original,0,just great another ' running late for class ' morning it just keeps getting better,sarcastic
train-00319-interp1,train-00319,interpretation,1,so bad another ' running late for class ' morning it just keeps getting worst,not_sarcastic
train-00319-interp2,train-00319,interpretation,2,just bad another ' running late for class ' morning it just keeps getting worse,not_sarcastic
train-00320-orig,train-00320,original,0,i'm pretty sure the sky is not going to fall ladies soldier on,sarcastic
train-00320-interp1,train-00320,interpretation,1,i'm not so sure the sky is not going to fall ladies soldier on,not_sarcastic
train-00320-interp2,train-00320,interpretation,2,i'm pretty sure the sky is going to fall ladies no need to continue,not_sarcastic
train-00321-orig,train-00321,original,0,good thing paxson didn't trade deng for harrison barnes,sarcastic
train-00321-interp1,train-00321,interpretation,1,bad thing paxson didn't trade deng for harrison barnes,not_sarcastic
train-00321-interp2,train-00321,interpretation,2,bad thing paxson didn't trade deng for harrison barnes,not_sarcastic
train-00322-orig,train-00322,original,0,i have to work on mother's day should be fun,sarcastic
train-00322-interp1,train-00322,interpretation,1,i have to work on mother's day so annoying,not_sarcastic
train-00322-interp2,train-00322,interpretation,2,i have to work on mother's day should be boring,not_sarcastic
train-00323-orig,train-00323,original,0,let's emotionally damage each other amp call it love,sarcastic
train-00323-interp1,train-00323,interpretation,1,let's emotionally damage each other amp call it hate,not_sarcastic
train-00323-interp2,train-00323,interpretation,2,let's not emotionally damage each other amp call it hatred,not_sarcastic
train-00324-orig,train-00324,original,0,not only trainor drags good musicians down she even drags good instruments down what an accomplishment,sarcastic
train-00324-interp1,train-00324,interpretation,1,not only trainor drags good musicians down she even drags good instruments down so not a big deal,not_sarcastic
train-00324-interp2,train-00324,interpretation,2,not only trainor drags good musicians down she even drags good instruments down what a poor performance,not_sarcastic
train-00325-orig,train-00325,original,0,not being at school for two days and being back today really makes me miss this place lol,sarcastic
train-00325-interp1,train-00325,interpretation,1,not being at school for two days and being back today really makes me hate this place,not_sarcastic
train-00325-interp2,train-00325,interpretation,2,not being at school for two days and being back today makes me hate this place,not_sarcastic
train-00326-orig,train-00326,original,0,god am i excited to be working all weekend when it's supposed to be like 20 c,sarcastic
train-00326-interp1,train-00326,interpretation,1,god am i not happy to be working all weekend when it's supposed to be like 20 c,not_sarcastic
train-00326-interp2,train-00326,interpretation,2,god am i annoyed to be working all weekend when it's supposed to be like 20 c,not_sarcastic
train-00327-orig,train-00327,original,0,i think ted cruz lost cos after he nominated her as his running mate and threw her off the stage hahaha,sarcastic
train-00327-interp1,train-00327,interpretation,1,i think ted cruz lost cos after he nominated her as his running mate and neglected her,not_sarcastic
train-00327-interp2,train-00327,interpretation,2,i think ted cruz lost cos after he nominated her as his running mate and threw her on the stage,not_sarcastic
train-00328-orig,train-00328,original,0,when you're already at work and it's not even 7 office meeting are my favorite ?,sarcastic
train-00328-interp1,train-00328,interpretation,1,when you're already at work and it's not even 7 office meeting are never my favorite,not_sarcastic
train-00328-interp2,train-00328,interpretation,2,when you're already at work and it's not even 7 office meeting are my dislike,not_sarcastic
train-00329-orig,train-00329,original,0,oh i do love it when people go quiet when you don't tell them exactly what they want to hear,sarcastic
train-00329-interp1,train-00329,interpretation,1,oh i do hate it when people go quiet when you don't tell them exactly what they want to hear,not_sarcastic
train-00329-interp2,train-00329,interpretation,2,ugh i do hate it when people go quiet when you don't tell them exactly what they want to hear,not_sarcastic
train-00330-orig,train-00330,original,0,i always love waking up and looking outside and seeing rain thinking oh fun i get to drive in that i love driving in rain,sarcastic
train-00330-interp1,train-00330,interpretation,1,i always hate waking up and looking outside and seeing rain thinking oh fun i get to drive in that i hate driving in rain,not_sarcastic
train-00330-interp2,train-00330,interpretation,2,i always hate waking up and looking outside and seeing rain thinking oh dull i get to drive in that i hate driving in rain,not_sarcastic
train-00331-orig,train-00331,original,0,surprise work is the best work,sarcastic
train-00331-interp1,train-00331,interpretation,1,surprise work is the best work,not_sarcastic
train-00331-interp2,train-00331,interpretation,2,surprise work is the worst work,not_sarcastic
train-00332-orig,train-00332,original,0,man i really hope everyone keeps making these super easy and totally funny na jokes,sarcastic
train-00332-interp1,train-00332,interpretation,1,man i really hope everyone keeps making these super easy and totally funny na jokes,not_sarcastic
train-00332-interp2,train-00332,interpretation,2,man i hope everyone stops making these easy and totally nonfunny na jokes,not_sarcastic
train-00333-orig,train-00333,original,0,so i'm hobbling along like theres no tomorrow all because my big toe is swolen isn't the human body wonderful,sarcastic
train-00333-interp1,train-00333,interpretation,1,so i'm hobbling along like theres no tomorrow all because my big toe is swolen the human body is not wonderful at all,not_sarcastic
train-00333-interp2,train-00333,interpretation,2,so i'm hobbling along like theres no tomorrow all because my big toe is swolen isn't the human body awful,not_sarcastic
train-00334-orig,train-00334,original,0,sooo been hearing heaps about zoolander 2 must have been good,sarcastic
train-00334-interp1,train-00334,interpretation,1,sooo been hearing heaps about zoolander 2 must have been bad,not_sarcastic
train-00334-interp2,train-00334,interpretation,2,sooo been hearing heaps about zoolander 2 must have been bad,not_sarcastic
train-00335-orig,train-00335,original,0,oh yea go ahead and sleep in my bed,sarcastic
train-00335-interp1,train-00335,interpretation,1,oh no don't let me see you sleep in my bed,not_sarcastic
train-00335-interp2,train-00335,interpretation,2,oh no stop thinking of sleeping in my bed,not_sarcastic
train-00336-orig,train-00336,original,0,is just one more service i offer,sarcastic
train-00336-interp1,train-00336,interpretation,1,is just not a service i offer,not_sarcastic
train-00336-interp2,train-00336,interpretation,2,sarcasm is just one more bitter dose i inject,not_sarcastic
train-00337-orig,train-00337,original,0,may the 4 th be with you see what i did there hilarious,sarcastic
train-00337-interp1,train-00337,interpretation,1,may the 4 th be with you see what i did there boring,not_sarcastic
train-00337-interp2,train-00337,interpretation,2,may the 4 th be with you see what i did there boring,not_sarcastic
train-00338-orig,train-00338,original,0,have i mentioned lately how much i love public transport ? it's so great,sarcastic
train-00338-interp1,train-00338,interpretation,1,have i mentioned lately how much i ensured public transport ? it's so awful,not_sarcastic
train-00338-interp2,train-00338,interpretation,2,have i mentioned lately how much i hate public transport ? it's so bad,not_sarcastic
train-00339-orig,train-00339,original,0,so glad i can breath right now,sarcastic
train-00339-interp1,train-00339,interpretation,1,so glad i have time to myself right now,not_sarcastic
train-00339-interp2,train-00339,interpretation,2,so sad i can't breath right now,not_sarcastic
train-00340-orig,train-00340,original,0,can't sleep so i'm watching at close range nice cheery movie,sarcastic
train-00340-interp1,train-00340,interpretation,1,can't sleep so i'm watching at close range boring unpleasant movie,not_sarcastic
train-00340-interp2,train-00340,interpretation,2,i've got to sleep i'm not watching at close range unpleasant movie,not_sarcastic
train-00341-orig,train-00341,original,0,lolololol yupp disputes for wins ? you right always,sarcastic
train-00341-interp1,train-00341,interpretation,1,disputes for wins ? you wrong always,not_sarcastic
train-00341-interp2,train-00341,interpretation,2,oh nooo disputes for wins ? you're always wrong,not_sarcastic
train-00342-orig,train-00342,original,0,tomorrow is gonna be just fantastic,sarcastic
train-00342-interp1,train-00342,interpretation,1,tomorrow is gonna be just boring,not_sarcastic
train-00342-interp2,train-00342,interpretation,2,tomorrow is gonna be terrible,not_sarcastic
train-00343-orig,train-00343,original,0,the future of this country is looking stronger than ever,sarcastic
train-00343-interp1,train-00343,interpretation,1,the future of this country is looking dimmer than ever,not_sarcastic
train-00343-interp2,train-00343,interpretation,2,the future of this country is looking weaker than ever,not_sarcastic
train-00344-orig,train-00344,original,0,i'm glad we let ian clark go and kept chris johnson,sarcastic
train-00344-interp1,train-00344,interpretation,1,i'm not happy we let ian clark go and kept chris johnson,not_sarcastic
train-00344-interp2,train-00344,interpretation,2,i'm sad we let ian clark go and kept chris johnson,not_sarcastic
train-00345-orig,train-00345,original,0,because me not being able to breath is totally fine don't worry doc i'll be fine,sarcastic
train-00345-interp1,train-00345,interpretation,1,because me not being able to breath is not just fine doc do your possible best so i can be fine,not_sarcastic
train-00345-interp2,train-00345,interpretation,2,because me not being able to breath is totally horrible please help doc it will get worse,not_sarcastic
train-00346-orig,train-00346,original,0,hope you sleep better tonight tolleson,sarcastic
train-00346-interp1,train-00346,interpretation,1,hope you did not have a terrible sleep again tonight tolleson,not_sarcastic
train-00346-interp2,train-00346,interpretation,2,hope you sleep terribly tonight tolleson,not_sarcastic
train-00347-orig,train-00347,original,0,well i guess you can bring in the 3 rd goalie,sarcastic
train-00347-interp1,train-00347,interpretation,1,well please don't bring in the 3 rd goalie,not_sarcastic
train-00347-interp2,train-00347,interpretation,2,ugh even the 3 rd goalie won't help,not_sarcastic
train-00348-orig,train-00348,original,0,half court to send the game to ot ? so glad i missed that,sarcastic
train-00348-interp1,train-00348,interpretation,1,half court to send the game to ot ? not happy i missed that,not_sarcastic
train-00348-interp2,train-00348,interpretation,2,half court to send the game to ot ? so sad i missed that,not_sarcastic
train-00349-orig,train-00349,original,0,great job indiana,sarcastic
train-00349-interp1,train-00349,interpretation,1,not so good indiana,not_sarcastic
train-00349-interp2,train-00349,interpretation,2,poor job indiana,not_sarcastic
train-00350-orig,train-00350,original,0,osuna faced one batter nice job gibby,sarcastic
train-00350-interp1,train-00350,interpretation,1,osuna faced one batter bad job gibby,not_sarcastic
train-00350-interp2,train-00350,interpretation,2,osuna faced one batter bad job gibby,not_sarcastic
train-00351-orig,train-00351,original,0,i can't wait for call of duty 2 k16 but they're in space,sarcastic
train-00351-interp1,train-00351,interpretation,1,looking forward to call of duty 2 k16 but they're not available,not_sarcastic
train-00351-interp2,train-00351,interpretation,2,i wish i won't have a call of duty 2 k16 but they're in space,not_sarcastic
train-00352-orig,train-00352,original,0,you are so right ruff should bench him and play julius honka,sarcastic
train-00352-interp1,train-00352,interpretation,1,you are so wrong why should ruff bench him and play julius honka,not_sarcastic
train-00352-interp2,train-00352,interpretation,2,you are very wrong ruff shouldn't bench him for julius honka,not_sarcastic
train-00353-orig,train-00353,original,0,gosh as a hockey fan i really hope there's a coach's challenge in ot,sarcastic
train-00353-interp1,train-00353,interpretation,1,gosh as a hockey fan i really hope there's no coach's challenge in ot,not_sarcastic
train-00353-interp2,train-00353,interpretation,2,gosh as a hockey fan i don't there's a coach's challenge in ot,not_sarcastic
train-00354-orig,train-00354,original,0,well thanks media for choosing my candidate for the 3 rd time in a row don't know what i would've done without you,sarcastic
train-00354-interp1,train-00354,interpretation,1,well thanks media for not choosing my candidate for the 3 rd time in a row you guys are so fuck,not_sarcastic
train-00354-interp2,train-00354,interpretation,2,ugh damn media for ignoring my candidate for the 3 rd time in a row i would have done great without without you,not_sarcastic
train-00355-orig,train-00355,original,0,yay america donald trump will be your republican candidate,sarcastic
train-00355-interp1,train-00355,interpretation,1,no way america donald trump will never be your republican candidate,not_sarcastic
train-00355-interp2,train-00355,interpretation,2,yuck america donald trump will be your republican candidate,not_sarcastic
train-00356-orig,train-00356,original,0,poor carly fiorina had her hopes up only to get shot down again,sarcastic
train-00356-interp1,train-00356,interpretation,1,poor carly fiorina had her hopes up only to get disappointed again,not_sarcastic
train-00356-interp2,train-00356,interpretation,2,poor carly fiorina had no hopes and knew she was gonna be shot down again,not_sarcastic
train-00357-orig,train-00357,original,0,it kinda sucks for my first time voting i'll dislike both people dang it i thought political stuff was fun,sarcastic
train-00357-interp1,train-00357,interpretation,1,it kinda sucks for my first time voting i'll dislike both people dang it i thought political stuff was fun,not_sarcastic
train-00357-interp2,train-00357,interpretation,2,it kinda sucks for my first time voting i'll dislike both people dang it as always the political stuff is dull,not_sarcastic
train-00358-orig,train-00358,original,0,obviously a well prepared speech by trump,sarcastic
train-00358-interp1,train-00358,interpretation,1,obviously not a well prepared speech by trump,not_sarcastic
train-00358-interp2,train-00358,interpretation,2,obviously a poorly prepared speech by trump,not_sarcastic
train-00359-orig,train-00359,original,0,lol ted cruz dropped out of the race how unfortunate,sarcastic
train-00359-interp1,train-00359,interpretation,1,lol ted cruz dropped out of the race how fortunate,not_sarcastic
train-00359-interp2,train-00359,interpretation,2,wow ted cruz dropped out of the race how fortunate,not_sarcastic
train-00360-orig,train-00360,original,0,great start,sarcastic
train-00360-interp1,train-00360,interpretation,1,not a good start,not_sarcastic
train-00360-interp2,train-00360,interpretation,2,poor start,not_sarcastic
train-00361-orig,train-00361,original,0,soooo trump is really the republican nominee ? wow well time to focus on more pressing matters like who can use the womens b room,sarcastic
train-00361-interp1,train-00361,interpretation,1,soooo trump is really the republican nominee ? wow well time to focus on more pressing matters like who can use the womens b room,not_sarcastic
train-00361-interp2,train-00361,interpretation,2,soooo trump is really the republican nominee ? wow well time to focus on more pressing matters not who can use the womens b room,not_sarcastic
train-00362-orig,train-00362,original,0,i can't believe cruz lost after picking carly fiorina,sarcastic
train-00362-interp1,train-00362,interpretation,1,i knew cruz will lose after picking carly fiorina,not_sarcastic
train-00362-interp2,train-00362,interpretation,2,i knew cruz would lose after picking carly fiorina,not_sarcastic
train-00363-orig,train-00363,original,0,so trump won the republican nominee so that's that good job america,sarcastic
train-00363-interp1,train-00363,interpretation,1,so trump won the republican nominee so that's that not a good one american,not_sarcastic
train-00363-interp2,train-00363,interpretation,2,so trump won the republican nominee so that's that shameful job america,not_sarcastic
train-00364-orig,train-00364,original,0,make sure you're nice to kasich supporters,sarcastic
train-00364-interp1,train-00364,interpretation,1,make sure you're wicked to kasich supporters,not_sarcastic
train-00364-interp2,train-00364,interpretation,2,make sure you're strict to kasich supporters,not_sarcastic
train-00365-orig,train-00365,original,0,it's teacher appreciation week and the lovefest is in full swing at my school,sarcastic
train-00365-interp1,train-00365,interpretation,1,it's teacher appreciation week and the lovefest is in full swing at my school,not_sarcastic
train-00365-interp2,train-00365,interpretation,2,it's teacher appreciation week and the love feast hasn't taken effect at my school,not_sarcastic
train-00366-orig,train-00366,original,0,so 2 of my favourite artist are gonna and not even half the year is over yet can't wait to see what's next,sarcastic
train-00366-interp1,train-00366,interpretation,1,so 2 of my favourite artist are gonna and not even half the year is over yet looking forward to see what's next,not_sarcastic
train-00366-interp2,train-00366,interpretation,2,so 2 of my favourite artists are gonna and not even half the year is over yet don't want to see what's next,not_sarcastic
train-00367-orig,train-00367,original,0,proud to be from indiana tonight,sarcastic
train-00367-interp1,train-00367,interpretation,1,not proud to be from indiana tonight,not_sarcastic
train-00367-interp2,train-00367,interpretation,2,dejected to be from indiana tonight,not_sarcastic
train-00368-orig,train-00368,original,0,please do continue to mansplain bernie sanders to me dudes in my life,sarcastic
train-00368-interp1,train-00368,interpretation,1,please do continue to mansplain bernie sanders to me dudes in my life,not_sarcastic
train-00368-interp2,train-00368,interpretation,2,please stop mansplaining bernie sanders to me dudes in my life,not_sarcastic
train-00369-orig,train-00369,original,0,when people said they were gonna celebrate your birthday but never do i'm glad i did absolutely nothing on my bday,sarcastic
train-00369-interp1,train-00369,interpretation,1,when people said they were gonna celebrate your birthday but never do i'm glad i did absolutely nothing on my bday,not_sarcastic
train-00369-interp2,train-00369,interpretation,2,when people said they were gonna celebrate your birthday but never do i'm sad i did absolutely nothing on my bday,not_sarcastic
train-00370-orig,train-00370,original,0,we should of had srod hit in the wc game,sarcastic
train-00370-interp1,train-00370,interpretation,1,we should of had srod hit in the wc game,not_sarcastic
train-00370-interp2,train-00370,interpretation,2,we shouldn't have had srod hit in the wc game,not_sarcastic
train-00371-orig,train-00371,original,0,i wish you would speak your mind just alittle more,sarcastic
train-00371-interp1,train-00371,interpretation,1,i wish you would just shut up a bit,not_sarcastic
train-00371-interp2,train-00371,interpretation,2,i wish you wouldn't speak your mind any more,not_sarcastic
train-00372-orig,train-00372,original,0,no team has ever won a game if they were down by four or more runs it just can't be done,sarcastic
train-00372-interp1,train-00372,interpretation,1,a team can still win a game if they were down by four or more runs it just can still be done,not_sarcastic
train-00372-interp2,train-00372,interpretation,2,many teams trailingby four or more runs have won games it can be done,not_sarcastic
train-00373-orig,train-00373,original,0,welp pat yourselves on the back america specifically those of you who voted in gop primaries you deserve it,sarcastic
train-00373-interp1,train-00373,interpretation,1,welp congratulations america specifically those of you who voted in gop primaries you deserve it,not_sarcastic
train-00373-interp2,train-00373,interpretation,2,yuck shame on you america specifically those of you who voted in gop primaries shame on you,not_sarcastic
train-00374-orig,train-00374,original,0,i love the sound of bitching in the morning,sarcastic
train-00374-interp1,train-00374,interpretation,1,i hate the sound of bitching in the morning,not_sarcastic
train-00374-interp2,train-00374,interpretation,2,i hate the sound of bitching in the morning,not_sarcastic
train-00375-orig,train-00375,original,0,donald trump says ted cruz's father was with lee harvey oswald before jfk assassination now we know why cruz became zodiac killer,sarcastic
train-00375-interp1,train-00375,interpretation,1,donald trump says ted cruz's father was with lee harvey oswald before jfk assassination now we know why cruz became zodiac killer,not_sarcastic
train-00375-interp2,train-00375,interpretation,2,donald trump says ted cruz's father was with lee harvey oswald before jfk assassination we know that doesn't make cruz zodiac killer,not_sarcastic
train-00376-orig,train-00376,original,0,today i went into a target bathroom and i lived didn't get inappropriately touched its a miracle,sarcastic
train-00376-interp1,train-00376,interpretation,1,today i went into a target bathroom and i lived didn't get inappropriately touched its a miracle,not_sarcastic
train-00376-interp2,train-00376,interpretation,2,today i went into a target bathroom and i lived and got inappropriately touched its normal,not_sarcastic
train-00377-orig,train-00377,original,0,i couldn't figure out why she was being so bitchy to me and then someone else clued me in yeah i got hit by a car on purpose,sarcastic
train-00377-interp1,train-00377,interpretation,1,i couldn't figure out why she was being so bitchy to me and then someone else clued me in yeah i got hit by a car on purpose,not_sarcastic
train-00377-interp2,train-00377,interpretation,2,i couldn't figure out why she was being so bitchy to me and then someone else clued me in oh no i got hit by a car without purpose,not_sarcastic
train-00378-orig,train-00378,original,0,lt can i submit a foia request for the cost of renting a ferris wheel and the cost of subcontracting um camp hostesses ?,sarcastic
train-00378-interp1,train-00378,interpretation,1,lt you cant submit a foia request for the cost of renting a ferris wheel and the cost of subcontracting um camp hostesses ?,not_sarcastic
train-00378-interp2,train-00378,interpretation,2,lt i can only submit a foia request for the cost of renting a ferris wheel but it's absurd too do it in subcontracting camp hostesses,not_sarcastic
train-00379-orig,train-00379,original,0,glad to see florida looks just as beautiful as the rhode island i just left,sarcastic
train-00379-interp1,train-00379,interpretation,1,glad to see florida looks just as beautiful as the rhode island i just left,not_sarcastic
train-00379-interp2,train-00379,interpretation,2,sad to see florida looks just as ugly as the rhode island i just left,not_sarcastic
train-00380-orig,train-00380,original,0,yeah taking shots at the college plans of the current president's daughter totally presidential amp relevant to the election,sarcastic
train-00380-interp1,train-00380,interpretation,1,yeah taking shots at the college plans of the current president's daughter totally presidential amp irrelevant to the election,not_sarcastic
train-00380-interp2,train-00380,interpretation,2,yeah taking shots at the college plans of the current president's daughter totally presidential amp irrelevant to the election,not_sarcastic
train-00381-orig,train-00381,original,0,replacing more brakes can't get enough of it,sarcastic
train-00381-interp1,train-00381,interpretation,1,replacing more brakes had enough of it,not_sarcastic
train-00381-interp2,train-00381,interpretation,2,replacing more brakes have got enough of it,not_sarcastic
train-00382-orig,train-00382,original,0,a white waitress being denied a tip definitely belongs in the same conversation as 400 years of institutional discrimination,sarcastic
train-00382-interp1,train-00382,interpretation,1,a white waitress being denied a tip definitely belongs in the same conversation as 400 years of institutional discrimination,not_sarcastic
train-00382-interp2,train-00382,interpretation,2,a white waitress being denied a tip definitely doesn't belong in the same conversation as 400 years of institutional discrimination,not_sarcastic
train-00383-orig,train-00383,original,0,you guys should really be impressed with my mad skills using glitter glue,sarcastic
train-00383-interp1,train-00383,interpretation,1,you guys should really be tired with my mad skills using glitter glue,not_sarcastic
train-00383-interp2,train-00383,interpretation,2,you guys should really be annoyed with my mad skills using glitter glue,not_sarcastic
train-00384-orig,train-00384,original,0,got invited to a classmates wedding today words cant describe how sad i am that im in az on that date,sarcastic
train-00384-interp1,train-00384,interpretation,1,got invited to a classmates wedding today words cant describe how happy i am that im in az on that date,not_sarcastic
train-00384-interp2,train-00384,interpretation,2,got invited to a classmates wedding today words cant describe how sad i am that im in az on that date,not_sarcastic
train-00385-orig,train-00385,original,0,i love it when customers tell me who to vote for,sarcastic
train-00385-interp1,train-00385,interpretation,1,i hate it when customers tell me who to vote for,not_sarcastic
train-00385-interp2,train-00385,interpretation,2,i hate it when customers tell me who to vote for,not_sarcastic
train-00386-orig,train-00386,original,0,neh mind pep although i was convinced you would choose burnley over city,sarcastic
train-00386-interp1,train-00386,interpretation,1,neh mind pep although i was not convinced you would choose burnley over city,not_sarcastic
train-00386-interp2,train-00386,interpretation,2,neh mind pep you are not up to the city's standard you needed a smaller team,not_sarcastic
train-00387-orig,train-00387,original,0,today is the day where i transform into a blanket burrito amp hope that being an unproductive member of society will lift my spirits,sarcastic
train-00387-interp1,train-00387,interpretation,1,today is the day where i transform into a blanket burrito amp hope that being a productive member of society will lift my spirits,not_sarcastic
train-00387-interp2,train-00387,interpretation,2,today is the day where i transform into a blanket burrito amp regret that being an unproductive member of society will lower my spirits,not_sarcastic
train-00388-orig,train-00388,original,0,some people just need a high five in the face with a chair,sarcastic
train-00388-interp1,train-00388,interpretation,1,some people just need to be disciplined,not_sarcastic
train-00388-interp2,train-00388,interpretation,2,some people just need condemnation in the face with a chair,not_sarcastic
train-00389-orig,train-00389,original,0,trio lady come see the president throw pies me ahh yes obama is here me the president is going to be at scc here in ia,sarcastic
train-00389-interp1,train-00389,interpretation,1,trio lady come see the president throw pies me ahh yes obama is here me the president is not going to be at scc here in ia,not_sarcastic
train-00389-interp2,train-00389,interpretation,2,trio lady come see the president throw pies me ahh yes obama is here me the president is going to be at scc here in ia,not_sarcastic
train-00390-orig,train-00390,original,0,delighted with my new sports back brace so nice and constricting just what i wanted being able to breath was overrated anyway,sarcastic
train-00390-interp1,train-00390,interpretation,1,delighted with my new sports back brace so nice and constricting just what i wanted being able to breath was not easy anyway,not_sarcastic
train-00390-interp2,train-00390,interpretation,2,delighted with my new sports back brace so terrible and constricting didn't want this giving me difficulties in breathing,not_sarcastic
train-00391-orig,train-00391,original,0,work just keeps on getting better,sarcastic
train-00391-interp1,train-00391,interpretation,1,work just keeps on getting worse,not_sarcastic
train-00391-interp2,train-00391,interpretation,2,work just keeps on getting worse,not_sarcastic
train-00392-orig,train-00392,original,0,everyone make sure u get moscot out of all your lineups,sarcastic
train-00392-interp1,train-00392,interpretation,1,everyone make sure u get moscot to all of your lineups,not_sarcastic
train-00392-interp2,train-00392,interpretation,2,everyone make sure moscot is in all your lineups,not_sarcastic
train-00393-orig,train-00393,original,0,i wouldn't be waiting this long if i lived in another state but i had to live in a state where the government cares about you,sarcastic
train-00393-interp1,train-00393,interpretation,1,i wouldn't be waiting this long if i lived in another state but i had to live in a state where the government does not cares about you,not_sarcastic
train-00393-interp2,train-00393,interpretation,2,i wouldn't be waiting this long if i lived in another state but i had to live in a state where the government neglects you,not_sarcastic
train-00394-orig,train-00394,original,0,whatever you do don't buy the 1 2 back rth esf 2055625,sarcastic
train-00394-interp1,train-00394,interpretation,1,whatever you do don't buy the 1 2 back rth esf 2055625,not_sarcastic
train-00394-interp2,train-00394,interpretation,2,whatever you do don't buy the 1 2 back expensively at rth esf 2055625,not_sarcastic
train-00395-orig,train-00395,original,0,god forbid you have to follow the same rules amp procedures as everyone else,sarcastic
train-00395-interp1,train-00395,interpretation,1,its better you follow the same rules amp procedures as everyone else,not_sarcastic
train-00395-interp2,train-00395,interpretation,2,god forbid you have to follow different rules amp procedures unlike everyone else,not_sarcastic
train-00396-orig,train-00396,original,0,today literally so wonderful i could die,sarcastic
train-00396-interp1,train-00396,interpretation,1,today literally so awful i could die,not_sarcastic
train-00396-interp2,train-00396,interpretation,2,today literally so irritating i could die,not_sarcastic
train-00397-orig,train-00397,original,0,my depends on your stupidity and worth,sarcastic
train-00397-interp1,train-00397,interpretation,1,my life don't depends on your stupidity and worth,not_sarcastic
train-00397-interp2,train-00397,interpretation,2,my sarcasm depends on your stupidity and worthlessness,not_sarcastic
train-00398-orig,train-00398,original,0,about to go in for my first final yay,sarcastic
train-00398-interp1,train-00398,interpretation,1,about to go in for my first final scared,not_sarcastic
train-00398-interp2,train-00398,interpretation,2,about to go in for my first final it's too overwhelming,not_sarcastic
train-00399-orig,train-00399,original,0,matthews is soooooo much worse than laine,sarcastic
train-00399-interp1,train-00399,interpretation,1,no matthews is soooooo worse than laine,not_sarcastic
train-00399-interp2,train-00399,interpretation,2,yuck matthews is much worse than laine,not_sarcastic
train-00400-orig,train-00400,original,0,i just responded to an email from someone i never met because they used re in the subject line what an ingenious tactic,sarcastic
train-00400-interp1,train-00400,interpretation,1,i just responded to an email from someone i never met because they used re in the subject line what an stupid tactic,not_sarcastic
train-00400-interp2,train-00400,interpretation,2,i didn't respond to an email from someone i never met because they used re in the subject line what an uninnovative tactic,not_sarcastic
train-00401-orig,train-00401,original,0,oh a new radiohead album the joy,sarcastic
train-00401-interp1,train-00401,interpretation,1,the new radiohead album not interesting,not_sarcastic
train-00401-interp2,train-00401,interpretation,2,oh no a new radiohead album the boredom,not_sarcastic
train-00402-orig,train-00402,original,0,it's a good thing i retired from teaching so i could spend my nonwriting hours wrestling with insurance companies,sarcastic
train-00402-interp1,train-00402,interpretation,1,it's a good thing i retired from teaching but not to spend my nonwriting hours wrestling with insurance companies,not_sarcastic
train-00402-interp2,train-00402,interpretation,2,it's a bad thing i retired from teaching so i could spend my nonwriting hours wrestling with insurance companies,not_sarcastic
train-00403-orig,train-00403,original,0,inquiring minds in indiana wanna know was the grassy knoll shooter a dark haired cuban or a blonde gringo ? intended,sarcastic
train-00403-interp1,train-00403,interpretation,1,inquiring minds in indiana wanna know was the grassy knoll shooter a dark haired cuban or a blonde gringo ? intended,not_sarcastic
train-00403-interp2,train-00403,interpretation,2,inquiring minds in indiana already know that the grassy knoll shooter is a foreigner,not_sarcastic
train-00404-orig,train-00404,original,0,bakersfield you are such and looser,sarcastic
train-00404-interp1,train-00404,interpretation,1,bakersfield you are such a loser,not_sarcastic
train-00404-interp2,train-00404,interpretation,2,bakersfield you are such lose,not_sarcastic
train-00405-orig,train-00405,original,0,burn the dj or burn the witch ? you decide,sarcastic
train-00405-interp1,train-00405,interpretation,1,burn the dj or burn the witch ? you decide,not_sarcastic
train-00405-interp2,train-00405,interpretation,2,burn the witch,not_sarcastic
train-00406-orig,train-00406,original,0,kylie did u go to the met ball ln i couldnt tell you barely instagrammed,sarcastic
train-00406-interp1,train-00406,interpretation,1,kylie did u go to the met ball ln i could tell you barely instagrammed,not_sarcastic
train-00406-interp2,train-00406,interpretation,2,kylie did u go to the met ball ln i couldnt tell you mostly instagrammed,not_sarcastic
train-00407-orig,train-00407,original,0,working on that magical sweet sixteen shirt design,sarcastic
train-00407-interp1,train-00407,interpretation,1,working on that magical sweet sixteen shirt design,not_sarcastic
train-00407-interp2,train-00407,interpretation,2,working on that dull mundane sixteen shirt design,not_sarcastic
train-00408-orig,train-00408,original,0,3 rd trimester is full of sore vag and leaky nipples how annoying,sarcastic
train-00408-interp1,train-00408,interpretation,1,3 rd trimester is full of sore vag and leaky nipples how tiring,not_sarcastic
train-00408-interp2,train-00408,interpretation,2,3 rd trimester is full of sore vag and leaky nipples how ugly,not_sarcastic
train-00409-orig,train-00409,original,0,just pulled 004 mbps on a download at work blazing fast,sarcastic
train-00409-interp1,train-00409,interpretation,1,just pulled 004 mbps on a download at work too slow,not_sarcastic
train-00409-interp2,train-00409,interpretation,2,just pulled 004 mbps on a download at work annoyingly slow,not_sarcastic
train-00410-orig,train-00410,original,0,this weather is great,sarcastic
train-00410-interp1,train-00410,interpretation,1,this weather is harsh,not_sarcastic
train-00410-interp2,train-00410,interpretation,2,this weather is dull,not_sarcastic
train-00411-orig,train-00411,original,0,nfl should be more like politics if there can be more than one super tuesday in an election cycle why not multiple super bowls ?,sarcastic
train-00411-interp1,train-00411,interpretation,1,nfl should be more like politics if there can be more than one super tuesday in an election cycle why not multiple super bowls ?,not_sarcastic
train-00411-interp2,train-00411,interpretation,2,nfl should be not be like politics there's shouldn't be multiple super bowls,not_sarcastic
train-00412-orig,train-00412,original,0,gotta love waking up early to get a cavity filled,sarcastic
train-00412-interp1,train-00412,interpretation,1,gotta hate waking up early to get a cavity filled,not_sarcastic
train-00412-interp2,train-00412,interpretation,2,gotta hate waking up early to get a cavity filled,not_sarcastic
train-00413-orig,train-00413,original,0,hey twitter i don't think i've seen enough pics of claire danes ' light up dress from the met gala,sarcastic
train-00413-interp1,train-00413,interpretation,1,hey twitter i am tired of seeing pics of claire danes ' light up dress from the met gala,not_sarcastic
train-00413-interp2,train-00413,interpretation,2,hey twitter i think i've seen enough pics of claire danes ' light up dress from the met gala,not_sarcastic
train-00414-orig,train-00414,original,0,my goal going into ' 16 was to drink less booze i called it sober ' 16 it's going very very well,sarcastic
train-00414-interp1,train-00414,interpretation,1,my goal going into ' 16 was to drink less booze i called it sober ' 16 not even close to doing that,not_sarcastic
train-00414-interp2,train-00414,interpretation,2,my goal going into ' 16 was to drink more booze i called it intoxicated ' 16 it's going very very bad,not_sarcastic
train-00415-orig,train-00415,original,0,oh you are at the gym ? thanks for posting another gym mirror selfie you look so much bigger since yesterday,sarcastic
train-00415-interp1,train-00415,interpretation,1,oh you are at the gym ? thanks for posting another gym mirror selfie you look so much slimmer since yesterday,not_sarcastic
train-00415-interp2,train-00415,interpretation,2,oh you are at the gym ? thanks for posting another gym mirror selfie you look so much smaller since yesterday,not_sarcastic
train-00416-orig,train-00416,original,0,exam time only four more after this what a week,sarcastic
train-00416-interp1,train-00416,interpretation,1,exam time done with it already what a week,not_sarcastic
train-00416-interp2,train-00416,interpretation,2,exam time only four more after this oh a bummer week,not_sarcastic
train-00417-orig,train-00417,original,0,when's the leicester city ipo on the nyse ? manu,sarcastic
train-00417-interp1,train-00417,interpretation,1,when's the leicester city ipo on the nyse ? manu,not_sarcastic
train-00417-interp2,train-00417,interpretation,2,when's the leicester city ipo on the nyse ?,not_sarcastic
train-00418-orig,train-00418,original,0,i come home from a night and work and i get to clean up dog vomit oh joy oh bliss,sarcastic
train-00418-interp1,train-00418,interpretation,1,i come home from a night and work and i get to clean up dog vomit oh sad oh annoying,not_sarcastic
train-00418-interp2,train-00418,interpretation,2,i come home from a night and work and i get to clean up dog vomit yuck irritating ugh dull,not_sarcastic
train-00419-orig,train-00419,original,0,oh sorry,sarcastic
train-00419-interp1,train-00419,interpretation,1,fuck off,not_sarcastic
train-00419-interp2,train-00419,interpretation,2,very bitter,not_sarcastic
train-00420-orig,train-00420,original,0,it's not that i really care about arroe's ratings i just don't like people who are bad at people who lack basic math skills,sarcastic
train-00420-interp1,train-00420,interpretation,1,it's not that i really care about arroe's ratings i just like people who are bad at people who lack basic math skills,not_sarcastic
train-00420-interp2,train-00420,interpretation,2,i'm concerned about arroe's ratings i hate people who are bad at people who lack basic math skills,not_sarcastic
train-00421-orig,train-00421,original,0,so yay after practice tonight i get to go to lifeguarding classes,sarcastic
train-00421-interp1,train-00421,interpretation,1,oh no after practice tonight i get to go to lifeguarding classes,not_sarcastic
train-00421-interp2,train-00421,interpretation,2,ugh after practice tonight iwon't go to lifeguarding classes,not_sarcastic
train-00422-orig,train-00422,original,0,as an independent i'm not allowed to vote in primaries however the money i make is taken out to support those primaries equality,sarcastic
train-00422-interp1,train-00422,interpretation,1,as an independent i'm not allowed to vote in primaries however the money i make is taken out to support those primaries racist,not_sarcastic
train-00422-interp2,train-00422,interpretation,2,as an independent i'm not allowed to vote in primaries however the money i make is taken out to support those primaries inequality,not_sarcastic
train-00423-orig,train-00423,original,0,i always take a shower before my brother and before 6 50 he ask me if i'm taking a shower uh no i'm going to lay in bed,sarcastic
train-00423-interp1,train-00423,interpretation,1,i always take a shower before my brother and before 6 50 he ask me if i'm taking a shower what a stupid question,not_sarcastic
train-00423-interp2,train-00423,interpretation,2,i always take a shower before my brother and before 6 50 he asks me if i'm taking a shower uh no i'm going to lay in bed,not_sarcastic
train-00424-orig,train-00424,original,0,conveniently missed the budget announcements sure the next few days will be full of balanced coverage,sarcastic
train-00424-interp1,train-00424,interpretation,1,conveniently missed the budget announcements sure the next few days will be full of unbalanced coverage,not_sarcastic
train-00424-interp2,train-00424,interpretation,2,conveniently missed the budget announcements sure the next few days will be have no coverage,not_sarcastic
train-00425-orig,train-00425,original,0,doctors waiting room is never my favourite place in the whole wide world,sarcastic
train-00425-interp1,train-00425,interpretation,1,doctors waiting room the place i hate to be,not_sarcastic
train-00425-interp2,train-00425,interpretation,2,doctors waiting room my hated place in the whole wide world,not_sarcastic
train-00426-orig,train-00426,original,0,hating y2j when he faces dean its just blah its just i dont care who's the best in the world jericho,sarcastic
train-00426-interp1,train-00426,interpretation,1,loving y2j when he faces dean its just blah its just i dont care who's the best in the world jericho,not_sarcastic
train-00426-interp2,train-00426,interpretation,2,hating y2j when he faces dean its just blah its just i dont care who's the worst in the world jericho,not_sarcastic
train-00427-orig,train-00427,original,0,not even 6 am and i am killing today already,sarcastic
train-00427-interp1,train-00427,interpretation,1,not even 6 am and i am already far with today's work already,not_sarcastic
train-00427-interp2,train-00427,interpretation,2,not even 6 am and i am failing today already,not_sarcastic
train-00428-orig,train-00428,original,0,don't you love it when you wake up at 5 30 am and can't fall back asleep ? might as well get up and get things done,sarcastic
train-00428-interp1,train-00428,interpretation,1,don't you love it when you wake up at 5 30 am and feeling sleeping again ? might as well get up and get things done,not_sarcastic
train-00428-interp2,train-00428,interpretation,2,don't you hate it when you wake up at 5 30 am and can't fall back asleep ? can't get up to get things done,not_sarcastic
train-00429-orig,train-00429,original,0,belle under a sleeping curse oh no,sarcastic
train-00429-interp1,train-00429,interpretation,1,bellw sleep too much rush oh no,not_sarcastic
train-00429-interp2,train-00429,interpretation,2,belle is lazy oh no,not_sarcastic
train-00430-orig,train-00430,original,0,i love nights where i'm tired but sleep doesn't come,sarcastic
train-00430-interp1,train-00430,interpretation,1,i hate nights where i'm tired but sleep doesn't come,not_sarcastic
train-00430-interp2,train-00430,interpretation,2,i hate nights where i'm tired but sleep doesn't come,not_sarcastic
train-00431-orig,train-00431,original,0,those 3 cups of coffee before bed were a really good idea,sarcastic
train-00431-interp1,train-00431,interpretation,1,those 3 cups of coffee before bed were a really a bad idea,not_sarcastic
train-00431-interp2,train-00431,interpretation,2,those 3 cups of coffee before bed were a really good idea,not_sarcastic
train-00432-orig,train-00432,original,0,i dont do coke or any other hard drug but after how fucking stupid tonight is time to consider,sarcastic
train-00432-interp1,train-00432,interpretation,1,i dont do coke or any other hard drug but after how fucking stupid tonight is time to drink,not_sarcastic
train-00432-interp2,train-00432,interpretation,2,i don't do coke or any other hard drug but after how fucking stupid tonight is time to ignore,not_sarcastic
train-00433-orig,train-00433,original,0,it's soo great to take a trip everytime my man leaves his damn shoes out fucking camouflage shoes every fucking time man,sarcastic
train-00433-interp1,train-00433,interpretation,1,it's soo annoying to take a trip everytime my man leaves his damn shoes out fucking camouflage shoes every fucking time man,not_sarcastic
train-00433-interp2,train-00433,interpretation,2,it's so annoying to take a trip everytime my man leaves his damn shoes out fucking camouflage shoes every fucking time man,not_sarcastic
train-00434-orig,train-00434,original,0,best part is i don't even have the 8 bucks to go get a new one at tiger mart hell week just got a little bit better,sarcastic
train-00434-interp1,train-00434,interpretation,1,worst part is i don't even have the 8 bucks to go get a new one at tiger mart hell week just got a little bit better,not_sarcastic
train-00434-interp2,train-00434,interpretation,2,worst part is i don't even have the 8 bucks to go get a new one at tiger mart hell week just got a little bit worse,not_sarcastic
train-00435-orig,train-00435,original,0,poor ginobili that guy has never gotten calls,sarcastic
train-00435-interp1,train-00435,interpretation,1,poor ginobili that guy has never gotten calls,not_sarcastic
train-00435-interp2,train-00435,interpretation,2,poor ginobili that guy has gotten lots of calls,not_sarcastic
train-00436-orig,train-00436,original,0,this tweet needed a,sarcastic
train-00436-interp1,train-00436,interpretation,1,this tweet don t need a,not_sarcastic
train-00436-interp2,train-00436,interpretation,2,this tweet didn't need a sarcasm,not_sarcastic
train-00437-orig,train-00437,original,0,i enjoy our conversations,sarcastic
train-00437-interp1,train-00437,interpretation,1,i seem not to enjoy our conversations,not_sarcastic
train-00437-interp2,train-00437,interpretation,2,i hate our conversations,not_sarcastic
train-00438-orig,train-00438,original,0,pfff what beauty sleep ? i'm beautiful already,sarcastic
train-00438-interp1,train-00438,interpretation,1,pfff what rubbish sleep ? i'm ugly already,not_sarcastic
train-00438-interp2,train-00438,interpretation,2,ugh what dull sleep ? i'm ugly already,not_sarcastic
train-00439-orig,train-00439,original,0,i feel sick i can't sleep and i have an exam in four days life is just swell,sarcastic
train-00439-interp1,train-00439,interpretation,1,i feel sick i can't sleep and i have an exam in four days life is just so stressful,not_sarcastic
train-00439-interp2,train-00439,interpretation,2,i feel sick i can't sleep and i have an exam in four days life is just terrible,not_sarcastic
train-00440-orig,train-00440,original,0,music and music education really need more old bitter dudes keep sharing the joy of music people,sarcastic
train-00440-interp1,train-00440,interpretation,1,music and music education really need more old bitter dudes keep sharing the joy of music people,not_sarcastic
train-00440-interp2,train-00440,interpretation,2,music and music education do not need more old bitter dudes the bitterness of music people cease,not_sarcastic
train-00441-orig,train-00441,original,0,mets won tonite with the battery of colonplawecki does this mean we won on cp time ?,sarcastic
train-00441-interp1,train-00441,interpretation,1,mets won tonite with the battery of colonplawecki does this mean we won on cp time ?,not_sarcastic
train-00441-interp2,train-00441,interpretation,2,mets won tonite with the battery of colonplawecki but this is far from winning cp time,not_sarcastic
train-00442-orig,train-00442,original,0,this is cool,sarcastic
train-00442-interp1,train-00442,interpretation,1,this is bad,not_sarcastic
train-00442-interp2,train-00442,interpretation,2,this is awful,not_sarcastic
train-00443-orig,train-00443,original,0,since it's my last week of school fyi all those good for you statements do not hold true the same meaning as to what u may think,sarcastic
train-00443-interp1,train-00443,interpretation,1,since it's my last week of school fyi all those good for you statements do not hold true the same meaning as to what u may think,not_sarcastic
train-00443-interp2,train-00443,interpretation,2,since it's my last week of school fyi all those bad for you statements do not hold true the same meaning as to what u may think,not_sarcastic
train-00444-orig,train-00444,original,0,wondering why intelligent people tend to keep quiet than talk much ? becoz they already knows all shits that non intell want to say,sarcastic
train-00444-interp1,train-00444,interpretation,1,wondering why intelligent people tend to keep quiet than talk much ? because there is wisdom in silence,not_sarcastic
train-00444-interp2,train-00444,interpretation,2,wondering why intelligent people tend to keep quiet than talk much ? becoz they hate all the shits that the foolish want to say,not_sarcastic
train-00445-orig,train-00445,original,0,oh yeah i'm the off one,sarcastic
train-00445-interp1,train-00445,interpretation,1,oh yeah i'm the odd one,not_sarcastic
train-00445-interp2,train-00445,interpretation,2,oh no i'm the crazy one,not_sarcastic
train-00446-orig,train-00446,original,0,everyone's favorite mechanic in video games is ice physics yay slipping and sliding all over the place,sarcastic
train-00446-interp1,train-00446,interpretation,1,everyone's favorite mechanic in video games is ice physics yay slipping and sliding all over the place,not_sarcastic
train-00446-interp2,train-00446,interpretation,2,everyone's disliked mechanic in video games is ice physics yuck slipping and sliding all over the place,not_sarcastic
train-00447-orig,train-00447,original,0,now that i'm 21 it's time to hit the casinos and gamble my life savings away,sarcastic
train-00447-interp1,train-00447,interpretation,1,now that i'm 21 it's time to do what mature people do,not_sarcastic
train-00447-interp2,train-00447,interpretation,2,that i'm 21 it's shouldn't make me hit the casinos and gamble my life savings away,not_sarcastic
train-00448-orig,train-00448,original,0,i love when my commute consists of people unable to drive while on phones esp when trying to take off my bumper in a parking lot,sarcastic
train-00448-interp1,train-00448,interpretation,1,i hate when my commute consists of people unable to drive while on phones esp when trying to take off my bumper in a parking lot,not_sarcastic
train-00448-interp2,train-00448,interpretation,2,i hate when my commute consists of people unable to drive while on phones esp when trying to take off my bumper in a parking lot,not_sarcastic
train-00449-orig,train-00449,original,0,love having my things stolen and returned broken to me,sarcastic
train-00449-interp1,train-00449,interpretation,1,hate having my things stolen and returned broken to me,not_sarcastic
train-00449-interp2,train-00449,interpretation,2,hate having my things stolen and returned broken to me,not_sarcastic
train-00450-orig,train-00450,original,0,love it when the hawks choke,sarcastic
train-00450-interp1,train-00450,interpretation,1,hate it when the hawks choke,not_sarcastic
train-00450-interp2,train-00450,interpretation,2,hate it when the hawks choke,not_sarcastic
train-00451-orig,train-00451,original,0,you are always classy toronto don't change,sarcastic
train-00451-interp1,train-00451,interpretation,1,you are not classy toronto better change,not_sarcastic
train-00451-interp2,train-00451,interpretation,2,you are always lackadaisical toronto you've to change,not_sarcastic
train-00452-orig,train-00452,original,0,throw it to first delino maybe you can get him out,sarcastic
train-00452-interp1,train-00452,interpretation,1,no need to throw it to first delino because you cant get him out,not_sarcastic
train-00452-interp2,train-00452,interpretation,2,don't throw it to first delino you can't get him out,not_sarcastic
train-00453-orig,train-00453,original,0,and then make a stupid foul ? great game from horford,sarcastic
train-00453-interp1,train-00453,interpretation,1,and then make a stupid foul ? worst game from horford,not_sarcastic
train-00453-interp2,train-00453,interpretation,2,and then make a stupid foul ? bad game from horford,not_sarcastic
train-00454-orig,train-00454,original,0,hard to tell who cbc announcers are cheering for lol,sarcastic
train-00454-interp1,train-00454,interpretation,1,easy to tell who cbc announcers are cheering for lol,not_sarcastic
train-00454-interp2,train-00454,interpretation,2,it's obvious who cbc announcers are cheering for,not_sarcastic
train-00455-orig,train-00455,original,0,penalty on williams because the refs like the pens best,sarcastic
train-00455-interp1,train-00455,interpretation,1,penalty on williams because the refs hate the pens best,not_sarcastic
train-00455-interp2,train-00455,interpretation,2,penalty on williams because the refs like the pens worst,not_sarcastic
train-00456-orig,train-00456,original,0,this whole week has made my heart and soul feel so warm and fuzzy,sarcastic
train-00456-interp1,train-00456,interpretation,1,this whole week has made my heart and soul feel so cold and careless,not_sarcastic
train-00456-interp2,train-00456,interpretation,2,this whole week has made my heart and soul feel so dull and fuzzy,not_sarcastic
train-00457-orig,train-00457,original,0,great start brewers,sarcastic
train-00457-interp1,train-00457,interpretation,1,not a good start brewers,not_sarcastic
train-00457-interp2,train-00457,interpretation,2,poor start brewers,not_sarcastic
train-00458-orig,train-00458,original,0,such a wonderful day,sarcastic
train-00458-interp1,train-00458,interpretation,1,such a awful day,not_sarcastic
train-00458-interp2,train-00458,interpretation,2,such a bummer day,not_sarcastic
train-00459-orig,train-00459,original,0,the fear of deportation if trump wins has caused an increase in citizenship applications this man is a genius,sarcastic
train-00459-interp1,train-00459,interpretation,1,the fear of deportation if trump wins has caused an increase in citizenship applications this man is cracy,not_sarcastic
train-00459-interp2,train-00459,interpretation,2,the fear of deportation if trump wins has caused a decrease in citizenship applications this man is an idiot,not_sarcastic
train-00460-orig,train-00460,original,0,has there been a football game on ?,sarcastic
train-00460-interp1,train-00460,interpretation,1,the football game has been on just so annoying,not_sarcastic
train-00460-interp2,train-00460,interpretation,2,there has not been a footbal game on,not_sarcastic
train-00461-orig,train-00461,original,0,who doesn't adore being ignored ?,sarcastic
train-00461-interp1,train-00461,interpretation,1,who doesn't hate being ignored ?,not_sarcastic
train-00461-interp2,train-00461,interpretation,2,who doesn't hate being ignored ?,not_sarcastic
train-00462-orig,train-00462,original,0,oh how i enjoy hearing the inebriated discuss politics,sarcastic
train-00462-interp1,train-00462,interpretation,1,oh how i hate hearing the inebriated discuss politics,not_sarcastic
train-00462-interp2,train-00462,interpretation,2,oh how i hate hearing the inebriated discuss politics,not_sarcastic
train-00463-orig,train-00463,original,0,well done leicester i'm sure all their supporters are proud of vardy huth simpson fine role models,sarcastic
train-00463-interp1,train-00463,interpretation,1,well done leicester i'm sure all their supporters are not proud of vardy huth simpson bad role models,not_sarcastic
train-00463-interp2,train-00463,interpretation,2,well done leicester i'm sure all their supporters are proud of vardy huth simpson fine role models,not_sarcastic
train-00464-orig,train-00464,original,0,chelsea have had a great season and aren't trying to celebrate vicariously through another club's triumph,sarcastic
train-00464-interp1,train-00464,interpretation,1,chelsea have had a worst season and aren't trying to celebrate vicariously through another club's triumph,not_sarcastic
train-00464-interp2,train-00464,interpretation,2,chelsea have had a poor season and are moaning since another club triumphed,not_sarcastic
train-00465-orig,train-00465,original,0,rumored politically correct concept of open to all will soon be applied to h s college basketball amp football g a s p,sarcastic
train-00465-interp1,train-00465,interpretation,1,rumored politically correct concept of open to all will soon be applied to h s college basketball amp football whatever,not_sarcastic
train-00465-interp2,train-00465,interpretation,2,rumored politicallyincorrect concept of open to all will soon be applied to h s college basketball amp football,not_sarcastic
train-00466-orig,train-00466,original,0,gee and i thought chelsea and spurs quite liked each another,sarcastic
train-00466-interp1,train-00466,interpretation,1,gee and i thought chelsea and spurs quite hate each another,not_sarcastic
train-00466-interp2,train-00466,interpretation,2,oh no and i knew chelsea and spurs hate each other,not_sarcastic
train-00467-orig,train-00467,original,0,hotspurs went down with a lot of class,sarcastic
train-00467-interp1,train-00467,interpretation,1,hotspurs went down with a lot of class,not_sarcastic
train-00467-interp2,train-00467,interpretation,2,hotspurs went down with too low class,not_sarcastic
train-00468-orig,train-00468,original,0,wow twitter thanks for showing me on my tl tweets my friends like thats not something i was expecting twitter is much better now,sarcastic
train-00468-interp1,train-00468,interpretation,1,wow twitter thanks for showing me on my tl tweets my friends like thats not something i was expecting twitter is getting worst now,not_sarcastic
train-00468-interp2,train-00468,interpretation,2,damned twitter for not showing me on my tl tweets my friends like that's something i was expecting twitter is much worse now,not_sarcastic
train-00469-orig,train-00469,original,0,wide awake and i have to be at work at 7 30 am love my life,sarcastic
train-00469-interp1,train-00469,interpretation,1,still sleeping and i have to be at work at 7 30 am hate my life,not_sarcastic
train-00469-interp2,train-00469,interpretation,2,wide awake and i have to be at work at 7 30 am hate my life,not_sarcastic
train-00470-orig,train-00470,original,0,painting the kitchen and dining room is exactly what i wanna do after getting home from work sense my ?,sarcastic
train-00470-interp1,train-00470,interpretation,1,that work is exactly what i am not going to do after getting home from work sense my ?,not_sarcastic
train-00470-interp2,train-00470,interpretation,2,painting the kitchen and dining room is exactly what i don't want to do after getting home from work,not_sarcastic
train-00471-orig,train-00471,original,0,not too bad,sarcastic
train-00471-interp1,train-00471,interpretation,1,great,not_sarcastic
train-00471-interp2,train-00471,interpretation,2,too bad,not_sarcastic
train-00472-orig,train-00472,original,0,i love bank holidays on twitter when everyone thinks monday is sunday haha what a funny comment to make cus of the extra day ha,sarcastic
train-00472-interp1,train-00472,interpretation,1,i hate bank holidays on twitter when everyone thinks monday is sunday what a boring comment to make cus of the extra day,not_sarcastic
train-00472-interp2,train-00472,interpretation,2,i hate bank holidays on twitter when everyone thinks monday is sunday cus of the extra day i'm sorry to make this comment,not_sarcastic
train-00473-orig,train-00473,original,0,you were my cup of tea but i drink champange now,sarcastic
train-00473-interp1,train-00473,interpretation,1,i used to care for you but you are no longer important,not_sarcastic
train-00473-interp2,train-00473,interpretation,2,you were my cup of tea but you don't make me happy any more somebody else is my darling now,not_sarcastic
train-00474-orig,train-00474,original,0,hard to believe in 25 days the magical switch will flip and i'll be totally different and mature enough to consume alcohol,sarcastic
train-00474-interp1,train-00474,interpretation,1,can't believe in 25 days the magical switch will flip and i'll be totally different and mature enough to consume alcohol,not_sarcastic
train-00474-interp2,train-00474,interpretation,2,hard to believe in 25 days the magical switch will flip and i'll be totally different and very immature to consume alcohol,not_sarcastic
train-00475-orig,train-00475,original,0,oh i'm sorry i don't speak stupid,sarcastic
train-00475-interp1,train-00475,interpretation,1,fuck off can say whatever i like,not_sarcastic
train-00475-interp2,train-00475,interpretation,2,oh i'm sorry i speak stupid,not_sarcastic
train-00476-orig,train-00476,original,0,new office mate is a smoker fabulous,sarcastic
train-00476-interp1,train-00476,interpretation,1,new office mate is a smoker shit,not_sarcastic
train-00476-interp2,train-00476,interpretation,2,new office mate is a smoker dull,not_sarcastic
train-00477-orig,train-00477,original,0,the computers at fredonia are really fast,sarcastic
train-00477-interp1,train-00477,interpretation,1,the computers at fredonia are really slow,not_sarcastic
train-00477-interp2,train-00477,interpretation,2,the computers at fredonia are very slow,not_sarcastic
train-00478-orig,train-00478,original,0,i just love how my mom takes phone calls while she's filling out her portion of my fafsa sarcasm,sarcastic
train-00478-interp1,train-00478,interpretation,1,i just hate how my mom takes phone calls while she's filling out her portion of my fafsa,not_sarcastic
train-00478-interp2,train-00478,interpretation,2,i just hate how my mom takes phone calls while she's filling out her portion of my fafsa,not_sarcastic
train-00479-orig,train-00479,original,0,fishing event in our town they bring fish from elsewhere overload the pond and let the kids fish that way no kid is disappointed,sarcastic
train-00479-interp1,train-00479,interpretation,1,fishing event in our town they bring fish from elsewhere overload the pond and let the kids fish that way every kid is disappointed,not_sarcastic
train-00479-interp2,train-00479,interpretation,2,fishing event in our town they bring fish from elsewhere overload the pond and let the kids fish that way every kid disappointed,not_sarcastic
train-00480-orig,train-00480,original,0,thanks starbucks for playing music that makes me sad,sarcastic
train-00480-interp1,train-00480,interpretation,1,thanks starbucks for playing music that makes me feel great,not_sarcastic
train-00480-interp2,train-00480,interpretation,2,be cursed starbucks for playing music that makes me sad,not_sarcastic
train-00481-orig,train-00481,original,0,seems kelly is upset because the network values her cohost more than they do her how dare they him ? ? ?,sarcastic
train-00481-interp1,train-00481,interpretation,1,seems kelly is upset because the network values her cohost more than they do her so,not_sarcastic
train-00481-interp2,train-00481,interpretation,2,seems kelly is upset because the network values her cohost more than they do her how dare they him ?,not_sarcastic
train-00482-orig,train-00482,original,0,why yes i did want to taste your perfume thank you so much for sharing,sarcastic
train-00482-interp1,train-00482,interpretation,1,why yes i did want to taste your perfume thank you so much for sharing,not_sarcastic
train-00482-interp2,train-00482,interpretation,2,why yes i did want to taste your perfume it's very bitter that you denied me,not_sarcastic
train-00483-orig,train-00483,original,0,oh good the front end of the bean market is up because there's so much nearby demand,sarcastic
train-00483-interp1,train-00483,interpretation,1,oh no the front end of the bean market is down because there's no much nearby demand,not_sarcastic
train-00483-interp2,train-00483,interpretation,2,ugh no the front end of the bean market is up because there's so much nearby demand,not_sarcastic
train-00484-orig,train-00484,original,0,power of elitesnowthat's what is dream life,sarcastic
train-00484-interp1,train-00484,interpretation,1,power of elitesnowthat's what is dream life,not_sarcastic
train-00484-interp2,train-00484,interpretation,2,power of elites now that's an enslaving life,not_sarcastic
train-00485-orig,train-00485,original,0,i was born intelligent but education ruined me,sarcastic
train-00485-interp1,train-00485,interpretation,1,i was born intelligent but learning seems difficult,not_sarcastic
train-00485-interp2,train-00485,interpretation,2,i was born foolish but education uplifted me,not_sarcastic
train-00486-orig,train-00486,original,0,love morning dentist appointments,sarcastic
train-00486-interp1,train-00486,interpretation,1,hate morning dentist appointments,not_sarcastic
train-00486-interp2,train-00486,interpretation,2,hate morning dentist appointments,not_sarcastic
train-00487-orig,train-00487,original,0,best part of starting a new job ? orientation,sarcastic
train-00487-interp1,train-00487,interpretation,1,worst part of starting a new job ? orientation,not_sarcastic
train-00487-interp2,train-00487,interpretation,2,worst part of starting a new job ? orientation,not_sarcastic
train-00488-orig,train-00488,original,0,president obama s white house dinner was highlight of his presidency fulfilling supporter's expectations for posterity truly,sarcastic
train-00488-interp1,train-00488,interpretation,1,president obama s white house dinner was highlight of his presidency fulfilling supporter's expectations for posterity not so true,not_sarcastic
train-00488-interp2,train-00488,interpretation,2,president obama's white house dinner was highlight of his presidency killing supporter's expectations for posterity sad,not_sarcastic
train-00489-orig,train-00489,original,0,it's cool it's not like i have any work to do on my computer,sarcastic
train-00489-interp1,train-00489,interpretation,1,it's bad because i have some work to be completed on my computer,not_sarcastic
train-00489-interp2,train-00489,interpretation,2,it's dull it's like i have a lot of work to do on my computer,not_sarcastic
train-00490-orig,train-00490,original,0,someone really should invent a font imagine how much time and data that would save,sarcastic
train-00490-interp1,train-00490,interpretation,1,someone really should invent a font imagine how much time and data that would save,not_sarcastic
train-00490-interp2,train-00490,interpretation,2,someone shouldn't invent a sarcasm font imagine how much time and data that would waste,not_sarcastic
train-00491-orig,train-00491,original,0,i love going to the mpf multiple times to get something done that should be taken care of the first time,sarcastic
train-00491-interp1,train-00491,interpretation,1,i hate going to the mpf multiple times to get something done that should be taken care of the first time,not_sarcastic
train-00491-interp2,train-00491,interpretation,2,i hate going to the mpf multiple times to get something done that should be taken care of the first time,not_sarcastic
train-00492-orig,train-00492,original,0,cannot wait to get to work and explain what's gone on,sarcastic
train-00492-interp1,train-00492,interpretation,1,looking forward to get to work and explain what's gone on,not_sarcastic
train-00492-interp2,train-00492,interpretation,2,i wish i won't get to work and explain what's gone on,not_sarcastic
train-00493-orig,train-00493,original,0,nice of the nhl to apply suspensions consistently,sarcastic
train-00493-interp1,train-00493,interpretation,1,nice of the nhl to suspend with favourism,not_sarcastic
train-00493-interp2,train-00493,interpretation,2,sad of the nhl to apply suspensions consistently,not_sarcastic
train-00494-orig,train-00494,original,0,just discovered people have blurred their houses on google street view im sure theyre very important,sarcastic
train-00494-interp1,train-00494,interpretation,1,just discovered people have blurred their houses on google street view im sure theyre not important,not_sarcastic
train-00494-interp2,train-00494,interpretation,2,just discovered people have blurred their houses on google street view im sure they're very useless,not_sarcastic
train-00495-orig,train-00495,original,0,what a great start this morning headache but i am going to make it a great day at work,sarcastic
train-00495-interp1,train-00495,interpretation,1,not a good start this morning headache but i am going to make it a great day at work,not_sarcastic
train-00495-interp2,train-00495,interpretation,2,what a bad start this morning i am going to make it a dull day at work,not_sarcastic
train-00496-orig,train-00496,original,0,cracking bank holiday,sarcastic
train-00496-interp1,train-00496,interpretation,1,cracking bank holiday,not_sarcastic
train-00496-interp2,train-00496,interpretation,2,awful bank holiday,not_sarcastic
train-00497-orig,train-00497,original,0,now soupy oatmeal this really is a great birthday so far,sarcastic
train-00497-interp1,train-00497,interpretation,1,now soupy oatmeal this really is the worst birthday so far,not_sarcastic
train-00497-interp2,train-00497,interpretation,2,now soupy oatmeal this really is a poor birthday so far,not_sarcastic
train-00498-orig,train-00498,original,0,everyone get themselves to cheshire oaks lovely and peaceful plenty of spaces to park,sarcastic
train-00498-interp1,train-00498,interpretation,1,everyone get themselves to cheshire oaks lovely and peaceful but no spaces to park,not_sarcastic
train-00498-interp2,train-00498,interpretation,2,cheshire oaks is such a crowded place that you do not get a proper parking place for your car,not_sarcastic
train-00499-orig,train-00499,original,0,fix has been in from day one 4 trump many fear him because his money is embedded in every area of society great way 2 elect potus,sarcastic
train-00499-interp1,train-00499,interpretation,1,fix has been in from day one 4 trump many fear him because his money is embedded in every area of society it is a bad way to select our leader,not_sarcastic
train-00499-interp2,train-00499,interpretation,2,ironically money is a great way to create fear and be elected as potus as fix has been selected because of the same,not_sarcastic
train-00500-orig,train-00500,original,0,yes cause i asked for my day to be wasted the moment i woke up yes indeed,sarcastic
train-00500-interp1,train-00500,interpretation,1,no cause i didn t asked for my day to be wasted the moment i woke up yes couldn t,not_sarcastic
train-00500-interp2,train-00500,interpretation,2,today's day was such a waste,not_sarcastic
train-00501-orig,train-00501,original,0,thank you very much spoilers thank you,sarcastic
train-00501-interp1,train-00501,interpretation,1,fuck you spoilers fuck you,not_sarcastic
train-00501-interp2,train-00501,interpretation,2,why can the spoilers not mind their own business ?,not_sarcastic
train-00502-orig,train-00502,original,0,i shouldn't still be awake yet miraculously here i am love shifting to nights,sarcastic
train-00502-interp1,train-00502,interpretation,1,i shouldn't still be awake yet miraculously here i am hate shifting to nights,not_sarcastic
train-00502-interp2,train-00502,interpretation,2,i hate being an insomniac at nights,not_sarcastic
train-00503-orig,train-00503,original,0,why does it have to be raining on top of freezing ? also insomnia today is looking to be awesome,sarcastic
train-00503-interp1,train-00503,interpretation,1,why does it have to be raining on top of freezing ? also insomnia today is looking to be awful,not_sarcastic
train-00503-interp2,train-00503,interpretation,2,the combination of freezing raining as well as ending up like an insomniac is such a crap,not_sarcastic
train-00504-orig,train-00504,original,0,i totally lead the rock n ' roll lifestyle,sarcastic
train-00504-interp1,train-00504,interpretation,1,i totally don t like the rock n ' roll lifestyle,not_sarcastic
train-00504-interp2,train-00504,interpretation,2,how i am bored of my current lifestyle and wish to have a rock and roll one,not_sarcastic
train-00505-orig,train-00505,original,0,yeah yeah i got it you guys are the dopest,sarcastic
train-00505-interp1,train-00505,interpretation,1,yeah yeah i got it you guys are the best,not_sarcastic
train-00505-interp2,train-00505,interpretation,2,why can't just people stop pretending and showoff their fake awesomeness,not_sarcastic
train-00506-orig,train-00506,original,0,don't you just love getting called into work at 1 am ? ? ?,sarcastic
train-00506-interp1,train-00506,interpretation,1,don't you just hate getting called into work at 1 am ? ? ?,not_sarcastic
train-00506-interp2,train-00506,interpretation,2,i just hate being called for work at 1 at night,not_sarcastic
train-00507-orig,train-00507,original,0,many people don't know this but you can actually read a book or go to the gym without announcing it on facebook,sarcastic
train-00507-interp1,train-00507,interpretation,1,many people don t know that they don t have to annouce all their life on social media,not_sarcastic
train-00507-interp2,train-00507,interpretation,2,i appreciate people who do stuff like reading a book and hitting the gym without posting it on social media,not_sarcastic
train-00508-orig,train-00508,original,0,whooo got called itno work on my day off hurray gt lt,sarcastic
train-00508-interp1,train-00508,interpretation,1,got called to work on my day off shit,not_sarcastic
train-00508-interp2,train-00508,interpretation,2,i get off being called for work on a holiday,not_sarcastic
train-00509-orig,train-00509,original,0,guess what they are still being loud surprise surprise,sarcastic
train-00509-interp1,train-00509,interpretation,1,guess what they are still being great surprises,not_sarcastic
train-00509-interp2,train-00509,interpretation,2,a surprise aint a surprise if it is spoken out loud in public,not_sarcastic
train-00510-orig,train-00510,original,0,happy relegation day everyone,sarcastic
train-00510-interp1,train-00510,interpretation,1,happy celegation day everyone,not_sarcastic
train-00510-interp2,train-00510,interpretation,2,no need to delegate people from a higher job position to a lower one,not_sarcastic
train-00511-orig,train-00511,original,0,we need religion to be moral also the same region where the 3 abrahamic faiths are born is the most peaceful one in the world,sarcastic
train-00511-interp1,train-00511,interpretation,1,we need religion to be moral also the same region where the 3 abrahamic faiths are born is where war is in the world,not_sarcastic
train-00511-interp2,train-00511,interpretation,2,we are taught to be religious and on the other hand 3 abrahamic faiths are said to be the most peaceful ones,not_sarcastic
train-00512-orig,train-00512,original,0,glad you respond to my texts,sarcastic
train-00512-interp1,train-00512,interpretation,1,sad you didn t respond to my texts,not_sarcastic
train-00512-interp2,train-00512,interpretation,2,i hate getting late replies,not_sarcastic
train-00513-orig,train-00513,original,0,sore throat coming on right shin throbbing big woop not also why am i awake at 5 am ?,sarcastic
train-00513-interp1,train-00513,interpretation,1,sore throat coming on right shin throbbing big woop not cant sleep at all,not_sarcastic
train-00513-interp2,train-00513,interpretation,2,i don t understand why am i still awake at 5 in the morning on being unwell too,not_sarcastic
train-00514-orig,train-00514,original,0,my building's fire alarm is going off but it's not like i have an 8 am final tomorrow,sarcastic
train-00514-interp1,train-00514,interpretation,1,my building's fire alarm is going off but it's not like i have an 8 am final tomorrow,not_sarcastic
train-00514-interp2,train-00514,interpretation,2,my building's fire alarm is not working which too cannot delay my final exam in the morning at 8,not_sarcastic
train-00515-orig,train-00515,original,0,yesterday people said just be yourself today they judge us based on that,sarcastic
train-00515-interp1,train-00515,interpretation,1,be yourself don t follow what people say,not_sarcastic
train-00515-interp2,train-00515,interpretation,2,people draw judgements when we be ourselves,not_sarcastic
train-00516-orig,train-00516,original,0,i love liars makes me hate life so much,sarcastic
train-00516-interp1,train-00516,interpretation,1,i hate liars makes me hate life so much,not_sarcastic
train-00516-interp2,train-00516,interpretation,2,i just cannot stand the sight of any liar,not_sarcastic
train-00517-orig,train-00517,original,0,thanks for caring,sarcastic
train-00517-interp1,train-00517,interpretation,1,thanks for been careless,not_sarcastic
train-00517-interp2,train-00517,interpretation,2,i don t like people who show fake concern,not_sarcastic
train-00518-orig,train-00518,original,0,is over the top when used by the rich and powerful but it is spot on and home when used by the poor and disadvantaged,sarcastic
train-00518-interp1,train-00518,interpretation,1,is over the top when used by the rich and powerful but it is spot on and home when used by the poor and disadvantaged,not_sarcastic
train-00518-interp2,train-00518,interpretation,2,sarcasm is over the top when used by the rich and powerful but it is spot on and home when used by the poor and disadvantaged,not_sarcastic
train-00519-orig,train-00519,original,0,wow like you couldn't see that coming a mile away,sarcastic
train-00519-interp1,train-00519,interpretation,1,that is bad you couldn't see that coming a mile away,not_sarcastic
train-00519-interp2,train-00519,interpretation,2,as if i don t know that you intentionally ignored me,not_sarcastic
train-00520-orig,train-00520,original,0,best birthday ever,sarcastic
train-00520-interp1,train-00520,interpretation,1,worst birthday ever,not_sarcastic
train-00520-interp2,train-00520,interpretation,2,my birthday could not be any bad,not_sarcastic
train-00521-orig,train-00521,original,0,love the spanish friars watching jos rizal film,sarcastic
train-00521-interp1,train-00521,interpretation,1,hate the spanish friars watching jos rizal film,not_sarcastic
train-00521-interp2,train-00521,interpretation,2,i hate the spanish friars,not_sarcastic
train-00522-orig,train-00522,original,0,when your boyfriend would rather play video games than spend time with you i have all the time in the world it's fine,sarcastic
train-00522-interp1,train-00522,interpretation,1,when your boyfriend would rather play video games than spend time with you the most annoying thing in the world i hate it,not_sarcastic
train-00522-interp2,train-00522,interpretation,2,it drives me crazy when my boyfriend plays his videogames and i am compelled to wait as if i have all the free time in the world,not_sarcastic
train-00523-orig,train-00523,original,0,why does game of thrones use noah syndergaard's song ? ? ? ?,sarcastic
train-00523-interp1,train-00523,interpretation,1,noah syndergaard's song is the best fit for game of thrones use ? ? ? ?,not_sarcastic
train-00523-interp2,train-00523,interpretation,2,why does game of thrones use noah syndergaard's song ?,not_sarcastic
train-00524-orig,train-00524,original,0,you know what's awesome ? writing an apa formatted paper on email marketing optimization when you're sick and on lots of meds,sarcastic
train-00524-interp1,train-00524,interpretation,1,you know how frustrating ? writing an apa formatted paper on email marketing optimization when you're sick and on lots of meds,not_sarcastic
train-00524-interp2,train-00524,interpretation,2,that frustrating moment when you have to write an apa formatted paper when you are unwell and on meds,not_sarcastic
train-00525-orig,train-00525,original,0,kkk was handing out fliers and candy in my neighborhood today living in south carolina is just fucking great,sarcastic
train-00525-interp1,train-00525,interpretation,1,kkk was handing out fliers and candy in my neighborhood today living in south carolina is just fucking annoying,not_sarcastic
train-00525-interp2,train-00525,interpretation,2,south caroline is no place to be lived people here carry out fliers and candies,not_sarcastic
train-00526-orig,train-00526,original,0,i totally love life so much,sarcastic
train-00526-interp1,train-00526,interpretation,1,i totally hate life so much,not_sarcastic
train-00526-interp2,train-00526,interpretation,2,i don t love my life at all,not_sarcastic
train-00527-orig,train-00527,original,0,feilhaber showing that us national team form so far,sarcastic
train-00527-interp1,train-00527,interpretation,1,feilhaber not showing that us national team form so far,not_sarcastic
train-00527-interp2,train-00527,interpretation,2,it is completely ironic how feilhaber shows the form of the us national team,not_sarcastic
train-00528-orig,train-00528,original,0,my bf talks to me so nicely,sarcastic
train-00528-interp1,train-00528,interpretation,1,my bf talks to me so rudely,not_sarcastic
train-00528-interp2,train-00528,interpretation,2,my bf does not talk to me nicely at all,not_sarcastic
train-00529-orig,train-00529,original,0,sleepless sunday night monday is going to be awesome,sarcastic
train-00529-interp1,train-00529,interpretation,1,sleepless sunday night monday is going to be tiresome,not_sarcastic
train-00529-interp2,train-00529,interpretation,2,no sleep on the sunday night this will spoil my monday too,not_sarcastic
train-00530-orig,train-00530,original,0,i love testing my patience grocery shopping at walmart on a sunday night,sarcastic
train-00530-interp1,train-00530,interpretation,1,i hate testing my patience grocery shopping at walmart on a sunday night,not_sarcastic
train-00530-interp2,train-00530,interpretation,2,i hate when my patience is tested while buying grocery at walmart,not_sarcastic
train-00531-orig,train-00531,original,0,on that last one,sarcastic
train-00531-interp1,train-00531,interpretation,1,on that first one,not_sarcastic
train-00531-interp2,train-00531,interpretation,2,the intention behind the last one was sarcastic,not_sarcastic
train-00532-orig,train-00532,original,0,did you know that transgendered people only started to use public restrooms in america in 2016 ?,sarcastic
train-00532-interp1,train-00532,interpretation,1,did you know that transgendered people has been using the public restrooms in america since inception,not_sarcastic
train-00532-interp2,train-00532,interpretation,2,did you know that transgendered people only started to use public restrooms in america in 2016 ?,not_sarcastic
train-00533-orig,train-00533,original,0,thanks for putting the grades in so i know what i have going into the final,sarcastic
train-00533-interp1,train-00533,interpretation,1,putting the grades in wont help me going into the final,not_sarcastic
train-00533-interp2,train-00533,interpretation,2,i did not want to get familiar with my grades previously put in before taking the finals,not_sarcastic
train-00534-orig,train-00534,original,0,work on a bank holiday oh the joy,sarcastic
train-00534-interp1,train-00534,interpretation,1,work on a bank holiday oh so annoying,not_sarcastic
train-00534-interp2,train-00534,interpretation,2,that frustrating feel which you get while working on a bank holiday,not_sarcastic
train-00535-orig,train-00535,original,0,i'm watching the hillsborough documentarydrama and it's horrific but a youhavetowatch nice one south yorkshire police,sarcastic
train-00535-interp1,train-00535,interpretation,1,i'm watching the hillsborough documentarydrama and it's horrific but a youhavetowatch terrible act south yorkshire police,not_sarcastic
train-00535-interp2,train-00535,interpretation,2,the hillsborough documentary drama is such a waste of time,not_sarcastic
train-00536-orig,train-00536,original,0,i really don't think i drank enough jameson this weekend,sarcastic
train-00536-interp1,train-00536,interpretation,1,i drank enough jameson this weekend,not_sarcastic
train-00536-interp2,train-00536,interpretation,2,i really don't think i drank enough jameson this weekend,not_sarcastic
train-00537-orig,train-00537,original,0,there were more serious injuries at the melbourne f1 race than talladega but yes talladega is too dangerous,sarcastic
train-00537-interp1,train-00537,interpretation,1,there were more serious injuries at the melbourne f1 race than talladega but yes talladega is too dangerous,not_sarcastic
train-00537-interp2,train-00537,interpretation,2,talladega is not a place of so many injuries and danger but it is termed so,not_sarcastic
train-00538-orig,train-00538,original,0,didn't strike him out pos,sarcastic
train-00538-interp1,train-00538,interpretation,1,didn't strike him out pos,not_sarcastic
train-00538-interp2,train-00538,interpretation,2,how can you not strike him out,not_sarcastic
train-00539-orig,train-00539,original,0,oh yea i forgot a new subway station thanks mta,sarcastic
train-00539-interp1,train-00539,interpretation,1,oh yea i forgot a new subway station fuck mta,not_sarcastic
train-00539-interp2,train-00539,interpretation,2,what was the need to have a new subway station,not_sarcastic
train-00540-orig,train-00540,original,0,maybe steph was holding the warriors back with his ballhoggy ways,sarcastic
train-00540-interp1,train-00540,interpretation,1,maybe steph was holding the warriors back with his ballhoggy ways,not_sarcastic
train-00540-interp2,train-00540,interpretation,2,steph was obviously not holding his warriors back,not_sarcastic
train-00541-orig,train-00541,original,0,lillys been to a truck festival today sounds riveting gutted i didn't go,sarcastic
train-00541-interp1,train-00541,interpretation,1,lillys been to a truck festival today sounds riveting am happy i didn't go,not_sarcastic
train-00541-interp2,train-00541,interpretation,2,lillys been to a truck festival today sounds riveting gutted i didn't go,not_sarcastic
train-00542-orig,train-00542,original,0,trying to plan out my lunches for next week 2 of 5 days are already accounted for so just need 3 more yay for being responsible,sarcastic
train-00542-interp1,train-00542,interpretation,1,trying to plan out my lunches for next week 2 of 5 days are already accounted for so just need 3 more hate being responsible,not_sarcastic
train-00542-interp2,train-00542,interpretation,2,trying to plan out my lunches for next week 2 of 5 days are already accounted for so just need 3 more yay for being responsible,not_sarcastic
train-00543-orig,train-00543,original,0,cant wait to see all the crying jordan memes when his hornets are done being eliminated from the playoffs,sarcastic
train-00543-interp1,train-00543,interpretation,1,looking forward to see all the crying jordan memes when his hornets are done being eliminated from the playoffs,not_sarcastic
train-00543-interp2,train-00543,interpretation,2,i cant wait to see all the crying jordan memes when his hornets are done being eliminated from the playoffs,not_sarcastic
train-00544-orig,train-00544,original,0,malia obama is taking a gap year before heading to harvard ? oh no please people of twitter please freak out like it is a big deal,sarcastic
train-00544-interp1,train-00544,interpretation,1,malia obama is taking a gap year before heading to harvard and so fucking what,not_sarcastic
train-00544-interp2,train-00544,interpretation,2,malia obama is taking a gap year before heading to harvard ? oh no please people of twitter please freak out like it is a big deal,not_sarcastic
train-00545-orig,train-00545,original,0,so a guy who years ago attacked me in a merthyr nightclub and outside and then broke my mates jaw recently passed away gutted,sarcastic
train-00545-interp1,train-00545,interpretation,1,so a guy who years ago attacked me in a merthyr nightclub and outside and then broke my mates jaw recently passed away am happy,not_sarcastic
train-00545-interp2,train-00545,interpretation,2,so a guy who years ago attacked me in a merthyr nightclub and then broke my mates jaw recently passed away,not_sarcastic
train-00546-orig,train-00546,original,0,all you adults watching cartoons that's kids stuff now excuse me while i watch my superhero shows,sarcastic
train-00546-interp1,train-00546,interpretation,1,all you adults watching cartoons that's kids stuff now excuse me while i watch matured programme,not_sarcastic
train-00546-interp2,train-00546,interpretation,2,all you adults watching cartoons that's kids stuff now excuse me while i watch my superhero shows,not_sarcastic
train-00547-orig,train-00547,original,0,5 years ago today osama bin laden sadly departed us,sarcastic
train-00547-interp1,train-00547,interpretation,1,5 years ago today osama bin laden departed us grateful,not_sarcastic
train-00547-interp2,train-00547,interpretation,2,5 years ago today osama bin laden sadly departed us,not_sarcastic
train-00548-orig,train-00548,original,0,yeah first thing i needed on my computer is slow read and write speeds,sarcastic
train-00548-interp1,train-00548,interpretation,1,yeah first thing i needed on my computer is fast read and write speed,not_sarcastic
train-00548-interp2,train-00548,interpretation,2,yeah first thing i needed on my computer is slow read and write speeds,not_sarcastic
train-00549-orig,train-00549,original,0,irony of this world is condom has more flavours than ors,sarcastic
train-00549-interp1,train-00549,interpretation,1,irony of this world is condom has more flavours than ors,not_sarcastic
train-00549-interp2,train-00549,interpretation,2,irony of this world is condom has more flavours than ors,not_sarcastic
train-00550-orig,train-00550,original,0,that's a good day for my selfesteem,sarcastic
train-00550-interp1,train-00550,interpretation,1,that's a bad day for coward,not_sarcastic
train-00550-interp2,train-00550,interpretation,2,that's a good day for my selfesteem,not_sarcastic
train-00551-orig,train-00551,original,0,whoa shots fired at common core from the pulpit today,sarcastic
train-00551-interp1,train-00551,interpretation,1,whoa shots fired at common core from the pulpit today,not_sarcastic
train-00551-interp2,train-00551,interpretation,2,whoa shots fired at common core from the pulpit today,not_sarcastic
train-00552-orig,train-00552,original,0,i just love having to get my car towed on a sunday when i work the next day,sarcastic
train-00552-interp1,train-00552,interpretation,1,i just hate having to get my car towed on a sunday when i work the next day,not_sarcastic
train-00552-interp2,train-00552,interpretation,2,i just love having to get my car towed on a sunday when i work the next day,not_sarcastic
train-00553-orig,train-00553,original,0,also i'm sunburnt yeah there is a surprising statement,sarcastic
train-00553-interp1,train-00553,interpretation,1,also i'm sunburnt yeah that is no surprising statement,not_sarcastic
train-00553-interp2,train-00553,interpretation,2,also i'm sunburnt yeah there is a surprising statement,not_sarcastic
train-00554-orig,train-00554,original,0,this may 9 i'm gonna sleep all day jk imma vote cause i care for my country why ? cause i'm one of the idiots who live in it,sarcastic
train-00554-interp1,train-00554,interpretation,1,this may 9 i'm not gonna sleep all day jk imma vote cause i care for my country why ? cause i'm one of the patrotic citizen who live in it,not_sarcastic
train-00554-interp2,train-00554,interpretation,2,this may 9 i'm gonna sleep all day jk imma vote cause i care for my country why ? cause i'm one of the idiots who live in it,not_sarcastic
train-00555-orig,train-00555,original,0,guy at gas station this morning working like lightning,sarcastic
train-00555-interp1,train-00555,interpretation,1,guy at gas station this morning working like seriously,not_sarcastic
train-00555-interp2,train-00555,interpretation,2,guy at gas station this morning working like lightning,not_sarcastic
train-00556-orig,train-00556,original,0,a group of white ppl just gave me a genius explanation of why white privilege isn't real,sarcastic
train-00556-interp1,train-00556,interpretation,1,a group of white ppl just gave me a foolish explanation of why white privilege isn't real,not_sarcastic
train-00556-interp2,train-00556,interpretation,2,a group of white ppl just gave me a genius explanation of why white privilege isn't real,not_sarcastic
train-00557-orig,train-00557,original,0,wait church people are sometimes rude ?,sarcastic
train-00557-interp1,train-00557,interpretation,1,wait church people are sometimes gentle,not_sarcastic
train-00557-interp2,train-00557,interpretation,2,wait church people are sometimes rude ?,not_sarcastic
train-00558-orig,train-00558,original,0,love being called ma'am,sarcastic
train-00558-interp1,train-00558,interpretation,1,hate being called ma'am,not_sarcastic
train-00558-interp2,train-00558,interpretation,2,hate being called ma'am,not_sarcastic
train-00559-orig,train-00559,original,0,let donnamura take this P,sarcastic
train-00559-interp1,train-00559,interpretation,1,don t allow donnamura take this P,not_sarcastic
train-00559-interp2,train-00559,interpretation,2,let donnamura take this,not_sarcastic
train-00560-orig,train-00560,original,0,this mike pelfrey ricky nolasco showdown should be epic,sarcastic
train-00560-interp1,train-00560,interpretation,1,this mike pelfrey ricky nolasco showdown will not be classic,not_sarcastic
train-00560-interp2,train-00560,interpretation,2,this mike pelfrey ricky nolasco showdown should be epic,not_sarcastic
train-00561-orig,train-00561,original,0,mr amrit sen is our new teacher some call him amritsar while others call him sensor,sarcastic
train-00561-interp1,train-00561,interpretation,1,mr amrit sen is our new teacher some call him amritsar while others call him sensor,not_sarcastic
train-00561-interp2,train-00561,interpretation,2,mr amrit sen is our new teacher some call him amritsar while others call him sensor,not_sarcastic
train-00562-orig,train-00562,original,0,i hate when someone send me a link for their result in some quiz and the page asks for my password aha yes sure you will get it,sarcastic
train-00562-interp1,train-00562,interpretation,1,i hate when someone send me a link for their result in some quiz and the page asks for my password so sure i wont get it,not_sarcastic
train-00562-interp2,train-00562,interpretation,2,i hate when someone send me a link for their result in some quiz and the page asks for my password aha yes sure you will get it,not_sarcastic
train-00563-orig,train-00563,original,0,like omg you guysted cruz is having a rally down the street from where i work,sarcastic
train-00563-interp1,train-00563,interpretation,1,like omg you guysthere is a party going down along my office street,not_sarcastic
train-00563-interp2,train-00563,interpretation,2,like omg you guysted cruz is having a rally down the street from where i work,not_sarcastic
train-00564-orig,train-00564,original,0,i dont understand we got rid of the source of all our problems in mihajlovic yet were still dogshit ?,sarcastic
train-00564-interp1,train-00564,interpretation,1,i dont understand after all our effort to solve this problem there seems to be no way out,not_sarcastic
train-00564-interp2,train-00564,interpretation,2,i dont understand we got rid of the source of all our problems in mihajlovic yet were still dogshit ?,not_sarcastic
train-00565-orig,train-00565,original,0,ugh ty interal clock for making me be awake rn after i planned for time to sleep in today,sarcastic
train-00565-interp1,train-00565,interpretation,1,fuck ty interal clock for making me be awake rn after i planned for time to sleep in today,not_sarcastic
train-00565-interp2,train-00565,interpretation,2,ugh ty interal clock for making me be awake rn after i planned for time to sleep in today,not_sarcastic
train-00566-orig,train-00566,original,0,i have 15 snap streaks going rn i'm such a badass,sarcastic
train-00566-interp1,train-00566,interpretation,1,i have 15 snap streaks going rn i'm such genius,not_sarcastic
train-00566-interp2,train-00566,interpretation,2,i have 15 snap streaks going i'm such a badass,not_sarcastic
train-00567-orig,train-00567,original,0,posted a photo from atlantic city on instagram and it's being liked by all the ac strip clubs i feel so honored,sarcastic
train-00567-interp1,train-00567,interpretation,1,posted a photo from atlantic city on instagram and it's being liked by all the ac strip clubs i feel so ashamed,not_sarcastic
train-00567-interp2,train-00567,interpretation,2,posted a photo from atlantic city on instagram and it's being liked by all the ac strip clubs i feel so honored,not_sarcastic
train-00568-orig,train-00568,original,0,single women on twitter be having the best marriage advice,sarcastic
train-00568-interp1,train-00568,interpretation,1,single women on twitter be having the worst marriage advice,not_sarcastic
train-00568-interp2,train-00568,interpretation,2,single women on twitter be having the best marriage advice,not_sarcastic
train-00569-orig,train-00569,original,0,you fuckin warrior benteke,sarcastic
train-00569-interp1,train-00569,interpretation,1,you lazy benteke,not_sarcastic
train-00569-interp2,train-00569,interpretation,2,you fuckin warrior benteke,not_sarcastic
train-00570-orig,train-00570,original,0,i like a song i listen to it 680 times then i hate the song,sarcastic
train-00570-interp1,train-00570,interpretation,1,i hate a song i listen to it 680 times then i love the song,not_sarcastic
train-00570-interp2,train-00570,interpretation,2,i like a song i listen to it 680 times then i hate the song,not_sarcastic
train-00571-orig,train-00571,original,0,wellspent sunday dayoff,sarcastic
train-00571-interp1,train-00571,interpretation,1,wasteful sunday dayoff,not_sarcastic
train-00571-interp2,train-00571,interpretation,2,wasted sunday dayoff,not_sarcastic
train-00572-orig,train-00572,original,0,if you don't want a sarcastic answer don't ask a stupid question,sarcastic
train-00572-interp1,train-00572,interpretation,1,if you don't want a stupid answer don't ask a stupid question,not_sarcastic
train-00572-interp2,train-00572,interpretation,2,if you don't want a sarcastic answer don't ask a stupid question,not_sarcastic
train-00573-orig,train-00573,original,0,working steady midnights is really cool because even on my days off i can be up all night,sarcastic
train-00573-interp1,train-00573,interpretation,1,working steady midnights is really cool because even on my days off i can be up all night,not_sarcastic
train-00573-interp2,train-00573,interpretation,2,working steady midnights is really cool because even on my days off i can be up all night,not_sarcastic
train-00574-orig,train-00574,original,0,this weekend is turning out to be fanfuckingtastic,sarcastic
train-00574-interp1,train-00574,interpretation,1,this weekend is turning out to be boring,not_sarcastic
train-00574-interp2,train-00574,interpretation,2,this weekend is turning out to be fanfuckingtastic,not_sarcastic
train-00575-orig,train-00575,original,0,some extra training is always fun hahaha,sarcastic
train-00575-interp1,train-00575,interpretation,1,some extra training is not always fun hahaha,not_sarcastic
train-00575-interp2,train-00575,interpretation,2,some extra training is never fun,not_sarcastic
train-00576-orig,train-00576,original,0,it's raining goals gibbs,sarcastic
train-00576-interp1,train-00576,interpretation,1,it's raining goals gibbs,not_sarcastic
train-00576-interp2,train-00576,interpretation,2,it's raining goals,not_sarcastic
train-00577-orig,train-00577,original,0,i can't wait to walk in the rain again today,sarcastic
train-00577-interp1,train-00577,interpretation,1,dont wish to walk in the rain again today,not_sarcastic
train-00577-interp2,train-00577,interpretation,2,i can't wait to walk in the rain again today,not_sarcastic
train-00578-orig,train-00578,original,0,yutaka take tenno sho this weekend kentucky derby next weekend,sarcastic
train-00578-interp1,train-00578,interpretation,1,travelling from one point to another,not_sarcastic
train-00578-interp2,train-00578,interpretation,2,yutaka take tenno sho this weekend kentucky derby next weekend,not_sarcastic
train-00579-orig,train-00579,original,0,22 is going real great,sarcastic
train-00579-interp1,train-00579,interpretation,1,22 is going real great,not_sarcastic
train-00579-interp2,train-00579,interpretation,2,22 is going real great,not_sarcastic
train-00580-orig,train-00580,original,0,i can't even the weekend night life in colorado springs,sarcastic
train-00580-interp1,train-00580,interpretation,1,the weekend night life in colorado springs is not interesting,not_sarcastic
train-00580-interp2,train-00580,interpretation,2,i can't even the weekend night life in colorado springs,not_sarcastic
train-00581-orig,train-00581,original,0,being the third wheel is awesome,sarcastic
train-00581-interp1,train-00581,interpretation,1,being the third wheel is useless,not_sarcastic
train-00581-interp2,train-00581,interpretation,2,being the third wheel is awesome,not_sarcastic
train-00582-orig,train-00582,original,0,welp it's been a great day,sarcastic
train-00582-interp1,train-00582,interpretation,1,welp it's been a really great day,not_sarcastic
train-00582-interp2,train-00582,interpretation,2,welp it's been a great day,not_sarcastic
train-00583-orig,train-00583,original,0,really enjoying the pahsana reward of rewatching the trailer from gamescom ' 15,sarcastic
train-00583-interp1,train-00583,interpretation,1,really regreting rewatching the trailer's from gamescom ' 15,not_sarcastic
train-00583-interp2,train-00583,interpretation,2,really enjoying the pahsana reward of rewatching the trailer from gamescom ' 15,not_sarcastic
train-00584-orig,train-00584,original,0,feel very loved in this cold ass world,sarcastic
train-00584-interp1,train-00584,interpretation,1,feel very lonely in this cold ass world,not_sarcastic
train-00584-interp2,train-00584,interpretation,2,feel very loved in this cold ass world,not_sarcastic
train-00585-orig,train-00585,original,0,the typos are great aren't they ?,sarcastic
train-00585-interp1,train-00585,interpretation,1,the typos are bad aren't they ?,not_sarcastic
train-00585-interp2,train-00585,interpretation,2,typos are not great,not_sarcastic
train-00586-orig,train-00586,original,0,checking papers on a weekend is how i spend my off this is so relaxing,sarcastic
train-00586-interp1,train-00586,interpretation,1,checking papers on a weekend is how i spend my off this is so stressing,not_sarcastic
train-00586-interp2,train-00586,interpretation,2,checking papers on a weekend is how i spend my off this isnot at all relaxing,not_sarcastic
train-00587-orig,train-00587,original,0,13 hour shift dropped my phone down the toilet and cried a good 5 times because i'm so stressed great day all in all,sarcastic
train-00587-interp1,train-00587,interpretation,1,13 hour shift dropped my phone down the toilet and cried a good 5 times because i'm so stressed what a bad day all in all,not_sarcastic
train-00587-interp2,train-00587,interpretation,2,13 hour shift dropped my phone down the toilet and cried a good 5 times because i'm so stressed great day all in all,not_sarcastic
train-00588-orig,train-00588,original,0,you ignored me amp smiled like if you were doing good i had to dry my mascara from the tears just cause you did this oh the pain,sarcastic
train-00588-interp1,train-00588,interpretation,1,you ignored me amp smiled like if you were doing good i had to pretend as if everything is alright,not_sarcastic
train-00588-interp2,train-00588,interpretation,2,you ignored me amp smiled like if you were doing good i had to dry my mascara from the tears just cause you did this oh the pain,not_sarcastic
train-00589-orig,train-00589,original,0,pumped to see singler back in the lineup he didnt match up well with any mavs but he def matches up well against the spurs,sarcastic
train-00589-interp1,train-00589,interpretation,1,singler is back in the lineup but his presence is not welcomed,not_sarcastic
train-00589-interp2,train-00589,interpretation,2,pumped to see singler back in the lineup he didnt match up well with any mavs but he def matches up well against the spurs,not_sarcastic
train-00590-orig,train-00590,original,0,a million things i could be doing rn and i'm doing a research paper life is awesome,sarcastic
train-00590-interp1,train-00590,interpretation,1,a million things i could be doing rn and i'm doing a research paper life is awkward,not_sarcastic
train-00590-interp2,train-00590,interpretation,2,a million things i could be doing rn and i'm doing a research paper life is awesome,not_sarcastic
train-00591-orig,train-00591,original,0,back in great falls yay,sarcastic
train-00591-interp1,train-00591,interpretation,1,back in great falls fuck,not_sarcastic
train-00591-interp2,train-00591,interpretation,2,don t want to go back in great falls,not_sarcastic
train-00592-orig,train-00592,original,0,now the fun part of any video making the render time,sarcastic
train-00592-interp1,train-00592,interpretation,1,now the boring part of any video making the render time,not_sarcastic
train-00592-interp2,train-00592,interpretation,2,now the fun part of any video making the render time,not_sarcastic
train-00593-orig,train-00593,original,0,self confidence levels are through the roof at the minute,sarcastic
train-00593-interp1,train-00593,interpretation,1,self confidence levels are the moment is quite low,not_sarcastic
train-00593-interp2,train-00593,interpretation,2,self confidence levels are through the roof at the minute,not_sarcastic
train-00594-orig,train-00594,original,0,i love making a presentation on the same topic 3446 times the creativity continues to flow amp it's always exciting,sarcastic
train-00594-interp1,train-00594,interpretation,1,i hate making a presentation on the same topic 3446 times there will be no creativity in it f it's always boring,not_sarcastic
train-00594-interp2,train-00594,interpretation,2,i love making a presentation on the same topic 3446 times the creativity continues to flow amp it's always exciting,not_sarcastic
train-00595-orig,train-00595,original,0,can someone tell me what tomorrow is going to be ? i can't figure it out with all the same memes i've been seeing,sarcastic
train-00595-interp1,train-00595,interpretation,1,can someone tell me what tomorrow is going to be ? i can't figure it out with all the signs i have got,not_sarcastic
train-00595-interp2,train-00595,interpretation,2,can someone tell me what tomorrow is going to be ? i can't figure it out with all the same memes i've been seeing,not_sarcastic
train-00596-orig,train-00596,original,0,wow okc is a totally different team with billy donavan as coach scott brooks was clearly the problem,sarcastic
train-00596-interp1,train-00596,interpretation,1,okc is a totally different team with billy donavan as coach scott brooks was clearly not the problem,not_sarcastic
train-00596-interp2,train-00596,interpretation,2,wow okc is a totally different team with billy donavan as coach scott brooks was clearly the problem,not_sarcastic
train-00597-orig,train-00597,original,0,guys the sabres could have won if they just tanked the right way,sarcastic
train-00597-interp1,train-00597,interpretation,1,guys the sabres could have won if they had did it right,not_sarcastic
train-00597-interp2,train-00597,interpretation,2,guys the sabres could have won if they just tanked the right way,not_sarcastic
train-00598-orig,train-00598,original,0,gotta love teasing best thing ever,sarcastic
train-00598-interp1,train-00598,interpretation,1,gotta hate teasing worst thing ever,not_sarcastic
train-00598-interp2,train-00598,interpretation,2,gotta love teasing best thing ever,not_sarcastic
train-00599-orig,train-00599,original,0,attractive,sarcastic
train-00599-interp1,train-00599,interpretation,1,disgusting,not_sarcastic
train-00599-interp2,train-00599,interpretation,2,not at all attractive,not_sarcastic
train-00600-orig,train-00600,original,0,gee i didn't see that coming at all,sarcastic
train-00600-interp1,train-00600,interpretation,1,gee i saw it coming all along,not_sarcastic
train-00600-interp2,train-00600,interpretation,2,gee i didn't see that coming at all,not_sarcastic
train-00601-orig,train-00601,original,0,yes dis me on my hair that'll get you laid real quick,sarcastic
train-00601-interp1,train-00601,interpretation,1,yes dis me on my hair that'll get you laid real quick,not_sarcastic
train-00601-interp2,train-00601,interpretation,2,yes dis me on my hair that'll get you laid real quick,not_sarcastic
train-00602-orig,train-00602,original,0,yay sick again,sarcastic
train-00602-interp1,train-00602,interpretation,1,yay whole again,not_sarcastic
train-00602-interp2,train-00602,interpretation,2,i don t want to fall sick again,not_sarcastic
train-00603-orig,train-00603,original,0,thankful nascar threw that caution there joey was so much more protected because of it,sarcastic
train-00603-interp1,train-00603,interpretation,1,thankful nascar threw that caution there joey was so much more protected because of it,not_sarcastic
train-00603-interp2,train-00603,interpretation,2,thankful nascar threw that caution there joey was so much more protected because of it,not_sarcastic
train-00604-orig,train-00604,original,0,anyone know if ted karras is related to alex karras ? tell me one more time,sarcastic
train-00604-interp1,train-00604,interpretation,1,everyone knows ted karras is not related to alex karras ? tell me one more time,not_sarcastic
train-00604-interp2,train-00604,interpretation,2,anyone know if ted karras is related to alex karras ? tell me one more time,not_sarcastic
train-00605-orig,train-00605,original,0,don't you just love plate races ?,sarcastic
train-00605-interp1,train-00605,interpretation,1,don't you just hate plate races ?,not_sarcastic
train-00605-interp2,train-00605,interpretation,2,don't you just love plate races ?,not_sarcastic
train-00606-orig,train-00606,original,0,well finally half an hour wait for a bus that's supposed to come every ten minutes now to enjoy the luxurious comfort,sarcastic
train-00606-interp1,train-00606,interpretation,1,well finally half an hour wait for a bus that's supposed to come every ten minutes now to enjoy the luxurious comfort,not_sarcastic
train-00606-interp2,train-00606,interpretation,2,well finally half an hour wait for a bus that's supposed to come every ten minutes now to enjoy the luxurious comfort,not_sarcastic
train-00607-orig,train-00607,original,0,finally we get the long snapper we coveted so much can't believe we got him,sarcastic
train-00607-interp1,train-00607,interpretation,1,finally we get the long snapper we coveted so much so happy we got him,not_sarcastic
train-00607-interp2,train-00607,interpretation,2,finally we get the long snapper we coveted so much can't believe we got him,not_sarcastic
train-00608-orig,train-00608,original,0,did anyone know tom brady was drafted 199 ? ?,sarcastic
train-00608-interp1,train-00608,interpretation,1,did anyone know tom brady was drafted 199 ? ?,not_sarcastic
train-00608-interp2,train-00608,interpretation,2,did anyone know tom brady was drafted 199 ?,not_sarcastic
train-00609-orig,train-00609,original,0,which has lower city sales tax ? yukon or mustang ? trying to decide where to eat,sarcastic
train-00609-interp1,train-00609,interpretation,1,which has lower city sales tax ? yukon or mustang ? trying to see the one with less charge,not_sarcastic
train-00609-interp2,train-00609,interpretation,2,which has lower city sales tax ? yukon or mustang ? trying to decide where to eat,not_sarcastic
train-00610-orig,train-00610,original,0,great sightseeing in the city today but i feel like a merch line would have been more fun,sarcastic
train-00610-interp1,train-00610,interpretation,1,great sightseeing in the city today but i feel like a merch line was more fun,not_sarcastic
train-00610-interp2,train-00610,interpretation,2,great sightseeing in the city today but i feel like a merch line would have been more fun,not_sarcastic
train-00611-orig,train-00611,original,0,this weekend has been a blast,sarcastic
train-00611-interp1,train-00611,interpretation,1,this weekend has been boring,not_sarcastic
train-00611-interp2,train-00611,interpretation,2,this weekend has been a blast,not_sarcastic
train-00612-orig,train-00612,original,0,don't know what night the hockeyville game wings v wilds ? will be but i hope it doesn't conflict with a negaunee fb home game,sarcastic
train-00612-interp1,train-00612,interpretation,1,don't know what night the hockeyville game wings v wilds ? will be don t mind if it conflict with a negaunee fb home game,not_sarcastic
train-00612-interp2,train-00612,interpretation,2,don't know what night the hockeyville game will be but i hope it doesn't conflict with a negaunee fb home game,not_sarcastic
train-00613-orig,train-00613,original,0,only 5 more hours left of work so i can go to sleep and come back at 3 am and do it all over again,sarcastic
train-00613-interp1,train-00613,interpretation,1,only 5 more hours left of work so i can go to sleep and be over with the stress,not_sarcastic
train-00613-interp2,train-00613,interpretation,2,only 5 more hours left of work so i can go to sleep and come back at 3 am and do it all over again,not_sarcastic
train-00614-orig,train-00614,original,0,i love how everyone is responding to my texts this weekend,sarcastic
train-00614-interp1,train-00614,interpretation,1,i hate how everyone is responding to my texts this weekend,not_sarcastic
train-00614-interp2,train-00614,interpretation,2,i love how everyone is responding to my texts this weekend,not_sarcastic
train-00615-orig,train-00615,original,0,bjp rss should make it mandatory to say bahart mata ki jai inorder to show the patriotism,sarcastic
train-00615-interp1,train-00615,interpretation,1,bjp rss should make it mandatory to say bahart mata ki jai inorder not to show the patriotism,not_sarcastic
train-00615-interp2,train-00615,interpretation,2,bjp rss should make it mandatory to say bahart mata ki jai inorder to show the patriotism,not_sarcastic
train-00616-orig,train-00616,original,0,wendell smallwood ? who the heck ruin the team with all these no name guys,sarcastic
train-00616-interp1,train-00616,interpretation,1,wendell smallwood ? who the heck ruin the team with all unimportant guys,not_sarcastic
train-00616-interp2,train-00616,interpretation,2,wendell smallwood ? who the heck ruin the team with all these no name guys,not_sarcastic
train-00617-orig,train-00617,original,0,me i'm not feeling well so i don't think i'll come home to visit tomorrow dad i think i'll still remember what you look like,sarcastic
train-00617-interp1,train-00617,interpretation,1,me i'm not feeling well so i don't think i'll come home to visit tomorrow dad my heart will be there with you,not_sarcastic
train-00617-interp2,train-00617,interpretation,2,me i'm not feeling well so i don't think i'll come home to visit tomorrow dad i think i'll still remember what you look like,not_sarcastic
train-00618-orig,train-00618,original,0,so much fun simultaneously being a pessimist and a romantic,sarcastic
train-00618-interp1,train-00618,interpretation,1,not much fun simultaneously being a pessimist and a romantic,not_sarcastic
train-00618-interp2,train-00618,interpretation,2,so much fun simultaneously being a pessimist and a romantic,not_sarcastic
train-00619-orig,train-00619,original,0,ignoring texts is literally the best part of communication,sarcastic
train-00619-interp1,train-00619,interpretation,1,ignoring texts is literally the worst part of communication,not_sarcastic
train-00619-interp2,train-00619,interpretation,2,ignoring texts is literally the best part of communication,not_sarcastic
train-00620-orig,train-00620,original,0,so what is there to do in boston ? seems boring so far,sarcastic
train-00620-interp1,train-00620,interpretation,1,so what is there to do in boston ? seems interesting so far,not_sarcastic
train-00620-interp2,train-00620,interpretation,2,so what is there to do in boston ? seems boring so far,not_sarcastic
train-00621-orig,train-00621,original,0,cowboys take mississippi state qb dak prescott with brandon allen still on the board does jerry jones hate the razorbacks ?,sarcastic
train-00621-interp1,train-00621,interpretation,1,cowboys take mississippi state qb dak prescott with brandon allen still on the board does jerry jones love the razorbacks ?,not_sarcastic
train-00621-interp2,train-00621,interpretation,2,cowboys take mississippi state qb dak prescott with brandon allen still on the board does jerry jones hate the razorbacks ?,not_sarcastic
train-00622-orig,train-00622,original,0,her what is your favourite number ? ? me 12 piehahahasarcasmbona hela,sarcastic
train-00622-interp1,train-00622,interpretation,1,her what is your favourite number ? ? me 12 piehahahasarcasmbona hela,not_sarcastic
train-00622-interp2,train-00622,interpretation,2,her what is your favourite number ? ? me 12,not_sarcastic
train-00623-orig,train-00623,original,0,18 yr old guys r more careful bout there perfect hairstyle than their imperfect future,sarcastic
train-00623-interp1,train-00623,interpretation,1,18 yr old guys r more careful about fashion than their future,not_sarcastic
train-00623-interp2,train-00623,interpretation,2,18 yr old guys r more careful bout there perfect hairstyle than their imperfect future,not_sarcastic
train-00624-orig,train-00624,original,0,he says he needs time and distance is he calculating velocity ? ?,sarcastic
train-00624-interp1,train-00624,interpretation,1,he says he needs time and distance is he calculating velocity ? ?,not_sarcastic
train-00624-interp2,train-00624,interpretation,2,he says he needs time and distance is he calculating velocity ?,not_sarcastic
train-00625-orig,train-00625,original,0,must be super fun for arsenal to play in front of these fans,sarcastic
train-00625-interp1,train-00625,interpretation,1,must be so tensed for arsenal to play in front of these fans,not_sarcastic
train-00625-interp2,train-00625,interpretation,2,must be super fun for arsenal to play in front of these fans,not_sarcastic
train-00626-orig,train-00626,original,0,if you think a girl is pretty you should tell her because she'll probably be happy about it for like 4 days,sarcastic
train-00626-interp1,train-00626,interpretation,1,if you think a girl is pretty you should tell her because she'll probably be happy about it for the rest of her life,not_sarcastic
train-00626-interp2,train-00626,interpretation,2,if you think a girl is pretty you should tell her because she'll probably be happy about it for like 4 days,not_sarcastic
train-00627-orig,train-00627,original,0,anxiety and panic attacks are totally how i want to end every evening,sarcastic
train-00627-interp1,train-00627,interpretation,1,anxiety and panic attacks are never the way i want to end every evening,not_sarcastic
train-00627-interp2,train-00627,interpretation,2,anxiety and panic attacks are totally how i want to end every evening,not_sarcastic
train-00628-orig,train-00628,original,0,f ck legs ache today i was running as fast as a turtle with wings,sarcastic
train-00628-interp1,train-00628,interpretation,1,f ck legs ache today i was running as slow as a snail,not_sarcastic
train-00628-interp2,train-00628,interpretation,2,f ck legs ache today i was running as fast as a turtle with wings,not_sarcastic
train-00629-orig,train-00629,original,0,we definitely need 3 points today so who should start ?,sarcastic
train-00629-interp1,train-00629,interpretation,1,we definitely need 3 points today so who should start ?,not_sarcastic
train-00629-interp2,train-00629,interpretation,2,we definitely need 3 points today so who should start ?,not_sarcastic
train-00630-orig,train-00630,original,0,so yeah walcott gt campbell excellent choice,sarcastic
train-00630-interp1,train-00630,interpretation,1,so yeah walcott gt campbell bad choice,not_sarcastic
train-00630-interp2,train-00630,interpretation,2,so yeah walcott gt campbell excellent choice,not_sarcastic
train-00631-orig,train-00631,original,0,cheers leeds appreciate it,sarcastic
train-00631-interp1,train-00631,interpretation,1,cheers leeds don't value it,not_sarcastic
train-00631-interp2,train-00631,interpretation,2,cheers leeds know how to appreciate it,not_sarcastic
train-00632-orig,train-00632,original,0,hello saturday night aching back fun,sarcastic
train-00632-interp1,train-00632,interpretation,1,hello saturday night aching back tiring,not_sarcastic
train-00632-interp2,train-00632,interpretation,2,hello saturday night aching back fun,not_sarcastic
train-00633-orig,train-00633,original,0,newcastle's mitrovic is getting under delaney's skin not mitrovic he never does that,sarcastic
train-00633-interp1,train-00633,interpretation,1,newcastle's mitrovic is getting under delaney's skin yes mitrovic he always does that,not_sarcastic
train-00633-interp2,train-00633,interpretation,2,newcastle's mitrovic is getting under delaney's skin not mitrovic he never does that,not_sarcastic
train-00634-orig,train-00634,original,0,sorry last tweet meant to include lol,sarcastic
train-00634-interp1,train-00634,interpretation,1,sorry last tweet meant to include lol,not_sarcastic
train-00634-interp2,train-00634,interpretation,2,sorry last tweet meant to include some kind of sarcasm,not_sarcastic
train-00635-orig,train-00635,original,0,interesting that so much of this is based on the gas the studies where they injected drugs amp looked at thymus weight seems similar,sarcastic
train-00635-interp1,train-00635,interpretation,1,interesting that so much of this is based on the gas the studies where they injected drugs amp looked at thymus weight seems different,not_sarcastic
train-00635-interp2,train-00635,interpretation,2,interesting that so much of this is based on the gas the studies where they injected drugs amp looked at thymus weight seems similar,not_sarcastic
train-00636-orig,train-00636,original,0,i am so happy riot introduced dynamic q makes up a fun experience and more quality games,sarcastic
train-00636-interp1,train-00636,interpretation,1,i am so sad riot introduced dynamic q makes up a boring experience and more inferior games,not_sarcastic
train-00636-interp2,train-00636,interpretation,2,i am so happy riot introduced dynamic q makes up a fun experience and more quality games,not_sarcastic
train-00637-orig,train-00637,original,0,with this weather looks like yard work and a run is out of the question darn,sarcastic
train-00637-interp1,train-00637,interpretation,1,the weather is terrible,not_sarcastic
train-00637-interp2,train-00637,interpretation,2,with this weather looks like yard work and a run is out of the question,not_sarcastic
train-00638-orig,train-00638,original,0,i just love when people that don't live in nyc try to tell me what is and isn't safe in this city,sarcastic
train-00638-interp1,train-00638,interpretation,1,i just hate when people that don't live in nyc try to tell me what is and isn't safe in this city,not_sarcastic
train-00638-interp2,train-00638,interpretation,2,i just love when people that don't live in nyc try to tell me what is and isn't safe in this city,not_sarcastic
train-00639-orig,train-00639,original,0,wb dc should stop making comic book movies amp let the other company just monopolize the genre,sarcastic
train-00639-interp1,train-00639,interpretation,1,wb dc should continue making comic book movies amp so the other company wont monopolize the genre,not_sarcastic
train-00639-interp2,train-00639,interpretation,2,wb dc should stop making comic book movies amp let the other company just monopolize the genre,not_sarcastic
train-00640-orig,train-00640,original,0,1 set of patio furniture scrubbed clean and ready for the great british summer,sarcastic
train-00640-interp1,train-00640,interpretation,1,1 set of patio furniture scrubbed clean and ready for the awful british summer,not_sarcastic
train-00640-interp2,train-00640,interpretation,2,1 set of patio furniture scrubbed clean and ready for the great british summer,not_sarcastic
train-00641-orig,train-00641,original,0,two fathers on the train next to me complaining about their kids ones a real girl and the other is bipolar those poor dads,sarcastic
train-00641-interp1,train-00641,interpretation,1,two fathers on the train next to me complaining about their kids ones a real girl and the other is bipolar those concerned dads,not_sarcastic
train-00641-interp2,train-00641,interpretation,2,two fathers on the train next to me complaining about their kids ones a real girl and the other is bipolar those poor dads,not_sarcastic
train-00642-orig,train-00642,original,0,tunsil smoked weed and took money violating ncaa rules for his struggling mother what a piece of shit he is,sarcastic
train-00642-interp1,train-00642,interpretation,1,tunsil smoked weed and took money violating ncaa rules for his struggling mother what a piece of shit he is,not_sarcastic
train-00642-interp2,train-00642,interpretation,2,tunsil smoked weed and took money violating ncaa rules for his struggling mother what a piece of shit he is,not_sarcastic
train-00643-orig,train-00643,original,0,sabotage let me guess,sarcastic
train-00643-interp1,train-00643,interpretation,1,cooperating let me guess,not_sarcastic
train-00643-interp2,train-00643,interpretation,2,sabotage let me guess,not_sarcastic
train-00644-orig,train-00644,original,0,what a nice family,sarcastic
train-00644-interp1,train-00644,interpretation,1,what a horrible family,not_sarcastic
train-00644-interp2,train-00644,interpretation,2,it is not a nice family,not_sarcastic
train-00645-orig,train-00645,original,0,busy morning ahead love filling up my weekend with errands and chores,sarcastic
train-00645-interp1,train-00645,interpretation,1,busy morning ahead hate filling up my weekend with errands and chores,not_sarcastic
train-00645-interp2,train-00645,interpretation,2,busy morning ahead love filling up my weekend with errands and chores,not_sarcastic
train-00646-orig,train-00646,original,0,i'm so excited for my one weekend lsat class it's going to be so much fun,sarcastic
train-00646-interp1,train-00646,interpretation,1,i'm so upset for my one weekend lsat class it's going to be so much boring,not_sarcastic
train-00646-interp2,train-00646,interpretation,2,i'm so excited for my one weekend lsat class it's going to be so much fun,not_sarcastic
train-00647-orig,train-00647,original,0,rt if you do,sarcastic
train-00647-interp1,train-00647,interpretation,1,rt if you do,not_sarcastic
train-00647-interp2,train-00647,interpretation,2,if you will do it or not,not_sarcastic
train-00648-orig,train-00648,original,0,essays on philosophy in museum exhibits are fun,sarcastic
train-00648-interp1,train-00648,interpretation,1,essays on philosophy in museum exhibits are boring,not_sarcastic
train-00648-interp2,train-00648,interpretation,2,essays on philosophy in museum exhibits are fun,not_sarcastic
train-00649-orig,train-00649,original,0,there are very few places i would rather be at this time on a saturday morning than in a post office queue out of the building,sarcastic
train-00649-interp1,train-00649,interpretation,1,there are many other places i would rather be at this time on a saturday morning than in a post office queue out of the building,not_sarcastic
train-00649-interp2,train-00649,interpretation,2,there are very few places i would rather be at this time on a saturday morning than in a post office queue out of the building,not_sarcastic
train-00650-orig,train-00650,original,0,because being in the comfort of my own home watching netflix and eating snacks is as dangerous as drinking and driving,sarcastic
train-00650-interp1,train-00650,interpretation,1,because being in the comfort of my own home watching netflix and eating snacks is more comfortable,not_sarcastic
train-00650-interp2,train-00650,interpretation,2,because being in the comfort of my own home watching netflix and eating snacks is as dangerous as drinking and driving,not_sarcastic
train-00651-orig,train-00651,original,0,maybe i should live alone but don't know any household chores im such a rich kid,sarcastic
train-00651-interp1,train-00651,interpretation,1,maybe i should live alone but don't know any household chores im such a spoilt kid,not_sarcastic
train-00651-interp2,train-00651,interpretation,2,maybe i should live alone but don't know any household chores im such a rich kid,not_sarcastic
train-00652-orig,train-00652,original,0,i love waking up at 4 30 and not being able to fall back to sleep because of hiccups,sarcastic
train-00652-interp1,train-00652,interpretation,1,i hate waking up at 4 30 and not being able to fall back to sleep because of hiccups,not_sarcastic
train-00652-interp2,train-00652,interpretation,2,i love waking up at 4 30 and not being able to fall back to sleep because of hiccups,not_sarcastic
train-00653-orig,train-00653,original,0,super happy wasting money on footy tickets for someone who is a fair weather supporter buy your own in future,sarcastic
train-00653-interp1,train-00653,interpretation,1,so sad wasting money on footy tickets for someone who is a fair weather supporter buy your own in future,not_sarcastic
train-00653-interp2,train-00653,interpretation,2,super happy wasting money on footy tickets for someone who is a fair weather supporter buy your own in future,not_sarcastic
train-00654-orig,train-00654,original,0,yey timetravel,sarcastic
train-00654-interp1,train-00654,interpretation,1,yey timetravel,not_sarcastic
train-00654-interp2,train-00654,interpretation,2,yey time to travel,not_sarcastic
train-00655-orig,train-00655,original,0,always heart warming,sarcastic
train-00655-interp1,train-00655,interpretation,1,always heart breaking,not_sarcastic
train-00655-interp2,train-00655,interpretation,2,always heart warming,not_sarcastic
train-00656-orig,train-00656,original,0,love being woke up every day at 630 by the dog,sarcastic
train-00656-interp1,train-00656,interpretation,1,hate being woke up every day at 630 by the dog,not_sarcastic
train-00656-interp2,train-00656,interpretation,2,love being woke up every day at 630 by the dog,not_sarcastic
train-00657-orig,train-00657,original,0,mets might have scored more than 12 has cespedes not selfishly hit a grand slam n killed the rally home runs always kill the rally,sarcastic
train-00657-interp1,train-00657,interpretation,1,mets might have scored more than 12 has cespedes not selfishly hit a grand slam n stopped it from happening always stopping the fun,not_sarcastic
train-00657-interp2,train-00657,interpretation,2,mets might have scored more than 12 has cespedes not selfishly hit a grand slam n killed the rally home runs always kill the rally,not_sarcastic
train-00658-orig,train-00658,original,0,thank you allergy specialist for booking my appointment at 8 15 am on a damned saturday,sarcastic
train-00658-interp1,train-00658,interpretation,1,no thanks to you allergy specialist for booking my appointment at 8 15 am on a damned saturday,not_sarcastic
train-00658-interp2,train-00658,interpretation,2,thank you allergy specialist for booking my appointment at 8 15 am on a damned saturday,not_sarcastic
train-00659-orig,train-00659,original,0,i love how i bust my ass amp take no breaks while u slack off why not ? u got the weekend off 2 do nothing i gotta work who cares,sarcastic
train-00659-interp1,train-00659,interpretation,1,i hate how i bust my ass amp take no breaks while u slack off why not ? u got the weekend off 2 do nothing i gotta work who cares,not_sarcastic
train-00659-interp2,train-00659,interpretation,2,i love how i bust my ass amp take no breaks while u slack off why not ? u got the weekend off 2 do nothing i gotta work who cares,not_sarcastic
train-00660-orig,train-00660,original,0,my name is mooreyameen and i am an uber new driver trainer,sarcastic
train-00660-interp1,train-00660,interpretation,1,my name is mooreyameen and i am an uber new driver trainer,not_sarcastic
train-00660-interp2,train-00660,interpretation,2,my name is mooreyameen and i am an uber new driver trainer,not_sarcastic
train-00661-orig,train-00661,original,0,oh yeah this is gonna be fun dealing with complaints all night due to a wedding party,sarcastic
train-00661-interp1,train-00661,interpretation,1,oh no this is gonna be boring dealing with complaints all night due to a wedding party,not_sarcastic
train-00661-interp2,train-00661,interpretation,2,oh yeah this is gonna be fundealing with complaints all night due to a wedding party,not_sarcastic
train-00662-orig,train-00662,original,0,nothing is better than everyone in daddios yelling ayyyy we want some pusssssssaaaaaaaay,sarcastic
train-00662-interp1,train-00662,interpretation,1,nothing is worst than everyone in daddios yelling ayyyy we want some pusssssssaaaaaaaay,not_sarcastic
train-00662-interp2,train-00662,interpretation,2,nothing is better than everyone yelling,not_sarcastic
train-00663-orig,train-00663,original,0,last term paper done submitted now just finals yaaaaay,sarcastic
train-00663-interp1,train-00663,interpretation,1,last term paper done submitted now just finals oh no,not_sarcastic
train-00663-interp2,train-00663,interpretation,2,last term paper done submitted now just finals,not_sarcastic
train-00664-orig,train-00664,original,0,fans seem restless gee don't understand,sarcastic
train-00664-interp1,train-00664,interpretation,1,fans seem restless waoo i understand,not_sarcastic
train-00664-interp2,train-00664,interpretation,2,fans seem restless don t know the reason behind it,not_sarcastic
train-00665-orig,train-00665,original,0,nothing like spending your entire shift in a managers meeting,sarcastic
train-00665-interp1,train-00665,interpretation,1,nothing so annoying like spending your entire shift in a managers meeting,not_sarcastic
train-00665-interp2,train-00665,interpretation,2,nothing like spending your entire shift in a managers meeting,not_sarcastic
train-00666-orig,train-00666,original,0,i absolutely love having almost daily headaches migraines i makes me to productive,sarcastic
train-00666-interp1,train-00666,interpretation,1,i absolutely hate having almost daily headaches migraines it makes me not to be productive,not_sarcastic
train-00666-interp2,train-00666,interpretation,2,i absolutely love having almost daily headaches migraines i makes me to productive,not_sarcastic
train-00667-orig,train-00667,original,0,when i see congratulations for years of service like john doe completed 19 years in may i think they really had a busy month,sarcastic
train-00667-interp1,train-00667,interpretation,1,when i see congratulations for years of service like john doe completed 19 years in may i think they really had busy years,not_sarcastic
train-00667-interp2,train-00667,interpretation,2,when i see congratulations for years of service like john doe completed 19 years in may i think they really had a busy month,not_sarcastic
train-00668-orig,train-00668,original,0,i wish we would've moved to texas 2 years ago maybe i would've actually had a coach that logged stats but no i'm here great,sarcastic
train-00668-interp1,train-00668,interpretation,1,i wish we would've moved to texas 2 years ago maybe i would've actually had a coach that logged stats but no i'm here sad,not_sarcastic
train-00668-interp2,train-00668,interpretation,2,i wish we would've moved to texas 2 years ago maybe i would've actually had a coach that logged stats,not_sarcastic
train-00669-orig,train-00669,original,0,man i'm sure i'm not the only one pumped for the sharks preds series,sarcastic
train-00669-interp1,train-00669,interpretation,1,man i'm sure i'm the only one pumped for the sharks preds series,not_sarcastic
train-00669-interp2,train-00669,interpretation,2,man i'm sure i'm not the only one pumped for the sharks preds series,not_sarcastic
train-00670-orig,train-00670,original,0,i love when my boyfriend texts me back,sarcastic
train-00670-interp1,train-00670,interpretation,1,i hate when my boyfriend dont texts me back,not_sarcastic
train-00670-interp2,train-00670,interpretation,2,i hate being single forever,not_sarcastic
train-00671-orig,train-00671,original,0,so overwhelmed with all my friends responding to me,sarcastic
train-00671-interp1,train-00671,interpretation,1,so sad with all my friends nor responding to me,not_sarcastic
train-00671-interp2,train-00671,interpretation,2,it feels bad when none of your friends respond to you,not_sarcastic
train-00672-orig,train-00672,original,0,that's fucking cute,sarcastic
train-00672-interp1,train-00672,interpretation,1,that's really disgusting,not_sarcastic
train-00672-interp2,train-00672,interpretation,2,that is not cute at all,not_sarcastic
train-00673-orig,train-00673,original,0,my flight from mia still hasn't taken off i blame jason licht,sarcastic
train-00673-interp1,train-00673,interpretation,1,my flight from mia still hasn't taken off jason licht is not to be blame,not_sarcastic
train-00673-interp2,train-00673,interpretation,2,my flight from mia still hasn't taken off i blame jason licht,not_sarcastic
train-00674-orig,train-00674,original,0,i'm telling you it's gonna be a fun tornado season,sarcastic
train-00674-interp1,train-00674,interpretation,1,i'm telling you it's gonna be a unpleasant tornado season,not_sarcastic
train-00674-interp2,train-00674,interpretation,2,i'm telling you it's gonna be a fun tornado season,not_sarcastic
train-00675-orig,train-00675,original,0,had another seizure tonight and i probably can't drive awesome,sarcastic
train-00675-interp1,train-00675,interpretation,1,had another seizure tonight and i probably can't drive too bad,not_sarcastic
train-00675-interp2,train-00675,interpretation,2,had another seizure tonight and i probably can't drive awesome,not_sarcastic
train-00676-orig,train-00676,original,0,yes i wanna thank sm for promoting yesung's album so well good job,sarcastic
train-00676-interp1,train-00676,interpretation,1,yes i wanna thank sm for promoting yesung's album so well good job,not_sarcastic
train-00676-interp2,train-00676,interpretation,2,yes i wanna thank sm for promoting yesung's album so well good job,not_sarcastic
train-00677-orig,train-00677,original,0,another fun night in the emergency department,sarcastic
train-00677-interp1,train-00677,interpretation,1,another boring night in the emergency department,not_sarcastic
train-00677-interp2,train-00677,interpretation,2,another fun night in the emergency department,not_sarcastic
train-00678-orig,train-00678,original,0,shopped at target with no problem woah shocking,sarcastic
train-00678-interp1,train-00678,interpretation,1,shopped at target with no problem not shocking,not_sarcastic
train-00678-interp2,train-00678,interpretation,2,shopped at target with no problem woah shocking,not_sarcastic
train-00679-orig,train-00679,original,0,it has been such a great day lol,sarcastic
train-00679-interp1,train-00679,interpretation,1,it has been such a horrific day,not_sarcastic
train-00679-interp2,train-00679,interpretation,2,it has been such a bad day,not_sarcastic
train-00680-orig,train-00680,original,0,is drew storen really going to bounce back tho buck ?,sarcastic
train-00680-interp1,train-00680,interpretation,1,guess drew storen won't bounce back tho buck,not_sarcastic
train-00680-interp2,train-00680,interpretation,2,is drew storen really going to bounce back tho buck ?,not_sarcastic
train-00681-orig,train-00681,original,0,surprised storen gave up a hr he has been pitching so well,sarcastic
train-00681-interp1,train-00681,interpretation,1,surprised storen gave up a hr he has not been pitching so well,not_sarcastic
train-00681-interp2,train-00681,interpretation,2,surprised storen gave up a hr he has been pitching so well,not_sarcastic
train-00682-orig,train-00682,original,0,all a women wants is to be ignored like tf,sarcastic
train-00682-interp1,train-00682,interpretation,1,all a women wants is attention,not_sarcastic
train-00682-interp2,train-00682,interpretation,2,all a women wants is some true attention,not_sarcastic
train-00683-orig,train-00683,original,0,can't wait for the steelers to draft another hoodlum whose reading writing speaking skills are that of a 6 th grader,sarcastic
train-00683-interp1,train-00683,interpretation,1,don't want the steelers to draft another hoodlum whose reading writing speaking skills are that of a 6 th grader,not_sarcastic
train-00683-interp2,train-00683,interpretation,2,can't wait for the steelers to draft another hoodlum whose reading writing speaking skills are that of a 6 th grader,not_sarcastic
train-00684-orig,train-00684,original,0,ugh what kind of inning was that ? ? come on mets,sarcastic
train-00684-interp1,train-00684,interpretation,1,ugh what kind of inning was that ? ? come on mets,not_sarcastic
train-00684-interp2,train-00684,interpretation,2,ugh what kind of inning was that ? ? come on mets,not_sarcastic
train-00685-orig,train-00685,original,0,when does the nba playoffs start ?,sarcastic
train-00685-interp1,train-00685,interpretation,1,when does the nba playoffs start ?,not_sarcastic
train-00685-interp2,train-00685,interpretation,2,when does the nba playoffs start ?,not_sarcastic
train-00686-orig,train-00686,original,0,i have the nicest husband ever,sarcastic
train-00686-interp1,train-00686,interpretation,1,i have the most repulsive husband ever,not_sarcastic
train-00686-interp2,train-00686,interpretation,2,i have the nicest husband ever,not_sarcastic
train-00687-orig,train-00687,original,0,no pay equality or anything but now we can be a part of the hunger games draft,sarcastic
train-00687-interp1,train-00687,interpretation,1,no pay equality or anything but now we cannot be a part of the hunger games draft,not_sarcastic
train-00687-interp2,train-00687,interpretation,2,no pay equality or anything but now we can be a part of the hunger games draft,not_sarcastic
train-00688-orig,train-00688,original,0,ah so it's going to be that kind of night excellent sarcasm,sarcastic
train-00688-interp1,train-00688,interpretation,1,ah so it's going to be that kind of night too bad,not_sarcastic
train-00688-interp2,train-00688,interpretation,2,ah so it's going to be that kind of night excellent,not_sarcastic
train-00689-orig,train-00689,original,0,i swear some people are born winners,sarcastic
train-00689-interp1,train-00689,interpretation,1,i swear some people are born losers,not_sarcastic
train-00689-interp2,train-00689,interpretation,2,i swear some people are born winners,not_sarcastic
train-00690-orig,train-00690,original,0,tweet your personal shit that's very smart of you,sarcastic
train-00690-interp1,train-00690,interpretation,1,tweet your personal shit that's very stupid of you,not_sarcastic
train-00690-interp2,train-00690,interpretation,2,tweet your personal shit that's very smart of you,not_sarcastic
train-00691-orig,train-00691,original,0,we just had a power surge hurray for thunderstorms,sarcastic
train-00691-interp1,train-00691,interpretation,1,we just had a power surge hurray for thunderstorms,not_sarcastic
train-00691-interp2,train-00691,interpretation,2,we just had a power surge hurray for thunderstorms,not_sarcastic
train-00692-orig,train-00692,original,0,i'm at a bar with unisex bathrooms it's the end times i tell ya,sarcastic
train-00692-interp1,train-00692,interpretation,1,i'm at a bar with unisex bathrooms it's the end times i tell ya,not_sarcastic
train-00692-interp2,train-00692,interpretation,2,i'm at a bar with unisex bathrooms it's the end times i tell ya,not_sarcastic
train-00693-orig,train-00693,original,0,i customers,sarcastic
train-00693-interp1,train-00693,interpretation,1,i customers,not_sarcastic
train-00693-interp2,train-00693,interpretation,2,customers,not_sarcastic
train-00694-orig,train-00694,original,0,i need validation for my life please anybody tell me i'm a good person mother hahahaha now what kind of shit is that,sarcastic
train-00694-interp1,train-00694,interpretation,1,i need validation for my life please anybody tell me i'm a good person mother hahahaha now what kind of shit is that,not_sarcastic
train-00694-interp2,train-00694,interpretation,2,i need validation for my life please anybody tell me i'm a good person mother hahahaha now what kind of shit is that,not_sarcastic
train-00695-orig,train-00695,original,0,thankyou so much bt for locking me out my hacked account and not accepting my security question answer,sarcastic
train-00695-interp1,train-00695,interpretation,1,fuck you for locking me out my hacked account and not accepting my security question answer,not_sarcastic
train-00695-interp2,train-00695,interpretation,2,thankyou so much bt for locking me out my hacked account and not accepting my security question answer,not_sarcastic
train-00696-orig,train-00696,original,0,i better be my great grandmothers favorite relative ever if not i quit ancestry lol,sarcastic
train-00696-interp1,train-00696,interpretation,1,i better be my great grandmothers favorite relative ever if not i will face a lot in her hands,not_sarcastic
train-00696-interp2,train-00696,interpretation,2,i better be my great grandmothers favorite relative ever if not i quit ancestry,not_sarcastic
train-00697-orig,train-00697,original,0,heading to fort wayne for the speice run amp slam tourney for the 103 rd time in my coaching career,sarcastic
train-00697-interp1,train-00697,interpretation,1,heading to fort wayne for the speice run amp slam tourney for the 103 rd time in my coaching career,not_sarcastic
train-00697-interp2,train-00697,interpretation,2,heading to fort wayne for the speice run amp slam tourney for the 103 rd time in my coaching career,not_sarcastic
train-00698-orig,train-00698,original,0,well if the village idiot named it i m sure it s a good thing,sarcastic
train-00698-interp1,train-00698,interpretation,1,well if the village idiot named it i m sure it s a bad thing,not_sarcastic
train-00698-interp2,train-00698,interpretation,2,well if the village idiot named it it is not at all good,not_sarcastic
train-00699-orig,train-00699,original,0,guys when i die i want you all to make in loving memory stickers for your cars that's how i want to be remembered,sarcastic
train-00699-interp1,train-00699,interpretation,1,guys when i die i want you all to make in loving memory stickers for your cars that's how i want to be remembered,not_sarcastic
train-00699-interp2,train-00699,interpretation,2,guys when i die i want you all to make in loving memory stickers for your cars that's how i want to be remembered,not_sarcastic
train-00700-orig,train-00700,original,0,so i was at the family court for the first time and again thank you t'dad for no or a lack of signage kudos,sarcastic
train-00700-interp1,train-00700,interpretation,1,so i was at the family court for the first time and again t'dad i don't appreciate you for no or a lack of signage,not_sarcastic
train-00700-interp2,train-00700,interpretation,2,so i was at the family court for the first time and again thank you t'dad for no or a lack of signage,not_sarcastic
train-00701-orig,train-00701,original,0,just one of the many services i offer,sarcastic
train-00701-interp1,train-00701,interpretation,1,just one of the many services i offer,not_sarcastic
train-00701-interp2,train-00701,interpretation,2,sarcasm is one of the many services i offer,not_sarcastic
train-00702-orig,train-00702,original,0,nice base running there fowler,sarcastic
train-00702-interp1,train-00702,interpretation,1,nice base running there fowler,not_sarcastic
train-00702-interp2,train-00702,interpretation,2,nice base running there fowler,not_sarcastic
train-00703-orig,train-00703,original,0,i just looooove getting big cases on friday afternoons,sarcastic
train-00703-interp1,train-00703,interpretation,1,i just hate getting big cases on friday afternoons,not_sarcastic
train-00703-interp2,train-00703,interpretation,2,i just looooove getting big cases on friday afternoons,not_sarcastic
train-00704-orig,train-00704,original,0,if sorry for not wanting to follow the crowd,sarcastic
train-00704-interp1,train-00704,interpretation,1,not sorry for not wanting to follow the crowd,not_sarcastic
train-00704-interp2,train-00704,interpretation,2,if sorry for not wanting to follow the crowd,not_sarcastic
train-00705-orig,train-00705,original,0,you gotta feel for southern miss the ncaa is going to hammer them for ole miss's violations,sarcastic
train-00705-interp1,train-00705,interpretation,1,you don't need to feel for southern miss the ncaa is not going to hammer them for ole miss's violations,not_sarcastic
train-00705-interp2,train-00705,interpretation,2,you gotta feel for southern miss the ncaa is going to hammer them for ole miss's violations,not_sarcastic
train-00706-orig,train-00706,original,0,i absolutely love how my mom doesn't believe a damn word i say,sarcastic
train-00706-interp1,train-00706,interpretation,1,i absolutely hate how my mom doesn't believe a damn word i say,not_sarcastic
train-00706-interp2,train-00706,interpretation,2,i absolutely love how my mom doesn't believe a damn word i say,not_sarcastic
train-00707-orig,train-00707,original,0,sometimes i wonder why you're still single because you're soo loyal and caring mostly loyal,sarcastic
train-00707-interp1,train-00707,interpretation,1,sometimes i wonder why you're still single because you're nor loyal and not caring mostly proud,not_sarcastic
train-00707-interp2,train-00707,interpretation,2,sometimes i wonder why you're still single because you're soo loyal and caring mostly loyal,not_sarcastic
train-00708-orig,train-00708,original,0,oh yay more thunderstorms,sarcastic
train-00708-interp1,train-00708,interpretation,1,oh no don't want more thunderstorms,not_sarcastic
train-00708-interp2,train-00708,interpretation,2,no more thunderstroms please,not_sarcastic
train-00709-orig,train-00709,original,0,haven't worked all week tn is gonna be fantastic,sarcastic
train-00709-interp1,train-00709,interpretation,1,haven't worked all week tn is gonna be strenuous,not_sarcastic
train-00709-interp2,train-00709,interpretation,2,haven't worked all week tn is gonna be fantastic,not_sarcastic
train-00710-orig,train-00710,original,0,he so u like teddy bear me no i just like big bear who is stuffed with cotton n cover by fur,sarcastic
train-00710-interp1,train-00710,interpretation,1,he so u like teddy bear me no i don't,not_sarcastic
train-00710-interp2,train-00710,interpretation,2,he so u like teddy bear me no i just like big bear who is stuffed with cotton n cover by fur,not_sarcastic
train-00711-orig,train-00711,original,0,i hope we keep hearing about the broncos qb situation,sarcastic
train-00711-interp1,train-00711,interpretation,1,i hope we stop hearing about the broncos qb situation,not_sarcastic
train-00711-interp2,train-00711,interpretation,2,i hope we keep hearing about the broncos qb situation,not_sarcastic
train-00712-orig,train-00712,original,0,black people unite,sarcastic
train-00712-interp1,train-00712,interpretation,1,black people are not united,not_sarcastic
train-00712-interp2,train-00712,interpretation,2,black people unite,not_sarcastic
train-00713-orig,train-00713,original,0,i forgot that ozzie has never made a bad pick before my bad guys stanley is gonna be better than jo and was a great pick,sarcastic
train-00713-interp1,train-00713,interpretation,1,i knew that ozzie has always made a bad pick before my bad guys stanley is gonna be worst than jo and wont be a great pick,not_sarcastic
train-00713-interp2,train-00713,interpretation,2,i forgot that ozzie has always made a bad pick before my bad guys stanley is gonna be better than jo and was a great pick,not_sarcastic
train-00714-orig,train-00714,original,0,hi student loans thanks for bleeding me dry this early afternoon missed you too,sarcastic
train-00714-interp1,train-00714,interpretation,1,hi student loans thanks for bleeding me dry this early afternoon don't miss you too,not_sarcastic
train-00714-interp2,train-00714,interpretation,2,i am thankful for not receiving any student loan related phone calls this afternoon,not_sarcastic
train-00715-orig,train-00715,original,0,ohh shizznits bellamy forgives clarke wow finally right ? she totally needed to be forgiven by you,sarcastic
train-00715-interp1,train-00715,interpretation,1,ohh shizznits bellamy forgives clarke wow finally right ? she totally don't need your forgiveness,not_sarcastic
train-00715-interp2,train-00715,interpretation,2,ohh shizznits bellamy forgives clarke wow finally right ? she totally needed to be forgiven by you,not_sarcastic
train-00716-orig,train-00716,original,0,yes because i loved to be ignored,sarcastic
train-00716-interp1,train-00716,interpretation,1,yes because i hate to be ignored,not_sarcastic
train-00716-interp2,train-00716,interpretation,2,i don t like getting ignored,not_sarcastic
train-00717-orig,train-00717,original,0,well today is off to a great start,sarcastic
train-00717-interp1,train-00717,interpretation,1,well today is off to a bad start,not_sarcastic
train-00717-interp2,train-00717,interpretation,2,well today is off to a great start,not_sarcastic
train-00718-orig,train-00718,original,0,all these boys showing their knees and calves are distracting me from my education we need a stricter dress code,sarcastic
train-00718-interp1,train-00718,interpretation,1,all these boys showing their knees and calves are distracting me from my education we need a good dress code,not_sarcastic
train-00718-interp2,train-00718,interpretation,2,all these boys showing their knees and calves are distracting me from my education we need a stricter dress code,not_sarcastic
train-00719-orig,train-00719,original,0,good to see politics has grown up in england that's sheldon,sarcastic
train-00719-interp1,train-00719,interpretation,1,too bad to see politics never grow up in england that's sheldon,not_sarcastic
train-00719-interp2,train-00719,interpretation,2,good to see politics has grown up in england that's sheldon,not_sarcastic
train-00720-orig,train-00720,original,0,working all day yay,sarcastic
train-00720-interp1,train-00720,interpretation,1,working all day so tired,not_sarcastic
train-00720-interp2,train-00720,interpretation,2,working all day is such a pain,not_sarcastic
train-00721-orig,train-00721,original,0,a pseudo inspirational quote is all you need in your facebook timeline it might change someone's life,sarcastic
train-00721-interp1,train-00721,interpretation,1,a pseudo inspirational quote is all you need in your facebook timeline it might change someone's life,not_sarcastic
train-00721-interp2,train-00721,interpretation,2,a pseudo inspirational quote is all you need in your facebook timeline it might change someone's life,not_sarcastic
train-00722-orig,train-00722,original,0,lots of people talking about the first round of the draft today good thing i care about the nfl,sarcastic
train-00722-interp1,train-00722,interpretation,1,lots of people talking about the first round of the draft today good thing i don't care about the nfl,not_sarcastic
train-00722-interp2,train-00722,interpretation,2,lots of people talking about the first round of the draft today good thing i care about,not_sarcastic
train-00723-orig,train-00723,original,0,boy sam bradford is showing great maturity and leadership skills to his future employer right now,sarcastic
train-00723-interp1,train-00723,interpretation,1,boy sam bradford is showing a boring immature skills to his future employer right now,not_sarcastic
train-00723-interp2,train-00723,interpretation,2,boy sam bradford is showing great maturity and leadership skills to his future employer right now,not_sarcastic
train-00724-orig,train-00724,original,0,your trash,sarcastic
train-00724-interp1,train-00724,interpretation,1,your trash,not_sarcastic
train-00724-interp2,train-00724,interpretation,2,your trash,not_sarcastic
train-00725-orig,train-00725,original,0,this just in a guy smoked weed in college unbelievable,sarcastic
train-00725-interp1,train-00725,interpretation,1,this just in a guy smoked weed in college not surprising,not_sarcastic
train-00725-interp2,train-00725,interpretation,2,this just in a guy smoked weed in college unbelievable,not_sarcastic
train-00726-orig,train-00726,original,0,well that was a fun commute this morning,sarcastic
train-00726-interp1,train-00726,interpretation,1,well that was a boring commute this morning,not_sarcastic
train-00726-interp2,train-00726,interpretation,2,well that was a fun commute this morning,not_sarcastic
train-00727-orig,train-00727,original,0,i just love how much of an asshole you are makes my whole day better,sarcastic
train-00727-interp1,train-00727,interpretation,1,i just hate how much of an asshole you are makes my whole day worse,not_sarcastic
train-00727-interp2,train-00727,interpretation,2,i just love how much of an asshole you are makes my whole day better,not_sarcastic
train-00728-orig,train-00728,original,0,my mom is so great she knows just how to stick that knife of guilt in you amp give it a little swirl to make it extra special,sarcastic
train-00728-interp1,train-00728,interpretation,1,my mom is so great she knows just how to stick that knife of guilt in you amp give it a little swirl to make it extra special,not_sarcastic
train-00728-interp2,train-00728,interpretation,2,my mom is so great she knows just how to stick that knife of guilt in you amp give it a little swirl to make it extra special,not_sarcastic
train-00729-orig,train-00729,original,0,so when does antitotti cabal start dissing the extension ? you know because top managers would come to roma if totti was gone,sarcastic
train-00729-interp1,train-00729,interpretation,1,so when does antitotti cabal start dissing the extension ? you know because top managers wouldn't come to roma if totti was gone,not_sarcastic
train-00729-interp2,train-00729,interpretation,2,so when does antitotti cabal start dissing the extension ? you know because top managers would come to roma if totti was gone,not_sarcastic
train-00730-orig,train-00730,original,0,heard i think this has gone far enough put a stop to ithow nice,sarcastic
train-00730-interp1,train-00730,interpretation,1,heard i think this has gone far enough put a stop to it how bad,not_sarcastic
train-00730-interp2,train-00730,interpretation,2,heard i think this has gone far enough put a stop to it how nice,not_sarcastic
train-00731-orig,train-00731,original,0,so my professor just made my final a group project thanks,sarcastic
train-00731-interp1,train-00731,interpretation,1,so my professor just made my final a group project fuck,not_sarcastic
train-00731-interp2,train-00731,interpretation,2,there was no need for my professor to make my final a group project,not_sarcastic
train-00732-orig,train-00732,original,0,there's already traffic at 5 30 am on a friday this whole 99 closure thing is going to be really fun,sarcastic
train-00732-interp1,train-00732,interpretation,1,there's already traffic at 5 30 am on a friday this whole 99 closure thing is going to be really problematic,not_sarcastic
train-00732-interp2,train-00732,interpretation,2,there's already traffic at 5 30 am on a friday this whole 99 closure thing is going to be really fun,not_sarcastic
train-00733-orig,train-00733,original,0,today's sickness update less stuffy nose more sore throat so many surprises so much fun,sarcastic
train-00733-interp1,train-00733,interpretation,1,today's sickness update less stuffy nose more sore throat so many not surprises so boring,not_sarcastic
train-00733-interp2,train-00733,interpretation,2,today's sickness update less stuffy nose more sore throat so many surprises so much fun,not_sarcastic
train-00734-orig,train-00734,original,0,this morning is off to a stellar start,sarcastic
train-00734-interp1,train-00734,interpretation,1,this morning is off to a rough start,not_sarcastic
train-00734-interp2,train-00734,interpretation,2,this morning is off to a stellar start,not_sarcastic
train-00735-orig,train-00735,original,0,after 9 hours of waiting wow im sooo important,sarcastic
train-00735-interp1,train-00735,interpretation,1,after 9 hours of waiting wow im sooo not recognized,not_sarcastic
train-00735-interp2,train-00735,interpretation,2,after 9 hours of waiting wow im sooo important,not_sarcastic
train-00736-orig,train-00736,original,0,off to edinburgh forgot how much fun traveling with the family is,sarcastic
train-00736-interp1,train-00736,interpretation,1,off to edinburgh forgot how much boring traveling with the family is,not_sarcastic
train-00736-interp2,train-00736,interpretation,2,off to edinburgh forgot how much fun traveling with the family is,not_sarcastic
train-00737-orig,train-00737,original,0,lol there isnt a single english word what a cultural advantage,sarcastic
train-00737-interp1,train-00737,interpretation,1,lol there isnt a single english word what a cultural disadvantage,not_sarcastic
train-00737-interp2,train-00737,interpretation,2,lol there isnt a single english word what a cultural advantage,not_sarcastic
train-00738-orig,train-00738,original,0,change in schedule because i'm an adventurous manuscript writer up at 5 am to get some writing done before today's oral exams,sarcastic
train-00738-interp1,train-00738,interpretation,1,change in schedule because i'm an adventurous manuscript writer up at 5 am to get some writing done before today's oral exams,not_sarcastic
train-00738-interp2,train-00738,interpretation,2,change in schedule because i'm an adventurous manuscript writer up at 5 am to get some writing done before today's oral exams,not_sarcastic
train-00739-orig,train-00739,original,0,might go watch the tour de yorkshire because there can never be enough bikes on the road,sarcastic
train-00739-interp1,train-00739,interpretation,1,might go watch the tour de yorkshire because there will be enough bikes on the road,not_sarcastic
train-00739-interp2,train-00739,interpretation,2,might go watch the tour de yorkshire because there can never be enough bikes on the road,not_sarcastic
train-00740-orig,train-00740,original,0,wonder how many of dee gordon's 8 career homeruns were ped helped ? i mean it was obvious he was juicing,sarcastic
train-00740-interp1,train-00740,interpretation,1,wonder how many of dee gordon's 8 career homeruns were ped helped ? i mean it was obvious he was not juicing,not_sarcastic
train-00740-interp2,train-00740,interpretation,2,wonder how many of dee gordon's 8 career homeruns were ped helped ? i mean it was obvious he was juicing,not_sarcastic
train-00741-orig,train-00741,original,0,people who wish you morning noon amp night are the reason we have summer everyday,sarcastic
train-00741-interp1,train-00741,interpretation,1,people who wish you morning noon amp night are not the reason we have summer everyday,not_sarcastic
train-00741-interp2,train-00741,interpretation,2,people who wish you morning noon amp night are the reason we have summer everyday,not_sarcastic
train-00742-orig,train-00742,original,0,yay midnight walmart trip for shoes for the new job,sarcastic
train-00742-interp1,train-00742,interpretation,1,yay midnight walmart trip for shoes for the new job,not_sarcastic
train-00742-interp2,train-00742,interpretation,2,yay midnight walmart trip for shoes for the new job,not_sarcastic
train-00743-orig,train-00743,original,0,i love apple music because it just werk fuck did i just do a pun ?,sarcastic
train-00743-interp1,train-00743,interpretation,1,i hate apple music because it just werk fuck did i just do a pun ?,not_sarcastic
train-00743-interp2,train-00743,interpretation,2,i love apple music because it just werk fuck did i just do a pun ?,not_sarcastic
train-00744-orig,train-00744,original,0,teacher to student hamesha rotey rehna explain it with example student arvind kejariwal,sarcastic
train-00744-interp1,train-00744,interpretation,1,teacher to student hamesha rotey rehna explain it with example student arvind kejariwal,not_sarcastic
train-00744-interp2,train-00744,interpretation,2,teacher to student hamesha rotey rehna explain it with example student arvind kejariwal,not_sarcastic
train-00745-orig,train-00745,original,0,you have a dt out of alabama and a dt out of la tech of course you'd select the guy out of la tech,sarcastic
train-00745-interp1,train-00745,interpretation,1,you have a dt out of alabama and a dt out of la tech of course you won't select the guy out of la tech,not_sarcastic
train-00745-interp2,train-00745,interpretation,2,you have a dt out of alabama and a dt out of la tech of course you'd select the guy out of la tech,not_sarcastic
train-00746-orig,train-00746,original,0,i guess bama won that title by luck because obviously they didn't have the 1 stround talent that ohio state and ole miss had,sarcastic
train-00746-interp1,train-00746,interpretation,1,i guess bama won that title on credit because obviously they have the 1 stround talent that ohio state and ole miss had,not_sarcastic
train-00746-interp2,train-00746,interpretation,2,i guess bama won that title by luck because obviously they didn't have the 1 stround talent that ohio state and ole miss had,not_sarcastic
train-00747-orig,train-00747,original,0,what ? the seahawks traded down ? ? shocker,sarcastic
train-00747-interp1,train-00747,interpretation,1,what ? the seahawks traded down ? ? not surprised,not_sarcastic
train-00747-interp2,train-00747,interpretation,2,what ? the seahawks traded down ? ? shocker,not_sarcastic
train-00748-orig,train-00748,original,0,5 career sacks woah watch out,sarcastic
train-00748-interp1,train-00748,interpretation,1,5 career sacks woah watch out,not_sarcastic
train-00748-interp2,train-00748,interpretation,2,5 career sacks woah watch out,not_sarcastic
train-00749-orig,train-00749,original,0,robert nkemdiche with the most humble draft day interview ever,sarcastic
train-00749-interp1,train-00749,interpretation,1,robert nke mdiche with the most rude draft day interview ever,not_sarcastic
train-00749-interp2,train-00749,interpretation,2,robert nkemdiche with the most humble draft day interview ever,not_sarcastic
train-00750-orig,train-00750,original,0,everybody this is just proof the nhl is out to get the penguins,sarcastic
train-00750-interp1,train-00750,interpretation,1,everybody this is just proof the nhl is not out to get the penguins,not_sarcastic
train-00750-interp2,train-00750,interpretation,2,everybody this is just proof the nhl is out to get the penguins,not_sarcastic
train-00751-orig,train-00751,original,0,ok treadwell if you dont catch 120 passes 15 tds and 1300 yards you're a bust,sarcastic
train-00751-interp1,train-00751,interpretation,1,ok treadwell if you dont catch 120 passes 15 tds and 1300 yards you're a bust,not_sarcastic
train-00751-interp2,train-00751,interpretation,2,ok treadwell if you dont catch 120 passes 15 tds and 1300 yards you're a bust,not_sarcastic
train-00752-orig,train-00752,original,0,ole miss didn't get the 1 recruiting class in the country without cheating ? who'd a thunk it ?,sarcastic
train-00752-interp1,train-00752,interpretation,1,ole miss didn't get the 1 recruiting class in the country without cheating ? who'd a thunk it ?,not_sarcastic
train-00752-interp2,train-00752,interpretation,2,ole miss didn't get the 1 recruiting class in the country without cheating ? who'd a thunk it ?,not_sarcastic
train-00753-orig,train-00753,original,0,my cooking prowess includes burning ramen to pans setting stoves on fire and boiling brownies 10 10 best cook,sarcastic
train-00753-interp1,train-00753,interpretation,1,my cooking prowess includes burning ramen to pans setting stoves on fire and boiling brownies 0 10 worst cook,not_sarcastic
train-00753-interp2,train-00753,interpretation,2,my cooking prowess includes burning ramen to pans setting stoves on fire and boiling brownies 10 10 best cook,not_sarcastic
train-00754-orig,train-00754,original,0,i'm jewish no lie so please make holocaust jokes i find them absolutely hilarious,sarcastic
train-00754-interp1,train-00754,interpretation,1,i'm jewish no lie so please don't make holocaust jokes i find them absolutely boring,not_sarcastic
train-00754-interp2,train-00754,interpretation,2,i'm jewish no lie so please make holocaust jokes i find them absolutely hilarious,not_sarcastic
train-00755-orig,train-00755,original,0,i hope sammy sleeves congratulated wents tonight that wouldn't be good if he wasn't a good mentor to the young qb,sarcastic
train-00755-interp1,train-00755,interpretation,1,i hope sammy sleeves congratulated wents tonight it will still be good even if he wasn't a good mentor to the young qb,not_sarcastic
train-00755-interp2,train-00755,interpretation,2,i hope sammy sleeves congratulated wents tonight that wouldn't be good if he wasn't a good mentor to the young qb,not_sarcastic
train-00756-orig,train-00756,original,0,also awesome when there is a ball python loose in the house,sarcastic
train-00756-interp1,train-00756,interpretation,1,also annoying when there is a ball python loose in the house,not_sarcastic
train-00756-interp2,train-00756,interpretation,2,also awesome when there is a ball python loose in the house,not_sarcastic
train-00757-orig,train-00757,original,0,and we still don t have a left tackle like is that really a position that we need ?,sarcastic
train-00757-interp1,train-00757,interpretation,1,and we still don t have a left tackle like is that really a position that we need ?,not_sarcastic
train-00757-interp2,train-00757,interpretation,2,and we still don t have a left tackle like is that really a position that we need ?,not_sarcastic
train-00758-orig,train-00758,original,0,coleman looked suuuper excited to be picked by cleveland lol,sarcastic
train-00758-interp1,train-00758,interpretation,1,coleman looked so sad to be picked by cleveland,not_sarcastic
train-00758-interp2,train-00758,interpretation,2,coleman looked suuuper excited to be picked by cleveland,not_sarcastic
train-00759-orig,train-00759,original,0,cory coleman looks absolutley thrilled to be a brown,sarcastic
train-00759-interp1,train-00759,interpretation,1,cory coleman looks absolutley bored to be a brown,not_sarcastic
train-00759-interp2,train-00759,interpretation,2,cory coleman looks absolutley thrilled to be a brown,not_sarcastic
train-00760-orig,train-00760,original,0,espn of course handling the gas mask bong pipe incident with the poise and objectivity we all have come to expect,sarcastic
train-00760-interp1,train-00760,interpretation,1,espn of course handling the gas mask bong pipe incident with the poise and objectivity we all have come to expect,not_sarcastic
train-00760-interp2,train-00760,interpretation,2,espn of course handling the gas mask bong pipe incident with the poise and objectivity we all have come to expect,not_sarcastic
train-00761-orig,train-00761,original,0,i feel sorry for those select few who make mistakes in college,sarcastic
train-00761-interp1,train-00761,interpretation,1,i don't feel sorry for those select few who make mistakes in college,not_sarcastic
train-00761-interp2,train-00761,interpretation,2,i feel sorry for those select few who make mistakes in college,not_sarcastic
train-00762-orig,train-00762,original,0,this couldn't be happening to a better agent in jimmy sexton,sarcastic
train-00762-interp1,train-00762,interpretation,1,this couldn't be happening to a better agent in jimmy sexton,not_sarcastic
train-00762-interp2,train-00762,interpretation,2,this couldn't be happening to a better agent in jimmy sexton,not_sarcastic
train-00763-orig,train-00763,original,0,laremy tunsil is one of the more intelligent players in this draft,sarcastic
train-00763-interp1,train-00763,interpretation,1,laremy tunsil is one of the more dull players in this draft,not_sarcastic
train-00763-interp2,train-00763,interpretation,2,laremy tunsil is one of the more intelligent players in this draft,not_sarcastic
train-00764-orig,train-00764,original,0,sooooo excited for balor versus joe again,sarcastic
train-00764-interp1,train-00764,interpretation,1,feel so bad for balor versus joe again,not_sarcastic
train-00764-interp2,train-00764,interpretation,2,sooooo excited for balor versus joe again,not_sarcastic
train-00765-orig,train-00765,original,0,a trade ? who could have ever seen that coming ? what a shocking twist of events ?,sarcastic
train-00765-interp1,train-00765,interpretation,1,a trade ? who could have ever seen that coming ? what a shocking twist of events ?,not_sarcastic
train-00765-interp2,train-00765,interpretation,2,a trade ? who could have ever seen that coming ? what a shocking twist of events,not_sarcastic
train-00766-orig,train-00766,original,0,tunsil dropping ? i wonder why,sarcastic
train-00766-interp1,train-00766,interpretation,1,tunsil dropping ? not surprised,not_sarcastic
train-00766-interp2,train-00766,interpretation,2,tunsil dropping ? i wonder why,not_sarcastic
train-00767-orig,train-00767,original,0,thanks pendot for all the lines being painted on 220 in sullivan county,sarcastic
train-00767-interp1,train-00767,interpretation,1,thanks pendot for all the lines being painted on 220 in sullivan county,not_sarcastic
train-00767-interp2,train-00767,interpretation,2,thanks pendot for all the lines being painted on 220 in sullivan county,not_sarcastic
train-00768-orig,train-00768,original,0,so how does this affect the bills plans ?,sarcastic
train-00768-interp1,train-00768,interpretation,1,so this has a way of affecting the bills plans ?,not_sarcastic
train-00768-interp2,train-00768,interpretation,2,so how does this affect the bills plans ?,not_sarcastic
train-00769-orig,train-00769,original,0,here i was thinking the rams moved up to get zeke pairing him and gurley in that backfield what a move that would have been,sarcastic
train-00769-interp1,train-00769,interpretation,1,here i was thinking the rams moved up to get zeke pairing him and gurley in that backfield what a move that would have been,not_sarcastic
train-00769-interp2,train-00769,interpretation,2,here i was thinking the rams moved up to get zeke pairing him and gurley in that backfield what a move that would have been,not_sarcastic
train-00770-orig,train-00770,original,0,good talk,sarcastic
train-00770-interp1,train-00770,interpretation,1,rubbish talk,not_sarcastic
train-00770-interp2,train-00770,interpretation,2,not at all a good talk,not_sarcastic
train-00771-orig,train-00771,original,0,didn't see that coming,sarcastic
train-00771-interp1,train-00771,interpretation,1,saw it coming,not_sarcastic
train-00771-interp2,train-00771,interpretation,2,didn't see that coming,not_sarcastic
train-00772-orig,train-00772,original,0,big surprise,sarcastic
train-00772-interp1,train-00772,interpretation,1,not surprised,not_sarcastic
train-00772-interp2,train-00772,interpretation,2,big surprise,not_sarcastic
train-00773-orig,train-00773,original,0,yay john danks,sarcastic
train-00773-interp1,train-00773,interpretation,1,yay john danks,not_sarcastic
train-00773-interp2,train-00773,interpretation,2,yay john danks,not_sarcastic
train-00774-orig,train-00774,original,0,big deal one ndsu football player might go pro tons of und hockey players have gone pro,sarcastic
train-00774-interp1,train-00774,interpretation,1,big deal one ndsu football player might go pro tons of und hockey players have gone pro,not_sarcastic
train-00774-interp2,train-00774,interpretation,2,big deal one ndsu football player might go pro tons of und hockey players have gone pro,not_sarcastic
train-00775-orig,train-00775,original,0,does anyone know when the nfl draft is ? do you think carson wentz will get drafted by the time all is said amp done ? ? ?,sarcastic
train-00775-interp1,train-00775,interpretation,1,does anyone know when the nfl draft is ? do you think carson wentz will get drafted by the time all is said amp done ? ? ?,not_sarcastic
train-00775-interp2,train-00775,interpretation,2,does anyone know when the nfl draft is ? do you think carson wentz will get drafted by the time all is said amp done ?,not_sarcastic
train-00776-orig,train-00776,original,0,12 hour shifts on about an hours sleep is fun,sarcastic
train-00776-interp1,train-00776,interpretation,1,12 hour shifts on about an hours sleep is short,not_sarcastic
train-00776-interp2,train-00776,interpretation,2,12 hour shifts on about an hours sleep is fun,not_sarcastic
train-00777-orig,train-00777,original,0,she's cute you should go for it you're right i should just fall in love get married and make ugly babies together,sarcastic
train-00777-interp1,train-00777,interpretation,1,she's cute you should go for it you're right i should just fall in love get married and make beautiful kids together,not_sarcastic
train-00777-interp2,train-00777,interpretation,2,she's cute you should go for it you're right i should just fall in love get married and make ugly babies together,not_sarcastic
train-00778-orig,train-00778,original,0,psyched for parcc tomorrow,sarcastic
train-00778-interp1,train-00778,interpretation,1,psyched for parcc tomorrow,not_sarcastic
train-00778-interp2,train-00778,interpretation,2,psyched for parcc tomorrow,not_sarcastic
train-00779-orig,train-00779,original,0,can't wait for all the tweets from people annoyed by nfl media tweeting about picks before they're said on tv,sarcastic
train-00779-interp1,train-00779,interpretation,1,hate to see tweets from people annoyed by nfl media tweeting about picks before they're said on tv,not_sarcastic
train-00779-interp2,train-00779,interpretation,2,can't wait for all the tweets from people annoyed by nfl media tweeting about picks before they're said on tv,not_sarcastic
train-00780-orig,train-00780,original,0,mercury went retrograde today really ? couldn't tell,sarcastic
train-00780-interp1,train-00780,interpretation,1,mercury went retrograde today really ? couldn't tell,not_sarcastic
train-00780-interp2,train-00780,interpretation,2,mercury went retrograde today really ? couldn't tell,not_sarcastic
train-00781-orig,train-00781,original,0,i just love it when it storms,sarcastic
train-00781-interp1,train-00781,interpretation,1,i just hate it when it storms,not_sarcastic
train-00781-interp2,train-00781,interpretation,2,i just love it when it storms,not_sarcastic
train-00782-orig,train-00782,original,0,i've memorised your number so even if i don't have your number i'll know when you call so that i'll know when not to pick up,sarcastic
train-00782-interp1,train-00782,interpretation,1,i've memorised your number so even if i don't have your number i'll know when you call so that i'll know when to pick up,not_sarcastic
train-00782-interp2,train-00782,interpretation,2,i've memorised your number so even if i don't have your number i'll know when you call so that i'll know when not to pick up,not_sarcastic
train-00783-orig,train-00783,original,0,this is going to be a fun shift,sarcastic
train-00783-interp1,train-00783,interpretation,1,this is going to be a boring shift,not_sarcastic
train-00783-interp2,train-00783,interpretation,2,this is going to be a fun shift,not_sarcastic
train-00784-orig,train-00784,original,0,dancing in my living room is sooo fun,sarcastic
train-00784-interp1,train-00784,interpretation,1,dancing in my living room is sooo boring,not_sarcastic
train-00784-interp2,train-00784,interpretation,2,dancing in my living room is sooo fun,not_sarcastic
train-00785-orig,train-00785,original,0,it's soooooo great that interac emails me back in a timely manner when i have a problem,sarcastic
train-00785-interp1,train-00785,interpretation,1,it's soooooo annoying that interac emails me back in a timely manner when i have solved the problem,not_sarcastic
train-00785-interp2,train-00785,interpretation,2,it's soooooo great that interac emails me back in a timely manner when i have a problem,not_sarcastic
train-00786-orig,train-00786,original,0,nothing like a ig dm to say you have sexy feet amp a pretty face to give you a pick me up,sarcastic
train-00786-interp1,train-00786,interpretation,1,nothing like a ig dm to say you have sexy feet amp a pretty face to give you a pick me up,not_sarcastic
train-00786-interp2,train-00786,interpretation,2,nothing like a ig dm to say you have sexy feet amp a pretty face to give you a pick me up,not_sarcastic
train-00787-orig,train-00787,original,0,such fucking friends you guys are,sarcastic
train-00787-interp1,train-00787,interpretation,1,such great friends you guys are,not_sarcastic
train-00787-interp2,train-00787,interpretation,2,such fucking friends you guys are,not_sarcastic
train-00788-orig,train-00788,original,0,being ignored is so much fun and really healthy for depression like it's the best thing ever,sarcastic
train-00788-interp1,train-00788,interpretation,1,being ignored is so much annoying and not healthy for depression like it's the worst thing ever,not_sarcastic
train-00788-interp2,train-00788,interpretation,2,being ignored is so much fun and really healthy for depression like it's the best thing ever,not_sarcastic
train-00789-orig,train-00789,original,0,apple never improve the pragmatic design for magsafe adapter that proves it's the core of their business model,sarcastic
train-00789-interp1,train-00789,interpretation,1,apple never improve the pragmatic design for magsafe adapter that proves it's not the core of their business model,not_sarcastic
train-00789-interp2,train-00789,interpretation,2,apple never improve the pragmatic design for magsafe adapter that proves it's the core of their business model,not_sarcastic
train-00790-orig,train-00790,original,0,honestly if thats not friendship goals what is ?,sarcastic
train-00790-interp1,train-00790,interpretation,1,honestly if thats not friendship goals what is ?,not_sarcastic
train-00790-interp2,train-00790,interpretation,2,this is not any kind of a friendship goal,not_sarcastic
train-00791-orig,train-00791,original,0,no one cares unless you are pretty or dying flips hair thank god i'm pretty,sarcastic
train-00791-interp1,train-00791,interpretation,1,no one cares unless you are pretty or dying flips hair and now i am not pretty,not_sarcastic
train-00791-interp2,train-00791,interpretation,2,people do not care until you are pretty or dying,not_sarcastic
train-00792-orig,train-00792,original,0,i feel loved 0 message,sarcastic
train-00792-interp1,train-00792,interpretation,1,i feel neglected 0 message,not_sarcastic
train-00792-interp2,train-00792,interpretation,2,not a single person likes to drop me a message so that i feel loved,not_sarcastic
train-00793-orig,train-00793,original,0,why get there early when you can sleep more ?,sarcastic
train-00793-interp1,train-00793,interpretation,1,why not get there early when you can sleep more later ?,not_sarcastic
train-00793-interp2,train-00793,interpretation,2,sleep needs to be sacrifies in order to reach there early,not_sarcastic
train-00794-orig,train-00794,original,0,wow i just love not getting attention its my favorite thing in the world,sarcastic
train-00794-interp1,train-00794,interpretation,1,wow i just hate not getting attention its the thing i hate the most in the world,not_sarcastic
train-00794-interp2,train-00794,interpretation,2,i hate when i do not get proper attention,not_sarcastic
train-00795-orig,train-00795,original,0,guys guess what ? ? ? i'm going to la in 8 hours i'm so excited i've never been there before i hope i see a celebrity,sarcastic
train-00795-interp1,train-00795,interpretation,1,guys guess what ? ? ? i'm going to la in 8 hours i'm so excited i've never been there before i hope i see a celebrity,not_sarcastic
train-00795-interp2,train-00795,interpretation,2,going to la means zero level of excitement,not_sarcastic
train-00796-orig,train-00796,original,0,and yay i get to go home to that,sarcastic
train-00796-interp1,train-00796,interpretation,1,and yay i get to go home to that,not_sarcastic
train-00796-interp2,train-00796,interpretation,2,nothing new in going home for that,not_sarcastic
train-00797-orig,train-00797,original,0,brad s teammate won this race must be rigged lol,sarcastic
train-00797-interp1,train-00797,interpretation,1,brad s teammate won you did a great job,not_sarcastic
train-00797-interp2,train-00797,interpretation,2,it is not necessary that if bradae's teammate won the race he seeked help for that,not_sarcastic
train-00798-orig,train-00798,original,0,imagine kyrie dinged up ? like that's never happened before hit the weight room son we need you and you cannot be a glass doll,sarcastic
train-00798-interp1,train-00798,interpretation,1,imagine kyrie dinged up ? like that's never happened before hit the weight room son we need you and you cannot be a glass doll,not_sarcastic
train-00798-interp2,train-00798,interpretation,2,kyrie needs to hit the weight room for not ending up like a glass doll,not_sarcastic
train-00799-orig,train-00799,original,0,what a great way to end the first day of summer,sarcastic
train-00799-interp1,train-00799,interpretation,1,what a bad way to end the first day of summer,not_sarcastic
train-00799-interp2,train-00799,interpretation,2,my first summer day could not have a more unpleasant end,not_sarcastic
train-00800-orig,train-00800,original,0,but chase elliott is the best driver in the world that couldn't have possibly been his fault,sarcastic
train-00800-interp1,train-00800,interpretation,1,but chase elliott is the worst driver in the world that couldn't have possibly been his fault,not_sarcastic
train-00800-interp2,train-00800,interpretation,2,mistakes can heppen from anyobody be it chase elliott,not_sarcastic
train-00801-orig,train-00801,original,0,what a great conversationalist,sarcastic
train-00801-interp1,train-00801,interpretation,1,what a boring conversationalist,not_sarcastic
train-00801-interp2,train-00801,interpretation,2,we could not have a worser converstaion,not_sarcastic
train-00802-orig,train-00802,original,0,panic in cleveland,sarcastic
train-00802-interp1,train-00802,interpretation,1,panic in cleveland,not_sarcastic
train-00802-interp2,train-00802,interpretation,2,there ain't any panic situation in cleveland,not_sarcastic
train-00803-orig,train-00803,original,0,hold up wait a minute did the king just lose a game ? that's impossible,sarcastic
train-00803-interp1,train-00803,interpretation,1,hold up wait a minute did the king just lose a game ? that's impossible,not_sarcastic
train-00803-interp2,train-00803,interpretation,2,it is possible even if the king looses the game,not_sarcastic
train-00804-orig,train-00804,original,0,i just can't wait for tomorrow when everyone talks about how this one game means the cavs are overrated and aren't good,sarcastic
train-00804-interp1,train-00804,interpretation,1,looking forward totomorrow when everyone talks about how this one game means the cavs are overrated and aren't good,not_sarcastic
train-00804-interp2,train-00804,interpretation,2,i hate this day when everyone discusses about the overrated and not so good cavs,not_sarcastic
train-00805-orig,train-00805,original,0,mom will it kills you if you done it ? me yes mom it will kill me slowly and painfully and i cant go through it,sarcastic
train-00805-interp1,train-00805,interpretation,1,mom will it kills you if you done it ? me yes mom it will kill me slowly and painfully and i cant go through it,not_sarcastic
train-00805-interp2,train-00805,interpretation,2,i can go through it strongly it cannot kill me and cause any pain to me,not_sarcastic
train-00806-orig,train-00806,original,0,if derek could take any longer that'd be cool,sarcastic
train-00806-interp1,train-00806,interpretation,1,if derek could take any longer that won't be cool,not_sarcastic
train-00806-interp2,train-00806,interpretation,2,derek should not take even a second more to arrive,not_sarcastic
train-00807-orig,train-00807,original,0,2 nhl conference finals both 2 2 no one has any idea who will win this the nba would never stand for this unpredictability,sarcastic
train-00807-interp1,train-00807,interpretation,1,2 nhl conference finals both 2 2 no one has any idea who will win this the nba would never stand for this unpredictability,not_sarcastic
train-00807-interp2,train-00807,interpretation,2,the nba might stand on the predictability of the winner of the conference finals betwenn the 2 nhl,not_sarcastic
train-00808-orig,train-00808,original,0,it'll be so much easier for me to wave to all the other motorcyclists when we're all driverless,sarcastic
train-00808-interp1,train-00808,interpretation,1,it'll be so much difficult for me to wave to all the other motorcyclists when we're all driverless,not_sarcastic
train-00808-interp2,train-00808,interpretation,2,i don t feel like waving to those motorcyclists even if i am driverless,not_sarcastic
train-00809-orig,train-00809,original,0,the best time to have an existential crisis is when youre entire body feels like shit,sarcastic
train-00809-interp1,train-00809,interpretation,1,the worst time to have an existential crisis is when youre entire body feels like shit,not_sarcastic
train-00809-interp2,train-00809,interpretation,2,its not good to have existentinal crises when your body feels like shit,not_sarcastic
train-00810-orig,train-00810,original,0,so happy i always make the most of my weekends,sarcastic
train-00810-interp1,train-00810,interpretation,1,so sad i always make the most of my weekends,not_sarcastic
train-00810-interp2,train-00810,interpretation,2,nobody has the tendency to waste their weekends like i do,not_sarcastic
train-00811-orig,train-00811,original,0,the air pollution here is so awesome so majestic,sarcastic
train-00811-interp1,train-00811,interpretation,1,the air pollution here is so bad so terrible,not_sarcastic
train-00811-interp2,train-00811,interpretation,2,the air here is so polluted,not_sarcastic
train-00812-orig,train-00812,original,0,i like the way you fail to acknowledge your mistake,sarcastic
train-00812-interp1,train-00812,interpretation,1,i hate the way you fail to acknowledge your mistake,not_sarcastic
train-00812-interp2,train-00812,interpretation,2,why don t you ever acknowledge your mistake,not_sarcastic
train-00813-orig,train-00813,original,0,and suddenly all those lebron flopping videos make sense,sarcastic
train-00813-interp1,train-00813,interpretation,1,and suddenly all those lebron flopping videos does not make any sense,not_sarcastic
train-00813-interp2,train-00813,interpretation,2,the reason why the lebron videos are a flop is because they can never make any sense,not_sarcastic
train-00814-orig,train-00814,original,0,it's amazing that mark jackson doesn't have a head coaching job,sarcastic
train-00814-interp1,train-00814,interpretation,1,it's unamazing that mark jackson doesn't have a head coaching job,not_sarcastic
train-00814-interp2,train-00814,interpretation,2,mark jackson should have a head coaching job,not_sarcastic
train-00815-orig,train-00815,original,0,oh and here's a cute update pretty sure my former job didn't pay me my final pay observe my shocked face,sarcastic
train-00815-interp1,train-00815,interpretation,1,oh and here's a cute update pretty sure my former job didn't pay me my final pay observe my shocked face,not_sarcastic
train-00815-interp2,train-00815,interpretation,2,i was shocked on not receiving my final pay from my former job,not_sarcastic
train-00816-orig,train-00816,original,0,cahill should've started over lester today right ?,sarcastic
train-00816-interp1,train-00816,interpretation,1,cahill should not have started over lester today right ?,not_sarcastic
train-00816-interp2,train-00816,interpretation,2,cahill need not start over lester today,not_sarcastic
train-00817-orig,train-00817,original,0,calvin harris was in an accident never mind the other 6 injured,sarcastic
train-00817-interp1,train-00817,interpretation,1,calvin harris was injured with 6 other guys,not_sarcastic
train-00817-interp2,train-00817,interpretation,2,it does not matter that 6 people were injured in an accident but it does matter if calvin harris was a part of the same,not_sarcastic
train-00818-orig,train-00818,original,0,well of course sold out open to public right ? good job jelpi you did it,sarcastic
train-00818-interp1,train-00818,interpretation,1,well of course sold out open to public right ? good job jelpi you did it,not_sarcastic
train-00818-interp2,train-00818,interpretation,2,how can a place open to public be sold,not_sarcastic
train-00819-orig,train-00819,original,0,dis jon lester is garbage my frents,sarcastic
train-00819-interp1,train-00819,interpretation,1,dis jon lester is garbage my frents,not_sarcastic
train-00819-interp2,train-00819,interpretation,2,jon lester is not garbage,not_sarcastic
train-00820-orig,train-00820,original,0,thanks everyone really happy to announce that i have 1 follower,sarcastic
train-00820-interp1,train-00820,interpretation,1,hi everyone really sad to announce that i have 1 follower,not_sarcastic
train-00820-interp2,train-00820,interpretation,2,having just 1 follower sucks,not_sarcastic
train-00821-orig,train-00821,original,0,the only thing better than watching nascar races on tv watching nascar qualifiers on tv,sarcastic
train-00821-interp1,train-00821,interpretation,1,the only tin better than watching nascar is not watching anything,not_sarcastic
train-00821-interp2,train-00821,interpretation,2,things could not be worser when you have nothing else except watching the nascar qualifiers on tv,not_sarcastic
train-00822-orig,train-00822,original,0,what a surprise that the youngish guy with a bushy beard and man bun was going into this craft beer place too,sarcastic
train-00822-interp1,train-00822,interpretation,1,not a surprise that the youngish guy with a bushy beard and man bun was going into this craft beer place too,not_sarcastic
train-00822-interp2,train-00822,interpretation,2,i don t get surprised anymore on seeing young boys going to the craft beer place,not_sarcastic
train-00823-orig,train-00823,original,0,these same boxing sites will happily declare tyson fury as a top 10 pound for pound fighter hahaha yep definitely experts,sarcastic
train-00823-interp1,train-00823,interpretation,1,these same boxing sites will happily declare tyson fury as a top 10 pound for pound fighter hahaha yep definitely experts,not_sarcastic
train-00823-interp2,train-00823,interpretation,2,the boxing sites possess such irrelevent information and show themselves as true experts,not_sarcastic
train-00824-orig,train-00824,original,0,hey tribe thanks for showing up and competing today,sarcastic
train-00824-interp1,train-00824,interpretation,1,hey tribe thanks for not showing up and competing today,not_sarcastic
train-00824-interp2,train-00824,interpretation,2,your presence and compentence does not have any affect on my performance which is anyday better,not_sarcastic
train-00825-orig,train-00825,original,0,can't wait for the raptors cavs game,sarcastic
train-00825-interp1,train-00825,interpretation,1,looking forward to the raptors cavs game,not_sarcastic
train-00825-interp2,train-00825,interpretation,2,i don t even want to have a look at the raptors cavs game,not_sarcastic
train-00826-orig,train-00826,original,0,nyquist is why we can't have nice things damn loser horse,sarcastic
train-00826-interp1,train-00826,interpretation,1,nyquist is why we can't have nice things damn loser horse,not_sarcastic
train-00826-interp2,train-00826,interpretation,2,nyquist always passes over my head,not_sarcastic
train-00827-orig,train-00827,original,0,it's always a confidence boost when the bartender says how you don't look like your in your twenties yet,sarcastic
train-00827-interp1,train-00827,interpretation,1,it's always a confidence boost when the bartender says how you don't look like your in your twenties yet,not_sarcastic
train-00827-interp2,train-00827,interpretation,2,its such a disheartening scene when the bartender comments on you not looking like hitting the age of 20,not_sarcastic
train-00828-orig,train-00828,original,0,i'm glad we have the my little pony gloria back and that the refrain is sung four times,sarcastic
train-00828-interp1,train-00828,interpretation,1,i'm not happy to have my little pony gloria back with the refrain sung four times,not_sarcastic
train-00828-interp2,train-00828,interpretation,2,i did not want the my little pony gloria back whose abstain is set on repeat,not_sarcastic
train-00829-orig,train-00829,original,0,this 12 hour overnight shift is going to be lit,sarcastic
train-00829-interp1,train-00829,interpretation,1,this 12 hour overnight shift is going to be lit,not_sarcastic
train-00829-interp2,train-00829,interpretation,2,this 12 hour overnight shift is going to be lit,not_sarcastic
train-00830-orig,train-00830,original,0,for 400 i can see one dj that i haven't seen yet what a steal,sarcastic
train-00830-interp1,train-00830,interpretation,1,for 400 i can see one dj that i haven't seen yet what a steal,not_sarcastic
train-00830-interp2,train-00830,interpretation,2,for 400 i can see one dj that i haven't seen yet,not_sarcastic
train-00831-orig,train-00831,original,0,can't wait for manchester united the biggest club in england have their fa cup bus parade next week fantastic scenes if they do,sarcastic
train-00831-interp1,train-00831,interpretation,1,can't wait for manchester united the biggest club in england have their fa cup bus parade next week ugly scenes if they do,not_sarcastic
train-00831-interp2,train-00831,interpretation,2,can't wait for manchester united the biggest club in england have their fa cup bus parade next week fantastic scenes if they do,not_sarcastic
train-00832-orig,train-00832,original,0,love working when the weather is like this outside,sarcastic
train-00832-interp1,train-00832,interpretation,1,hate working when the weather is like this outside,not_sarcastic
train-00832-interp2,train-00832,interpretation,2,love working when the weather is like this outside,not_sarcastic
train-00833-orig,train-00833,original,0,helps keep you from telling people what you really think of them unknown,sarcastic
train-00833-interp1,train-00833,interpretation,1,helps you tell people what you really think of them unknown,not_sarcastic
train-00833-interp2,train-00833,interpretation,2,sarcasm helps keep you from telling people what you really think of them,not_sarcastic
train-00834-orig,train-00834,original,0,hello it is i a dangerous scary woman whose mere existence tempts men,sarcastic
train-00834-interp1,train-00834,interpretation,1,hello it is i a dangerous scary woman whose mere existence scares men,not_sarcastic
train-00834-interp2,train-00834,interpretation,2,hello it is i a dangerous scary woman whose mere existence tempts men,not_sarcastic
train-00835-orig,train-00835,original,0,well look at that o'malley can turn a double play a strong throwing arm says blowers well i'll be,sarcastic
train-00835-interp1,train-00835,interpretation,1,well look at that o'malley can turn a double play a strong throwing arm says blowers well i'll be,not_sarcastic
train-00835-interp2,train-00835,interpretation,2,well look at that o'malley can turn a double play a strong throwing arm says blowers well i'll be,not_sarcastic
train-00836-orig,train-00836,original,0,best birthday by far,sarcastic
train-00836-interp1,train-00836,interpretation,1,worst birthday by far,not_sarcastic
train-00836-interp2,train-00836,interpretation,2,best birthday by far,not_sarcastic
train-00837-orig,train-00837,original,0,standing watching baby trace stand in a bucket is so much fun,sarcastic
train-00837-interp1,train-00837,interpretation,1,standing watching baby trace stand in a bucket is so much horrible,not_sarcastic
train-00837-interp2,train-00837,interpretation,2,standing watching baby trace stand in a bucket is so much fun,not_sarcastic
train-00838-orig,train-00838,original,0,i love it when people don't reply,sarcastic
train-00838-interp1,train-00838,interpretation,1,i hate it when people don't reply,not_sarcastic
train-00838-interp2,train-00838,interpretation,2,i love it when people don't reply,not_sarcastic
train-00839-orig,train-00839,original,0,i would like to thank the espn 3 stream for being more than a minute behind the actual play truly great job guys,sarcastic
train-00839-interp1,train-00839,interpretation,1,i would like to piss on espn 3 stream link for not broadcasting the play terrible guys,not_sarcastic
train-00839-interp2,train-00839,interpretation,2,i would like to thank the espn 3 stream for being more than a minute behind the actual play truly great job guys,not_sarcastic
train-00840-orig,train-00840,original,0,oh and i forgot wearing a ball cap in church separates people from christ that's the problem,sarcastic
train-00840-interp1,train-00840,interpretation,1,oh and i forgot wearing a ball cap in church separates people from christ that's the problem,not_sarcastic
train-00840-interp2,train-00840,interpretation,2,oh and i forgot wearing a ball cap in church separates people from christ that's the problem,not_sarcastic
train-00841-orig,train-00841,original,0,the alt right is a religion of peace the future must not belong to those who slander the prophet of the alt right trump acbar,sarcastic
train-00841-interp1,train-00841,interpretation,1,the alt right is a religion of peace the future must not belong to those who slander the prophet of the alt right trump acbar,not_sarcastic
train-00841-interp2,train-00841,interpretation,2,the alt right is a religion of peace the future must not belong to those who slander the prophet of the alt right trump acbar,not_sarcastic
train-00842-orig,train-00842,original,0,what a great day,sarcastic
train-00842-interp1,train-00842,interpretation,1,what an horrible day,not_sarcastic
train-00842-interp2,train-00842,interpretation,2,what a hopeless day,not_sarcastic
train-00843-orig,train-00843,original,0,the digital war is on like donkey kong,sarcastic
train-00843-interp1,train-00843,interpretation,1,the digital war is on like donkey kong,not_sarcastic
train-00843-interp2,train-00843,interpretation,2,the digital war is on like donkey kong,not_sarcastic
train-00844-orig,train-00844,original,0,some days i get so bored of keeping my opinions to myself,sarcastic
train-00844-interp1,train-00844,interpretation,1,some days i feel like just keeping my opinions to myself,not_sarcastic
train-00844-interp2,train-00844,interpretation,2,some days i get so bored of keeping my opinions to myself,not_sarcastic
train-00845-orig,train-00845,original,0,pardew should have waited to do that dance looks a twat now,sarcastic
train-00845-interp1,train-00845,interpretation,1,pardew jump the gun by dancing after his team scored first,not_sarcastic
train-00845-interp2,train-00845,interpretation,2,pardew should have waited to do that dance looks a twat now,not_sarcastic
train-00846-orig,train-00846,original,0,what is mansplaining ? oh i get it now anytime a guy explains something to a woman yes feminism you're right that is a real issue,sarcastic
train-00846-interp1,train-00846,interpretation,1,what is mansplaining ? oh i get it now anytime a guy explains something to a woman yes feminism you're right that is a real issue,not_sarcastic
train-00846-interp2,train-00846,interpretation,2,what is mansplaining ? oh i get it now anytime a guy explains something to a woman yes feminism you're right that is a real issue,not_sarcastic
train-00847-orig,train-00847,original,0,of course i don't have headphones terrific end to a terrific night,sarcastic
train-00847-interp1,train-00847,interpretation,1,of course i do have headphones terrific end to a terrific night,not_sarcastic
train-00847-interp2,train-00847,interpretation,2,of course i don't have headphones terrific end to a terrific night,not_sarcastic
train-00848-orig,train-00848,original,0,i'm so in love with fake people,sarcastic
train-00848-interp1,train-00848,interpretation,1,i so much hate fake people,not_sarcastic
train-00848-interp2,train-00848,interpretation,2,i'm so in love with fake people,not_sarcastic
train-00849-orig,train-00849,original,0,gotta love favoritism in the workplace,sarcastic
train-00849-interp1,train-00849,interpretation,1,gotta hate favoritism in the workplace,not_sarcastic
train-00849-interp2,train-00849,interpretation,2,gotta love favoritism in the workplace,not_sarcastic
train-00850-orig,train-00850,original,0,so today i discovered the term wmaf hapa and wow my entire life now makes so much more sense lol,sarcastic
train-00850-interp1,train-00850,interpretation,1,so today i discovered the term wmaf hapa and wow my entire life now makes so much more sense lol,not_sarcastic
train-00850-interp2,train-00850,interpretation,2,so today i discovered the term wmaf hapa and wow my entire life now makes so much more sense,not_sarcastic
train-00851-orig,train-00851,original,0,when your day gets better and better,sarcastic
train-00851-interp1,train-00851,interpretation,1,when your day gets worst and worst,not_sarcastic
train-00851-interp2,train-00851,interpretation,2,when your day gets better and bette,not_sarcastic
train-00852-orig,train-00852,original,0,doing laundry at 12 midnight is the best thing evaaa,sarcastic
train-00852-interp1,train-00852,interpretation,1,doing laundry at 12 midnight is the worst thing evaaa,not_sarcastic
train-00852-interp2,train-00852,interpretation,2,doing laundry at 12 midnight is the worst,not_sarcastic
train-00853-orig,train-00853,original,0,everyday i have bad dreams that its morning already then i wake up and its true,sarcastic
train-00853-interp1,train-00853,interpretation,1,everyday i have bad dreams that its morning already then i wake up and its true,not_sarcastic
train-00853-interp2,train-00853,interpretation,2,everyday i have bad dreams that its morning already then i wake up and its true,not_sarcastic
train-00854-orig,train-00854,original,0,developing a love affair with ardox nails,sarcastic
train-00854-interp1,train-00854,interpretation,1,developing a love affair with ardox nails,not_sarcastic
train-00854-interp2,train-00854,interpretation,2,developing a love affair with ardox nails,not_sarcastic
train-00855-orig,train-00855,original,0,i'm wearing a pore strip and snapchat won't recognize my face for the filters life is really hard sometimes wow,sarcastic
train-00855-interp1,train-00855,interpretation,1,i'm wearing a pore strip and snapchat won't recognize my face for the filters life is really hard sometimes wow,not_sarcastic
train-00855-interp2,train-00855,interpretation,2,i'm wearing a pore strip and snapchat won't recognize my face for the filters life is really hard sometimes wow,not_sarcastic
train-00856-orig,train-00856,original,0,so is trevor bayne locked into the chase now ?,sarcastic
train-00856-interp1,train-00856,interpretation,1,so is trevor bayne locked into the chase now ?,not_sarcastic
train-00856-interp2,train-00856,interpretation,2,so is trevor bayne locked into the chase now ?,not_sarcastic
train-00857-orig,train-00857,original,0,be like the liutenant,sarcastic
train-00857-interp1,train-00857,interpretation,1,be like the liutenant,not_sarcastic
train-00857-interp2,train-00857,interpretation,2,be like the liutenant,not_sarcastic
train-00858-orig,train-00858,original,0,i love when you do something for someone and their response is to ask for more that's good but could you maybe do this,sarcastic
train-00858-interp1,train-00858,interpretation,1,i hate when you do something for someone and their response is to ask for more that's good but could you maybe do this,not_sarcastic
train-00858-interp2,train-00858,interpretation,2,i love when you do something for someone and their response is to ask for more that's good but could you maybe do this,not_sarcastic
train-00859-orig,train-00859,original,0,i thought radical left was about vandalizing shit randomly and foaming thoughtlessly about bloody revolutions ?,sarcastic
train-00859-interp1,train-00859,interpretation,1,i thought radical left was about vandalizing shit randomly and foaming thoughtlessly about bloody revolutions ?,not_sarcastic
train-00859-interp2,train-00859,interpretation,2,i thought radical left was about vandalizing shit randomly and foaming thoughtlessly about bloody revolutions ?,not_sarcastic
train-00860-orig,train-00860,original,0,empty promises are my favorite,sarcastic
train-00860-interp1,train-00860,interpretation,1,empty promises are my never my favorite,not_sarcastic
train-00860-interp2,train-00860,interpretation,2,i don t like once promise is done and it is not being full filled,not_sarcastic
train-00861-orig,train-00861,original,0,hail in summer i love british weather,sarcastic
train-00861-interp1,train-00861,interpretation,1,hail in summer i hate british weather,not_sarcastic
train-00861-interp2,train-00861,interpretation,2,i don t love british weather in winters because the roads become close because of snow heaps,not_sarcastic
train-00862-orig,train-00862,original,0,you guys would never believe that it s taking forever for us to pack up the books,sarcastic
train-00862-interp1,train-00862,interpretation,1,you guys would never believe that it s taking us so long for us to pack up the books,not_sarcastic
train-00862-interp2,train-00862,interpretation,2,you guys would never believe that it s taking forever for us to pack up the books,not_sarcastic
train-00863-orig,train-00863,original,0,the best practice yung kanina worth it,sarcastic
train-00863-interp1,train-00863,interpretation,1,the best practice yung kanina not worth it,not_sarcastic
train-00863-interp2,train-00863,interpretation,2,practicing yung kanina is not of any worth,not_sarcastic
train-00864-orig,train-00864,original,0,loyalty award,sarcastic
train-00864-interp1,train-00864,interpretation,1,traitors traits,not_sarcastic
train-00864-interp2,train-00864,interpretation,2,the award for being loyal is not always good,not_sarcastic
train-00865-orig,train-00865,original,0,wow the ten day weather forecast looks great,sarcastic
train-00865-interp1,train-00865,interpretation,1,wow the ten day weather forecast looks awful,not_sarcastic
train-00865-interp2,train-00865,interpretation,2,weather forecast doesn t looks great because it will remain cloudy for next 10 days,not_sarcastic
train-00866-orig,train-00866,original,0,what a lovely day,sarcastic
train-00866-interp1,train-00866,interpretation,1,what an horrible day,not_sarcastic
train-00866-interp2,train-00866,interpretation,2,it is a not so lovely day,not_sarcastic
train-00867-orig,train-00867,original,0,filipino time at it's finest good job,sarcastic
train-00867-interp1,train-00867,interpretation,1,filipino time at it's finest good job,not_sarcastic
train-00867-interp2,train-00867,interpretation,2,filipino time at it's finest good job,not_sarcastic
train-00868-orig,train-00868,original,0,so happy to be going to a 3 rd birthday party smack dab in the middle of today,sarcastic
train-00868-interp1,train-00868,interpretation,1,so sad to be going to a 3 rd birthday party smack dab in the middle of today,not_sarcastic
train-00868-interp2,train-00868,interpretation,2,so happy to be going to a 3 rd birthday party smack dab in the middle of today,not_sarcastic
train-00869-orig,train-00869,original,0,the internet i love their music girlspecial affair curseget awayjust saying i tried hope they attain that grammy,sarcastic
train-00869-interp1,train-00869,interpretation,1,the internet i hate their music girlspecial affair curseget awayjust saying i tried hope they attain that grammy,not_sarcastic
train-00869-interp2,train-00869,interpretation,2,the internet i love their music girlspecial affair curseget awayjust saying i tried hope they attain that grammy,not_sarcastic
train-00870-orig,train-00870,original,0,i'm gonna be stuck in traffic tonight yaaaaaaayyyyy,sarcastic
train-00870-interp1,train-00870,interpretation,1,i'm gonna be stuck in traffic tonight shit,not_sarcastic
train-00870-interp2,train-00870,interpretation,2,i'm gonna be stuck in traffic tonight,not_sarcastic
train-00871-orig,train-00871,original,0,gotta love those audio descriptions in which you can hear the click of a computer keyboard every time the describer stops reading,sarcastic
train-00871-interp1,train-00871,interpretation,1,gotta hate those audio descriptions in which you can hear the click of a computer keyboard every time the describer stops reading,not_sarcastic
train-00871-interp2,train-00871,interpretation,2,gotta love those audio descriptions in which you can hear the click of a computer keyboard every time the describer stops reading,not_sarcastic
train-00872-orig,train-00872,original,0,sarcasm is my natural defense against stupidity,sarcastic
train-00872-interp1,train-00872,interpretation,1,sarcasm is my way of telling the truth abt ur stupidity,not_sarcastic
train-00872-interp2,train-00872,interpretation,2,sarcasm is my natural defense against stupidity,not_sarcastic
train-00873-orig,train-00873,original,0,everyone's in a great great mood on the 11 53 pm flight,sarcastic
train-00873-interp1,train-00873,interpretation,1,everyone's in a sad sad mood on the 11 53 pm flight,not_sarcastic
train-00873-interp2,train-00873,interpretation,2,everyone's in a great great mood on the 11 53 pm flight,not_sarcastic
train-00874-orig,train-00874,original,0,jake peavy has been tearin it up lately,sarcastic
train-00874-interp1,train-00874,interpretation,1,jake peavy has been reserved recently,not_sarcastic
train-00874-interp2,train-00874,interpretation,2,jake peavy has been tearin it up lately,not_sarcastic
train-00875-orig,train-00875,original,0,madness takes its toll please have exact change,sarcastic
train-00875-interp1,train-00875,interpretation,1,madness takes its toll please have exact change,not_sarcastic
train-00875-interp2,train-00875,interpretation,2,madness takes its toll please have exact change,not_sarcastic
train-00876-orig,train-00876,original,0,if u cant take en u aint lived yet,sarcastic
train-00876-interp1,train-00876,interpretation,1,if u cant take en u aint lived yet,not_sarcastic
train-00876-interp2,train-00876,interpretation,2,one should learn to take sarcasm,not_sarcastic
train-00877-orig,train-00877,original,0,man i love talking to kids who pretend they know everything,sarcastic
train-00877-interp1,train-00877,interpretation,1,man i hate talking to kids who pretend they know everything,not_sarcastic
train-00877-interp2,train-00877,interpretation,2,man i love talking to kids who pretend they know everything,not_sarcastic
train-00878-orig,train-00878,original,0,oh fun my cost to undergo adult industry standard sti testing from nyc is now over 200 per test,sarcastic
train-00878-interp1,train-00878,interpretation,1,oh sad my cost to undergo adult industry standard sti testing from nyc is now over 200 per test,not_sarcastic
train-00878-interp2,train-00878,interpretation,2,oh fun my cost to undergo adult industry standard sti testing from nyc is now over 200 per test,not_sarcastic
train-00879-orig,train-00879,original,0,edythe is so hot,sarcastic
train-00879-interp1,train-00879,interpretation,1,edythe is so ugly,not_sarcastic
train-00879-interp2,train-00879,interpretation,2,edythe is so hot,not_sarcastic
train-00880-orig,train-00880,original,0,so colville or chewelah fans aren't going to be happy with losing the should be a cool calm headed matchup,sarcastic
train-00880-interp1,train-00880,interpretation,1,so colville or chewelah fans aren't going to be happy with losing the should be a strong rough matchup,not_sarcastic
train-00880-interp2,train-00880,interpretation,2,so colville or chewelah fans aren't going to be happy with losing the should be a cool calm headed matchup,not_sarcastic
train-00881-orig,train-00881,original,0,bitches be on lsd at the movies fun ?,sarcastic
train-00881-interp1,train-00881,interpretation,1,bitches be on lsd at the movies awful ?,not_sarcastic
train-00881-interp2,train-00881,interpretation,2,the bitches think that going out for a movie wouls surely fetch them some kind of fun in their lives,not_sarcastic
train-00882-orig,train-00882,original,0,lost a 15 xbox card today awesome,sarcastic
train-00882-interp1,train-00882,interpretation,1,lost a 15 xbox card today sad,not_sarcastic
train-00882-interp2,train-00882,interpretation,2,that bad feeling which you get on loosing a xbox card worth 15,not_sarcastic
train-00883-orig,train-00883,original,0,great start pens,sarcastic
train-00883-interp1,train-00883,interpretation,1,bad start pens,not_sarcastic
train-00883-interp2,train-00883,interpretation,2,great start pens,not_sarcastic
train-00884-orig,train-00884,original,0,hopefully it comes through but h t sarcasm on this one,sarcastic
train-00884-interp1,train-00884,interpretation,1,am not counting on it but if it comes through fine,not_sarcastic
train-00884-interp2,train-00884,interpretation,2,i am not very much sure about it,not_sarcastic
train-00885-orig,train-00885,original,0,boy i know how to pick em,sarcastic
train-00885-interp1,train-00885,interpretation,1,boy i av a bad taste wen its coms to picking dem,not_sarcastic
train-00885-interp2,train-00885,interpretation,2,boy please tell me how to pick it ?,not_sarcastic
train-00886-orig,train-00886,original,0,way to go anibal nice start,sarcastic
train-00886-interp1,train-00886,interpretation,1,way to go anibal bad start,not_sarcastic
train-00886-interp2,train-00886,interpretation,2,anibal could not get a worser start,not_sarcastic
train-00887-orig,train-00887,original,0,with the candidates remaining in office we'll either be england from v for vendetta or straight socialists great options,sarcastic
train-00887-interp1,train-00887,interpretation,1,with the candidates remaining in office we'll either be england from v for vendetta or straight socialists not a good choice,not_sarcastic
train-00887-interp2,train-00887,interpretation,2,the remaining candidates have the option of going to england from vendatta or the straight socialists which are such bad options,not_sarcastic
train-00888-orig,train-00888,original,0,in case you don't understand read my last tweet,sarcastic
train-00888-interp1,train-00888,interpretation,1,in case you understand read my last tweet,not_sarcastic
train-00888-interp2,train-00888,interpretation,2,in case you don't understand sarcasm read my last tweet,not_sarcastic
train-00889-orig,train-00889,original,0,looking forward to a nice clean day of wafl football today,sarcastic
train-00889-interp1,train-00889,interpretation,1,looking forward to a terrible day of wafl football today,not_sarcastic
train-00889-interp2,train-00889,interpretation,2,i don t want to see wafl football today,not_sarcastic
train-00890-orig,train-00890,original,0,things i love people being wishy washy,sarcastic
train-00890-interp1,train-00890,interpretation,1,things i hate people being wishy washy,not_sarcastic
train-00890-interp2,train-00890,interpretation,2,i don t like wishy washy people at all,not_sarcastic
train-00891-orig,train-00891,original,0,so annoyed by reality dating shows give hot people other hot people to choose from because they hands nothing going for them,sarcastic
train-00891-interp1,train-00891,interpretation,1,so annoyed by reality dating shows give hot people other hot people to choose from because they hands everything going for them,not_sarcastic
train-00891-interp2,train-00891,interpretation,2,so annoyed by reality dating shows give hot people other hot people to choose from because they hand on anything going for them,not_sarcastic
train-00892-orig,train-00892,original,0,nice to see how people retweet things,sarcastic
train-00892-interp1,train-00892,interpretation,1,hate to see how people retweet things,not_sarcastic
train-00892-interp2,train-00892,interpretation,2,its silly as people retweet to gain more likes,not_sarcastic
train-00893-orig,train-00893,original,0,can't wait to get chewed out when we pick mom up sigh,sarcastic
train-00893-interp1,train-00893,interpretation,1,can't wait to get chewed out when we pick mom up sigh,not_sarcastic
train-00893-interp2,train-00893,interpretation,2,can't wait to get chewed out when we pick mom up,not_sarcastic
train-00894-orig,train-00894,original,0,palo alto is odd some people at the pool but everyone is on their laptops or phone it's like i'm in a tech hub or something,sarcastic
train-00894-interp1,train-00894,interpretation,1,palo alto is odd some people at the pool but everyone is on their laptops or phone it's like i'm in a tech hub or something,not_sarcastic
train-00894-interp2,train-00894,interpretation,2,people have become tech savvy and use their phones and laptops even near the pool on a holiday,not_sarcastic
train-00895-orig,train-00895,original,0,love coming home to a happy house,sarcastic
train-00895-interp1,train-00895,interpretation,1,hate coming home to ana unhappy home,not_sarcastic
train-00895-interp2,train-00895,interpretation,2,i don t feel like coming home because it is not a happy place,not_sarcastic
train-00896-orig,train-00896,original,0,once was a sign of intelligence now the dumb and lazy just regurgitate memes,sarcastic
train-00896-interp1,train-00896,interpretation,1,once was a sign of intelligence now the dumb and lazy just regurgitate memes,not_sarcastic
train-00896-interp2,train-00896,interpretation,2,sarcasm once was a sign of intelligence now the dumb and lazy just regurgitate memes,not_sarcastic
train-00897-orig,train-00897,original,0,awesome when people try to understand something,sarcastic
train-00897-interp1,train-00897,interpretation,1,unimpressed when people try to understand something,not_sarcastic
train-00897-interp2,train-00897,interpretation,2,nothing can make u feel awsome until u try to understand something,not_sarcastic
train-00898-orig,train-00898,original,0,black women get mad cause of the way they are portrayed in films go make a film then mona scott will show you the way,sarcastic
train-00898-interp1,train-00898,interpretation,1,black women get mad cause of the way they are portrayed in films if you go make a film then mona scott won't show you the way,not_sarcastic
train-00898-interp2,train-00898,interpretation,2,mona scott can never give a good advice on filmaking to the black women who do not like the way they are being portrayed in films,not_sarcastic
train-00899-orig,train-00899,original,0,i've been a youth communicator worker for 20 years i don't know how i would've made it to 54 without the wisdom of 18 year olds,sarcastic
train-00899-interp1,train-00899,interpretation,1,i've been a youth communicator worker for 20 years i don't know how i would've made it to 54 without the wisdom of 18 year olds,not_sarcastic
train-00899-interp2,train-00899,interpretation,2,i am 54 in age but not as wise enough as an 18 year old,not_sarcastic
train-00900-orig,train-00900,original,0,i'm apathetic about going to work today,sarcastic
train-00900-interp1,train-00900,interpretation,1,i'm not happy about going to work today,not_sarcastic
train-00900-interp2,train-00900,interpretation,2,i am very bored with the same routine of goint office,not_sarcastic
train-00901-orig,train-00901,original,0,nothing says golf like tshirts and cigarettes,sarcastic
train-00901-interp1,train-00901,interpretation,1,nothing says golf like tshirts and cigarettes,not_sarcastic
train-00901-interp2,train-00901,interpretation,2,the royality of golf is only reflected by tshirts and cigarettes,not_sarcastic
train-00902-orig,train-00902,original,0,the solution to the u s gun problem is definitely to arm more people every thing then will possibly go wrong,sarcastic
train-00902-interp1,train-00902,interpretation,1,the solution to the u s gun problem is definitely not to arm more people to avoid things going wrong ?,not_sarcastic
train-00902-interp2,train-00902,interpretation,2,it could not go anything worng if u s will not arm their people,not_sarcastic
train-00903-orig,train-00903,original,0,i have such bad friends,sarcastic
train-00903-interp1,train-00903,interpretation,1,i have such bad friends,not_sarcastic
train-00903-interp2,train-00903,interpretation,2,i don t have such great friends,not_sarcastic
train-00904-orig,train-00904,original,0,i have to stop sunbathing and put real clothes on for work life is so simple,sarcastic
train-00904-interp1,train-00904,interpretation,1,i have to stop sunbathing and put real clothes on for work life is so simple,not_sarcastic
train-00904-interp2,train-00904,interpretation,2,life is not so hard if u don t work hard instead enjoying sunbath at the beaches,not_sarcastic
train-00905-orig,train-00905,original,0,everything is weird and i'm still picking through the effects of proton packs on the subtle bodies what the hell ? so unproductive,sarcastic
train-00905-interp1,train-00905,interpretation,1,everything is weird and i'm still picking through the effects of proton packs on the subtle bodies what the hell ? so unproductive,not_sarcastic
train-00905-interp2,train-00905,interpretation,2,everything seems to be weird and i too am doing all the unproductive stuff,not_sarcastic
train-00906-orig,train-00906,original,0,it won't burn me if i don't put my hand inside of it flat iron,sarcastic
train-00906-interp1,train-00906,interpretation,1,it will burn me if i put my hand inside of it flat iron,not_sarcastic
train-00906-interp2,train-00906,interpretation,2,if i put my head inside it would burn me,not_sarcastic
train-00907-orig,train-00907,original,0,was mr lussac a gay ?,sarcastic
train-00907-interp1,train-00907,interpretation,1,mr lussac was a gay ?,not_sarcastic
train-00907-interp2,train-00907,interpretation,2,it seemd mr lussac was interested in men more,not_sarcastic
train-00908-orig,train-00908,original,0,only,sarcastic
train-00908-interp1,train-00908,interpretation,1,no sarcasm,not_sarcastic
train-00908-interp2,train-00908,interpretation,2,sacrasm only,not_sarcastic
train-00909-orig,train-00909,original,0,so far the highlight of my day has been figuring out how to make contact sheets easily in indesign i live such a boring life,sarcastic
train-00909-interp1,train-00909,interpretation,1,so far the highlight of my day has been figuring out how to make contact sheets easily in indesign i live such a boring life,not_sarcastic
train-00909-interp2,train-00909,interpretation,2,my entire day was occupied in making contact sheets in design such a waste,not_sarcastic
train-00910-orig,train-00910,original,0,you know what's great when your stomach hurts ? watching the episode of gilmore girls where they go to four thanksgiving dinners,sarcastic
train-00910-interp1,train-00910,interpretation,1,you know what's great when your stomach hurts ? watching the episode of gilmore girls where they go to four thanksgiving dinners,not_sarcastic
train-00910-interp2,train-00910,interpretation,2,that hopeless feeling when your stomach hurts and you sit to watch the thanksgiving episode of the gilmore girls,not_sarcastic
train-00911-orig,train-00911,original,0,i can do this fakes a kiss because it distracts her then drops her on fire damn so sexy and romantic wow,sarcastic
train-00911-interp1,train-00911,interpretation,1,i can do this fakes a kiss because it distracts her then drops her on fire damn so sexy and romantic wow,not_sarcastic
train-00911-interp2,train-00911,interpretation,2,a distracting kiss is never sexy and romantic,not_sarcastic
train-00912-orig,train-00912,original,0,failing formula ignore the talent you have outsource,sarcastic
train-00912-interp1,train-00912,interpretation,1,failure formula ignore the talent you have outsource,not_sarcastic
train-00912-interp2,train-00912,interpretation,2,we should make use of our talents rather to outsource them,not_sarcastic
train-00913-orig,train-00913,original,0,it's a bad thing that i love everyone telling me what to do,sarcastic
train-00913-interp1,train-00913,interpretation,1,it's a bad thing that i hate everyone telling me what to do,not_sarcastic
train-00913-interp2,train-00913,interpretation,2,i don t like people telling me what am i supposed to do,not_sarcastic
train-00914-orig,train-00914,original,0,obama admin thinks iran should b treated as a rational regional power syria iraq amp yemen r prime examples of iri rationality,sarcastic
train-00914-interp1,train-00914,interpretation,1,obama admin thinks iran should b treated as a rational regional power syria iraq amp yemen r prime examples of iri rationality,not_sarcastic
train-00914-interp2,train-00914,interpretation,2,obama's thinking about iran being treated as a rational regional power is not such a good thought,not_sarcastic
train-00915-orig,train-00915,original,0,ugh work all weekend ahead of me and feel lethargic and just meh for last 2 weeks but today i've got dizziness too whoop,sarcastic
train-00915-interp1,train-00915,interpretation,1,ugh work all weekend ahead of me and feel lethargic and just meh for last 2 weeks but today i've got dizziness too whoop,not_sarcastic
train-00915-interp2,train-00915,interpretation,2,when you have a lot of work for the weekend but you are not only tired but also feel dizzy,not_sarcastic
train-00916-orig,train-00916,original,0,good news 41 from the bottom and after two distributions equaling about 3 the 200 dma in epd is rising it's nor wise to buy,sarcastic
train-00916-interp1,train-00916,interpretation,1,good news 41 from the bottom and after two distributions equaling about 3 the 200 dma in epd is rising it's not safe to buy,not_sarcastic
train-00916-interp2,train-00916,interpretation,2,it is not safe to buy because 41 from the bottom and after two distributions equaling about 3 the 200 dma in epd is rising very bad news,not_sarcastic
train-00917-orig,train-00917,original,0,you guys may 21 st falls on a saturday according to my calender planet earth hellllooo lol hehe im not late for my own birthday,sarcastic
train-00917-interp1,train-00917,interpretation,1,you guys may 21 st falls on a saturday according to my calender planet earth hellllooo lol hehe im late for my own birthday,not_sarcastic
train-00917-interp2,train-00917,interpretation,2,i am late on my birthday which was on may 21 st,not_sarcastic
train-00918-orig,train-00918,original,0,you think waking up to your alarm is bad ? try waking up next to a screaming baby no better way to start your day,sarcastic
train-00918-interp1,train-00918,interpretation,1,you think waking up to your alarm is bad ? try waking up next to a screaming baby worst day way to start your day,not_sarcastic
train-00918-interp2,train-00918,interpretation,2,waking up to alarm is good rather than a screaming baby i suggest you to start the day with alarm,not_sarcastic
train-00919-orig,train-00919,original,0,dad string cheese again ? me yea im startin get into itdad y dont u jus buy a block of cheese n cut slices ? me cuz im lazy,sarcastic
train-00919-interp1,train-00919,interpretation,1,dad string cheese again ? me yea im startin get into itdad y dont u jus buy a block of cheese n cut slices ? me cuz im lazy,not_sarcastic
train-00919-interp2,train-00919,interpretation,2,dad why are not string cheese ? me i am also not starting it dad u have buyed a block of cheese but don t cut it me fully active in the whole process,not_sarcastic
train-00920-orig,train-00920,original,0,what a happy friday,sarcastic
train-00920-interp1,train-00920,interpretation,1,what a sorrowful friday,not_sarcastic
train-00920-interp2,train-00920,interpretation,2,fridays could not be worse,not_sarcastic
train-00921-orig,train-00921,original,0,can't wait for work tonight,sarcastic
train-00921-interp1,train-00921,interpretation,1,looking forward to work tonight,not_sarcastic
train-00921-interp2,train-00921,interpretation,2,i don t want to work tonight,not_sarcastic
train-00922-orig,train-00922,original,0,is a gift from god how else are you supposed to let people know they re stupid without actually telling them such ?,sarcastic
train-00922-interp1,train-00922,interpretation,1,is the best way to let people know they re stupid without actually telling them such ?,not_sarcastic
train-00922-interp2,train-00922,interpretation,2,sarcasm is a gift from god how else are you supposed to let people know they are stupid without actually telling them such ?,not_sarcastic
train-00923-orig,train-00923,original,0,im so glad i can totally taste my oatmeal,sarcastic
train-00923-interp1,train-00923,interpretation,1,im so glad i can totally taste my oatmeal,not_sarcastic
train-00923-interp2,train-00923,interpretation,2,i don t like eating the oat meal,not_sarcastic
train-00924-orig,train-00924,original,0,oh god sarcasm anyone ?,sarcastic
train-00924-interp1,train-00924,interpretation,1,oh god sarcasm anyone ?,not_sarcastic
train-00924-interp2,train-00924,interpretation,2,why god ?,not_sarcastic
train-00925-orig,train-00925,original,0,and now i'm just uncomfortable great,sarcastic
train-00925-interp1,train-00925,interpretation,1,and now i'm just uncomfortable fuck,not_sarcastic
train-00925-interp2,train-00925,interpretation,2,no i feel my self comfortable,not_sarcastic
train-00926-orig,train-00926,original,0,so luca marini is valentinos half brother never knew that,sarcastic
train-00926-interp1,train-00926,interpretation,1,so luca marini is valentinos half brother knew that all all along,not_sarcastic
train-00926-interp2,train-00926,interpretation,2,i knew that luca marini is valentinos half brother,not_sarcastic
train-00927-orig,train-00927,original,0,sigue fallando wasthapp ?,sarcastic
train-00927-interp1,train-00927,interpretation,1,sigue fallando wasthapp ?,not_sarcastic
train-00927-interp2,train-00927,interpretation,2,i wish not to work tonight,not_sarcastic
train-00928-orig,train-00928,original,0,and i just love cardio,sarcastic
train-00928-interp1,train-00928,interpretation,1,and i just hate cardio,not_sarcastic
train-00928-interp2,train-00928,interpretation,2,i don t like doing cardio,not_sarcastic
train-00929-orig,train-00929,original,0,what a lovely morning for a bike ride,sarcastic
train-00929-interp1,train-00929,interpretation,1,what a awful morning for a bike ride,not_sarcastic
train-00929-interp2,train-00929,interpretation,2,shit what a sunny morning bike ride,not_sarcastic
train-00930-orig,train-00930,original,0,these announcements are so funny,sarcastic
train-00930-interp1,train-00930,interpretation,1,these announcements are so boring,not_sarcastic
train-00930-interp2,train-00930,interpretation,2,announcements too can be cheesy sometimes,not_sarcastic
train-00931-orig,train-00931,original,0,time to great ready to fly to indiana later today yay,sarcastic
train-00931-interp1,train-00931,interpretation,1,time to great ready to fly to indiana later today yay,not_sarcastic
train-00931-interp2,train-00931,interpretation,2,it is very bad that i am not able to fly to indiana,not_sarcastic
train-00932-orig,train-00932,original,0,sarap maging shock absorber yes,sarcastic
train-00932-interp1,train-00932,interpretation,1,sarap maging shock absorber yes,not_sarcastic
train-00932-interp2,train-00932,interpretation,2,no we don t have scrap maging shock absorber,not_sarcastic
train-00933-orig,train-00933,original,0,i don't get jealous i lose interest,sarcastic
train-00933-interp1,train-00933,interpretation,1,i don't get jealous i lose interest,not_sarcastic
train-00933-interp2,train-00933,interpretation,2,when i loose intrest i get jealous,not_sarcastic
train-00934-orig,train-00934,original,0,i'm so glad there are men out there who think just the concept of being gay is so funny,sarcastic
train-00934-interp1,train-00934,interpretation,1,i'm so glad there are men out there who think just the concept of being gay is so boring,not_sarcastic
train-00934-interp2,train-00934,interpretation,2,i am not happy with the concept of men being guy,not_sarcastic
train-00935-orig,train-00935,original,0,if a hot girl on fb is not on instagram then she is a boy o,sarcastic
train-00935-interp1,train-00935,interpretation,1,if a hot girl on fb is not on instagram then she is not hot o,not_sarcastic
train-00935-interp2,train-00935,interpretation,2,it is mandatory for every hot girl to have accounts on facebook as well as instagram otherwise she is a boy,not_sarcastic
train-00936-orig,train-00936,original,0,it's on the internet so it must be true,sarcastic
train-00936-interp1,train-00936,interpretation,1,it being on the internet does not make it real,not_sarcastic
train-00936-interp2,train-00936,interpretation,2,everything on the internet is not true,not_sarcastic
train-00937-orig,train-00937,original,0,getting food poisoning in exam season was a great move,sarcastic
train-00937-interp1,train-00937,interpretation,1,getting food poisoning in exam season was a bad move,not_sarcastic
train-00937-interp2,train-00937,interpretation,2,food poisoning too could never save me from appearing in the exams,not_sarcastic
train-00938-orig,train-00938,original,0,jaxson literally wakes up every single day right after kyle leaves it's sooooo convenient,sarcastic
train-00938-interp1,train-00938,interpretation,1,jaxson literally wakes up every single day right after kyle leaves it's sooooo inconvenient,not_sarcastic
train-00938-interp2,train-00938,interpretation,2,it is very bad habit of jaxson who remains asleep when kyle is at home,not_sarcastic
train-00939-orig,train-00939,original,0,omg what would people do these days if they couldn't give the playbyplay of their labor and delivery on facebook ?,sarcastic
train-00939-interp1,train-00939,interpretation,1,omg what would people do these days if they couldn't give the playbyplay of their labor and delivery on facebook ?,not_sarcastic
train-00939-interp2,train-00939,interpretation,2,great these days people are giving their 100 of there labour but it is not being delivered on facebook,not_sarcastic
train-00940-orig,train-00940,original,0,thank you for controlling my life every time thank you for being unsupportive always thank you you're the real man,sarcastic
train-00940-interp1,train-00940,interpretation,1,thank you for controlling my life every time thank you for being unsupportive always thank you you're such a useless man,not_sarcastic
train-00940-interp2,train-00940,interpretation,2,real men support their companions and suggest but never try to control the lives of others,not_sarcastic
train-00941-orig,train-00941,original,0,love the fact my friends aren't boring and actually come out,sarcastic
train-00941-interp1,train-00941,interpretation,1,hate the fact my friends are boring and actually don't come out,not_sarcastic
train-00941-interp2,train-00941,interpretation,2,i ahte my boring friends who do not like to come out,not_sarcastic
train-00942-orig,train-00942,original,0,there's nothing more exciting that hearing the words ' before we precede to the draw we'll just ' after 15 minutes of nonsense,sarcastic
train-00942-interp1,train-00942,interpretation,1,there's nothing more annoying that hearing the words ' before we precede to the draw we'll just ' after 15 minutes of nonsense,not_sarcastic
train-00942-interp2,train-00942,interpretation,2,it is irritating when we are asked to draw after attending a long 15 minute lecture,not_sarcastic
train-00943-orig,train-00943,original,0,british newspapers why not add outrage terror horror or fears to your headline to validate your reporting skills ?,sarcastic
train-00943-interp1,train-00943,interpretation,1,british newspapers why not add outrage terror horror or fears to your headline to repudiate your reporting skills ?,not_sarcastic
train-00943-interp2,train-00943,interpretation,2,the british newspaper senior editor said that we need to improve are reporting skills by highlighting topics like outrage terror or fears,not_sarcastic
train-00944-orig,train-00944,original,0,thank you tbl for making your female lead unlikeable your view of women and how they should be treated is perfect,sarcastic
train-00944-interp1,train-00944,interpretation,1,thank you tbl for making your female lead unlikeable your view of women and how they should be treated is imperfect,not_sarcastic
train-00944-interp2,train-00944,interpretation,2,your view regarding women is not perfect but see for tbl it is appreciable how they treat women which is liked by evryone,not_sarcastic
train-00945-orig,train-00945,original,0,finallyneet 2016 is trending on twitter,sarcastic
train-00945-interp1,train-00945,interpretation,1,finallyneet 2016 is trending on twitter,not_sarcastic
train-00945-interp2,train-00945,interpretation,2,i could not see neet 2016 is trending on twitter,not_sarcastic
train-00946-orig,train-00946,original,0,maybe money doesn't buy happiness but i will accept donations to test that theory,sarcastic
train-00946-interp1,train-00946,interpretation,1,maybe money doesn't buy happiness but i cud def do with it,not_sarcastic
train-00946-interp2,train-00946,interpretation,2,today evryone is filling their pockets with my which also give them happiness but now one is thinking for giving donations to the poor,not_sarcastic
train-00947-orig,train-00947,original,0,sitting here gathering dust while reencoding uncompressed avi files into mp4s to clear up drive space fun fun fun,sarcastic
train-00947-interp1,train-00947,interpretation,1,sitting here gathering dust while reencoding uncompressed avi files into mp4s to clear up drive space boring,not_sarcastic
train-00947-interp2,train-00947,interpretation,2,damn i am not able to collect the information while encoding the mp4s files into avi files which is filling my drive space,not_sarcastic
train-00948-orig,train-00948,original,0,aww i got blocked by aubrey hater i'm so sad,sarcastic
train-00948-interp1,train-00948,interpretation,1,aww i got blocked by aubrey hater i'm so happy,not_sarcastic
train-00948-interp2,train-00948,interpretation,2,as if getting blocked by my aubrey hater would affect me in anyway,not_sarcastic
train-00949-orig,train-00949,original,0,well i've faceplanted twice into my book i can't imagine last night's binge read had anything to do with that night night,sarcastic
train-00949-interp1,train-00949,interpretation,1,well i've faceplanted twice into my book i can't imagine last night's binge read had anything to do with that night night,not_sarcastic
train-00949-interp2,train-00949,interpretation,2,i read the book it was so fascinating that the seens which could i depict while reading came into my dreamzz last night,not_sarcastic
train-00950-orig,train-00950,original,0,studies show that sarcasm is directly proportional to intelligence i might be the next einstein,sarcastic
train-00950-interp1,train-00950,interpretation,1,studies show that sarcasm is directly proportional to intelligence it means i am intelligent,not_sarcastic
train-00950-interp2,train-00950,interpretation,2,i could become the next einstein if sacrasm was equal to intelligence,not_sarcastic
train-00951-orig,train-00951,original,0,pls fill up a long ass snap story w you and your boyfriend i wanna watch every second of it,sarcastic
train-00951-interp1,train-00951,interpretation,1,pls not interested in your long ass snap story w you and your boyfriend don't wish to watch any part of it,not_sarcastic
train-00951-interp2,train-00951,interpretation,2,i an very harsh manner don t tell you and your boyfriend long ass snap story beacue i am not intrested in watching any second of it,not_sarcastic
train-00952-orig,train-00952,original,0,casilla in true 2016 form struck out two and got the save but he gave up a single ugh trash bring back wilson,sarcastic
train-00952-interp1,train-00952,interpretation,1,casilla in true 2016 form struck out two and got the save but he gave up a single ugh trash bring back wilson,not_sarcastic
train-00952-interp2,train-00952,interpretation,2,if cascilla gave up on a single this does not mean that he is not one of the good players,not_sarcastic
train-00953-orig,train-00953,original,0,when you don't have any pets but fleas totally attack you then you feel like they're everywhere and you take a bath lmaoooo,sarcastic
train-00953-interp1,train-00953,interpretation,1,when you don't have any pets but fleas totally attack you then you feel like they're everywhere and you take a bath lmaoooo,not_sarcastic
train-00953-interp2,train-00953,interpretation,2,i have a pet due to which no fleas attack my house which keep mee away from bathing,not_sarcastic
train-00954-orig,train-00954,original,0,please drive your rattling car up and down the street some more we enjoy listening to it,sarcastic
train-00954-interp1,train-00954,interpretation,1,please don't drive your rattling car up and down the street any more we hate listening to it,not_sarcastic
train-00954-interp2,train-00954,interpretation,2,please stop using that rattling car the sound it creates is irritating,not_sarcastic
train-00955-orig,train-00955,original,0,when you're trying to listen to a song in sound cloud and you find out its someone singing a cover in the worst way ever lol,sarcastic
train-00955-interp1,train-00955,interpretation,1,when you're trying to listen to a song in sound cloud and you find out its someone singing a cover in the worst way ever lol,not_sarcastic
train-00955-interp2,train-00955,interpretation,2,when you are not singing a song and suddenly some sing in a very melodies voice you feel very happy at that moment,not_sarcastic
train-00956-orig,train-00956,original,0,havent slept in at all this week becoming an adult is fun,sarcastic
train-00956-interp1,train-00956,interpretation,1,havent slept in at all this week becoming an adult is not easy,not_sarcastic
train-00956-interp2,train-00956,interpretation,2,the older i grow the lesser i sleep,not_sarcastic
train-00957-orig,train-00957,original,0,if i tried really hard i bet i could outvaguebook anyone,sarcastic
train-00957-interp1,train-00957,interpretation,1,even though i tried really hard i bet i could not outvaguebook anyone,not_sarcastic
train-00957-interp2,train-00957,interpretation,2,i have not tried due to which could not vague books to any one,not_sarcastic
train-00958-orig,train-00958,original,0,with what thoughts do you wake up everyday ?,sarcastic
train-00958-interp1,train-00958,interpretation,1,with what thoughts you do wake up everyday ?,not_sarcastic
train-00958-interp2,train-00958,interpretation,2,what a bad dream which woke mee up suddenly,not_sarcastic
train-00959-orig,train-00959,original,0,i know the raps have been slacking but these refs have been great,sarcastic
train-00959-interp1,train-00959,interpretation,1,i know the raps have been slacking but these refs have been awful,not_sarcastic
train-00959-interp2,train-00959,interpretation,2,the refs are as meaningless as the raps,not_sarcastic
train-00960-orig,train-00960,original,0,sure i've got all day to wait for the rdns nurse to give me a needle,sarcastic
train-00960-interp1,train-00960,interpretation,1,i dont have the time to wait for the rdns nurse to give me a needle,not_sarcastic
train-00960-interp2,train-00960,interpretation,2,i have no time to waste like the rdns nurse who is taking hours just to provide me with a needle,not_sarcastic
train-00961-orig,train-00961,original,0,it's all steve otts fault,sarcastic
train-00961-interp1,train-00961,interpretation,1,it's not steve otts fault,not_sarcastic
train-00961-interp2,train-00961,interpretation,2,steve otts is nowhere to be blamed,not_sarcastic
train-00962-orig,train-00962,original,0,i'm so excited we get to have van gundy the rest of the way,sarcastic
train-00962-interp1,train-00962,interpretation,1,i'm not happy we have van gundy the rest of the way,not_sarcastic
train-00962-interp2,train-00962,interpretation,2,i am not excited at all to get the van gundy for the rest of the way,not_sarcastic
train-00963-orig,train-00963,original,0,what a great day to start,sarcastic
train-00963-interp1,train-00963,interpretation,1,what a great day to start,not_sarcastic
train-00963-interp2,train-00963,interpretation,2,could not get a worse start to a day,not_sarcastic
train-00964-orig,train-00964,original,0,we are supposed to hate muslims so teach your kids that america so we can battle the middle east morons another 2000 years,sarcastic
train-00964-interp1,train-00964,interpretation,1,we are supposed to hate muslims don't teach your kids that america so we can avoid war for another 2000 years,not_sarcastic
train-00964-interp2,train-00964,interpretation,2,kids should be taught to treat everyone equally and not hate any religion or people,not_sarcastic
train-00965-orig,train-00965,original,0,i can tell people are sick and tired of the madness the that has been in my tl has been awesome you all make me smile,sarcastic
train-00965-interp1,train-00965,interpretation,1,i can tell people are sick and tired of the madness the that has been in my tl has been awesome you all make me smile,not_sarcastic
train-00965-interp2,train-00965,interpretation,2,i can tell people are sick and tired of the madness you all make me smile,not_sarcastic
train-00966-orig,train-00966,original,0,way to close dinosaurs,sarcastic
train-00966-interp1,train-00966,interpretation,1,not the best way to close dinosaurs,not_sarcastic
train-00966-interp2,train-00966,interpretation,2,no where near the dinasaurs,not_sarcastic
train-00967-orig,train-00967,original,0,or i can invest 100000 in colombia that it ? well let me go take that out of my surplus,sarcastic
train-00967-interp1,train-00967,interpretation,1,or i can invest 100000 in colombia that it ? well let me go take that out of my surplus,not_sarcastic
train-00967-interp2,train-00967,interpretation,2,100000 is a big amount to invest in colombia and i don t even own that amount too,not_sarcastic
train-00968-orig,train-00968,original,0,or you know a man because of course men are the bane of humanity yep,sarcastic
train-00968-interp1,train-00968,interpretation,1,or you know a man because of course men are the bane of humanity yep,not_sarcastic
train-00968-interp2,train-00968,interpretation,2,not all men are a bane to humanity,not_sarcastic
train-00969-orig,train-00969,original,0,nope lebron didn't travel at all on that pass from sumphert,sarcastic
train-00969-interp1,train-00969,interpretation,1,yes lebron travel on that pass from sumphert,not_sarcastic
train-00969-interp2,train-00969,interpretation,2,nope lebron didn't travel at all on that pass from sumphert,not_sarcastic
train-00970-orig,train-00970,original,0,but the party it call me it call me n i'm sorry i wanna be a bad boy mike lawry,sarcastic
train-00970-interp1,train-00970,interpretation,1,but the party it call me it call me n i'm sorry i don't wanna be a bad boy mike lawry,not_sarcastic
train-00970-interp2,train-00970,interpretation,2,but the party it call me it call me n i'm sorry i wanna be a bad boy mike lawry,not_sarcastic
train-00971-orig,train-00971,original,0,i always love doing things by myself so much fun to be had and i get all of it to myself,sarcastic
train-00971-interp1,train-00971,interpretation,1,i always hate doing things by myself so much boring to be had and i get all of it to myself,not_sarcastic
train-00971-interp2,train-00971,interpretation,2,i don t like doing stuff alone,not_sarcastic
train-00972-orig,train-00972,original,0,when you need the attention from your phone but the screen brightness throws you into sensory overload i love being neurotic,sarcastic
train-00972-interp1,train-00972,interpretation,1,when you need the attention from your phone but the screen brightness throws you into sensory overload i hate being neurotic,not_sarcastic
train-00972-interp2,train-00972,interpretation,2,i hate when my phone's brightness throws me in a sensory overload,not_sarcastic
train-00973-orig,train-00973,original,0,apparently zac efron is shredded i wonder how he got that way,sarcastic
train-00973-interp1,train-00973,interpretation,1,apparently zac efron is shredded i knew how he got that way,not_sarcastic
train-00973-interp2,train-00973,interpretation,2,its not a thing of surprise when anyone says that zac effron is shredded,not_sarcastic
train-00974-orig,train-00974,original,0,will pray for your success,sarcastic
train-00974-interp1,train-00974,interpretation,1,will pray for your loss sara's,not_sarcastic
train-00974-interp2,train-00974,interpretation,2,would love to outshine you,not_sarcastic
train-00975-orig,train-00975,original,0,enjoy fans throwing players under the bus to hc on twitter,sarcastic
train-00975-interp1,train-00975,interpretation,1,hate fans throwing players under the bus to hc on twitter,not_sarcastic
train-00975-interp2,train-00975,interpretation,2,it is of no use to throw the players under the bus on hc by the fans,not_sarcastic
train-00976-orig,train-00976,original,0,way to collins great job taking harvey out while game is till within striking distance 9 1,sarcastic
train-00976-interp1,train-00976,interpretation,1,way to collins great job taking harvey out while game is till within striking distance 9 1,not_sarcastic
train-00976-interp2,train-00976,interpretation,2,taking harvey out did not do any good to my game,not_sarcastic
train-00977-orig,train-00977,original,0,just graduated now i can focus on halo 24 7,sarcastic
train-00977-interp1,train-00977,interpretation,1,just graduated now i can focus on other things,not_sarcastic
train-00977-interp2,train-00977,interpretation,2,they expect me to focus on halo 24 7 after being graduated,not_sarcastic
train-00978-orig,train-00978,original,0,i can't wait to hear the pomp part of pomp and circumstance over and over again,sarcastic
train-00978-interp1,train-00978,interpretation,1,don't want to hear the pomp part of pomp and circumstance over and over again,not_sarcastic
train-00978-interp2,train-00978,interpretation,2,i am not interested to hear the pomp part of the pomp,not_sarcastic
train-00979-orig,train-00979,original,0,say what you like about the keystone cops at the afp but the did catch the leader of lulzsec,sarcastic
train-00979-interp1,train-00979,interpretation,1,say what you like about the keystone cops at the afp but the did catch the leader of lulzsec,not_sarcastic
train-00979-interp2,train-00979,interpretation,2,the keystone cops arent like by all but the did manage to catch the leader of lulzsec,not_sarcastic
train-00980-orig,train-00980,original,0,gotta fit that narrow definition of beauty after all or impressionable young girls might start getting ideas,sarcastic
train-00980-interp1,train-00980,interpretation,1,gotta fit that narrow definition of beauty after all or impressionable young girls might start getting ideas,not_sarcastic
train-00980-interp2,train-00980,interpretation,2,the young girls really need to be taught the true meaning of being beautiful,not_sarcastic
train-00981-orig,train-00981,original,0,i sure can pick em can't i,sarcastic
train-00981-interp1,train-00981,interpretation,1,i sure can pick em yes i can,not_sarcastic
train-00981-interp2,train-00981,interpretation,2,i don t want to pick them up,not_sarcastic
train-00982-orig,train-00982,original,0,all this smoke is keeping me indoors whatever will i do ?,sarcastic
train-00982-interp1,train-00982,interpretation,1,all this smoke is keeping me indoors what will i do ?,not_sarcastic
train-00982-interp2,train-00982,interpretation,2,i am unable to anything outside because of the smoke which is compelling me to be inside,not_sarcastic
train-00983-orig,train-00983,original,0,riding in a bus staring at the window while the rain is pouring outside thinking why i'm soooooo cute,sarcastic
train-00983-interp1,train-00983,interpretation,1,riding in a bus staring at the window while the rain is pouring outside thinking why i'm soooooo hard,not_sarcastic
train-00983-interp2,train-00983,interpretation,2,no kind of activity can help me know why am i not any amount of cute,not_sarcastic
train-00984-orig,train-00984,original,0,you will always find a way to look past my accomplishments thanks for always supporting me and believing in me,sarcastic
train-00984-interp1,train-00984,interpretation,1,you will always find a way to look past my accomplishments thanks for not always supporting me and thanks for never believing in me,not_sarcastic
train-00984-interp2,train-00984,interpretation,2,you will talk about my accomplishments someday because right now you are too busy discouraging me,not_sarcastic
train-00985-orig,train-00985,original,0,lol ya cause taking advice from people not in touch with their higher self sounds like a great choice,sarcastic
train-00985-interp1,train-00985,interpretation,1,lol ya cause taking advice from people not in touch with their higher self sounds like a bad choice,not_sarcastic
train-00985-interp2,train-00985,interpretation,2,we should avoid taking advices from people who are not familiar with their own higher selves,not_sarcastic
train-00986-orig,train-00986,original,0,i love how tolink only gives me links of two tiles at a time when i really need a stronger hit,sarcastic
train-00986-interp1,train-00986,interpretation,1,i hate how tolink only gives me links of two tiles at a time when i really need a stronger hit,not_sarcastic
train-00986-interp2,train-00986,interpretation,2,i hate when i am provided with just two links from tolink,not_sarcastic
train-00987-orig,train-00987,original,0,as i'm cooking dinner i was told we're out of dog food and i need to go to the store um i forgot i'm the only one with legs,sarcastic
train-00987-interp1,train-00987,interpretation,1,as i'm cooking dinner i was told we're out of dog food and i need to go to the store um i forgot i'm the only one useful,not_sarcastic
train-00987-interp2,train-00987,interpretation,2,to get the dog food from the store i myself will have to go there,not_sarcastic
train-00988-orig,train-00988,original,0,i love it when people get nasty with me when i enforce the rules,sarcastic
train-00988-interp1,train-00988,interpretation,1,i hate it when people get nasty with me when i enforce the rules,not_sarcastic
train-00988-interp2,train-00988,interpretation,2,i don t like being getting nasty with me because of the rules being inforced,not_sarcastic
train-00989-orig,train-00989,original,0,people complains sometimes i am too sarcastic well may be you are too slow to react possible ?,sarcastic
train-00989-interp1,train-00989,interpretation,1,people complains sometimes i am too sarcastic well may be you are too fast to react possible ?,not_sarcastic
train-00989-interp2,train-00989,interpretation,2,people often get offended by getting familiar with my level of sarcasm,not_sarcastic
train-00990-orig,train-00990,original,0,apparently i ate food that's been recalled my body currently loves me,sarcastic
train-00990-interp1,train-00990,interpretation,1,apparently i ate food that's been recalled my body currently hates me,not_sarcastic
train-00990-interp2,train-00990,interpretation,2,i ate foos which is not good for my body,not_sarcastic
train-00991-orig,train-00991,original,0,well this day just keeps getting better,sarcastic
train-00991-interp1,train-00991,interpretation,1,well this day just keeps getting worst,not_sarcastic
train-00991-interp2,train-00991,interpretation,2,nothing worse could be left to be added to make my day worser,not_sarcastic
train-00992-orig,train-00992,original,0,ooh i left one thing out ex general sherriff also calls his then lost macbook and appleworkmacbookpro so he s technical too,sarcastic
train-00992-interp1,train-00992,interpretation,1,ooh i left one thing out ex general sherriff also calls his then lost macbook and appleworkmacbookpro so he s not technical at all,not_sarcastic
train-00992-interp2,train-00992,interpretation,2,i cannot get over ex general sheriff's false knowledge about the technicalities of the apple products,not_sarcastic
train-00993-orig,train-00993,original,0,only 7 more hours left in my shift yay,sarcastic
train-00993-interp1,train-00993,interpretation,1,only 7 more hours left in my shift yay,not_sarcastic
train-00993-interp2,train-00993,interpretation,2,7 more long hours before my shift ends,not_sarcastic
train-00994-orig,train-00994,original,0,leverage our voice gateways and call manager or continue to pay an outside company for audio bridge services ?,sarcastic
train-00994-interp1,train-00994,interpretation,1,leverage our voice gateways and call manager or continue to pay an outside company for audio bridge services ?,not_sarcastic
train-00994-interp2,train-00994,interpretation,2,i don t understand the need to pay an outside company for the auto bridge services,not_sarcastic
train-00995-orig,train-00995,original,0,obviously i love having to do all of this all over again and edit out 10000 ahms another time,sarcastic
train-00995-interp1,train-00995,interpretation,1,obviously i hate having to do all of this all over again and edit out 10000 ahms another time,not_sarcastic
train-00995-interp2,train-00995,interpretation,2,i hate doing the editing work over and over again,not_sarcastic
train-00996-orig,train-00996,original,0,i love that i am over 40 years old amp some people still talk to me like i'm a child,sarcastic
train-00996-interp1,train-00996,interpretation,1,i hate that i am over 40 years old amp some people still talk to me like i'm a child,not_sarcastic
train-00996-interp2,train-00996,interpretation,2,i hate that besides being 40 some people talk to me like a child,not_sarcastic
train-00997-orig,train-00997,original,0,hurrah i got jury duty best day ever,sarcastic
train-00997-interp1,train-00997,interpretation,1,i got jury duty worst day ever,not_sarcastic
train-00997-interp2,train-00997,interpretation,2,why the hell did i get the jurt duty my day could not be worse,not_sarcastic
train-00998-orig,train-00998,original,0,oh no jalen ramsey out 4 6 months ? man the jags gm should get fired,sarcastic
train-00998-interp1,train-00998,interpretation,1,oh no jalen ramsey out 4 6 months ? man the jags gm should not get fired,not_sarcastic
train-00998-interp2,train-00998,interpretation,2,oh no jalen ramsey out 4 6 months ? man the jags gm should get fired,not_sarcastic
train-00999-orig,train-00999,original,0,i love being ignored,sarcastic
train-00999-interp1,train-00999,interpretation,1,i hate being ignored,not_sarcastic
train-00999-interp2,train-00999,interpretation,2,i hate getting ignored,not_sarcastic
train-01000-orig,train-01000,original,0,i still don't understand twitter but here i am,sarcastic
train-01000-interp1,train-01000,interpretation,1,i still don't understand twitter but i am twitting,not_sarcastic
train-01000-interp2,train-01000,interpretation,2,i don t know much about twitter but i still use it,not_sarcastic
train-01001-orig,train-01001,original,0,do it yourself,sarcastic
train-01001-interp1,train-01001,interpretation,1,get help,not_sarcastic
train-01001-interp2,train-01001,interpretation,2,no need to do it all by yourself,not_sarcastic
train-01002-orig,train-01002,original,0,fire drills are the bomb,sarcastic
train-01002-interp1,train-01002,interpretation,1,fire drills are the worst,not_sarcastic
train-01002-interp2,train-01002,interpretation,2,fire drills are not the bombs please,not_sarcastic
train-01003-orig,train-01003,original,0,london traffic is brilliant,sarcastic
train-01003-interp1,train-01003,interpretation,1,london traffic is annoying,not_sarcastic
train-01003-interp2,train-01003,interpretation,2,why are the roads in london full of traffic,not_sarcastic
train-01004-orig,train-01004,original,0,well i think the surgery went well we'll keep an eye on it and see how it goes,sarcastic
train-01004-interp1,train-01004,interpretation,1,well i think the surgery did not go well we'll keep an eye on it and see how it goes,not_sarcastic
train-01004-interp2,train-01004,interpretation,2,how do you know that the surgery went well ? did you personally keep an eye on it ?,not_sarcastic
train-01005-orig,train-01005,original,0,i feel like i have to put on the end of my tweets because i don't want people to think i'm that mean and or stupid,sarcastic
train-01005-interp1,train-01005,interpretation,1,i feel like i have to put on the end of my tweets because i don't want people to think i'm that mean and or stupid,not_sarcastic
train-01005-interp2,train-01005,interpretation,2,i feel like i have to put on the end of my tweets because i don't want people to think i'm that mean and or stupid,not_sarcastic
train-01006-orig,train-01006,original,0,my day off tomorrow can't wait m o t my car then hospital appointment on the plus side picking up some bad tunes,sarcastic
train-01006-interp1,train-01006,interpretation,1,my day off tomorrow can't wait m o t my car then hospital appointment on the plus side picking up some bad tunes,not_sarcastic
train-01006-interp2,train-01006,interpretation,2,no use of having a holiday when you have to mot your car attend hospital appointments and some bad tunes to listen to,not_sarcastic
train-01007-orig,train-01007,original,0,to all congi sycophants imagine your plight in the elections if rahul baba wasn't there,sarcastic
train-01007-interp1,train-01007,interpretation,1,to all congi sycophants imagine your plight in the elections if rahul baba was there,not_sarcastic
train-01007-interp2,train-01007,interpretation,2,to all congi sycophants imagine your plight in the elections if rahul baba wasn't there,not_sarcastic
train-01008-orig,train-01008,original,0,a coloring book is a horrible gift for a toddler,sarcastic
train-01008-interp1,train-01008,interpretation,1,a coloring book is the best gift for a toddler,not_sarcastic
train-01008-interp2,train-01008,interpretation,2,a coloring book is a horrible gift for a toddler,not_sarcastic
train-01009-orig,train-01009,original,0,if you believe no make over can change your creepy look congrats you are malnourished,sarcastic
train-01009-interp1,train-01009,interpretation,1,if you believe no make over can change your creepy look congrats you are malnourished,not_sarcastic
train-01009-interp2,train-01009,interpretation,2,your creepy malnourished look can be changed if you believe,not_sarcastic
train-01010-orig,train-01010,original,0,yes mum i was doing homework no i was most certainly not on youtube,sarcastic
train-01010-interp1,train-01010,interpretation,1,yes mum i was doing homework no i was most certainly not on youtube,not_sarcastic
train-01010-interp2,train-01010,interpretation,2,no mom i was not using youtube and instead was doing my homework,not_sarcastic
train-01011-orig,train-01011,original,0,the criticism lizff is kind of funny to me yes we know we are terrible,sarcastic
train-01011-interp1,train-01011,interpretation,1,the criticism lizff is kind of funny to me yes we know we are great,not_sarcastic
train-01011-interp2,train-01011,interpretation,2,the criticism aint funny at all we are nowhere near terrible,not_sarcastic
train-01012-orig,train-01012,original,0,if you love your life love your wife P,sarcastic
train-01012-interp1,train-01012,interpretation,1,if you hate your life hate your wife P,not_sarcastic
train-01012-interp2,train-01012,interpretation,2,in order to love your life you need to love your wife they say,not_sarcastic
train-01013-orig,train-01013,original,0,opener has a powerpoint ughgh prop comedy come on ? ? ?,sarcastic
train-01013-interp1,train-01013,interpretation,1,opener has a powerpoint ughgh prop comedy come on ? ? ?,not_sarcastic
train-01013-interp2,train-01013,interpretation,2,opener has a powerpoint which should not be a prop comedy,not_sarcastic
train-01014-orig,train-01014,original,0,to those gentlemen commenting on cycles and unbalanced women on twitter i am sure you are a very happy human being alone,sarcastic
train-01014-interp1,train-01014,interpretation,1,to those gentlemen commenting on cycles and unbalanced women on twitter i am sure you are a very lonely human being alone,not_sarcastic
train-01014-interp2,train-01014,interpretation,2,to those gentlemen commenting on cycles and unbalanced women on twitter you people deserve to stay alone,not_sarcastic
train-01015-orig,train-01015,original,0,i applaud peoples confidence who throw insulting comments on twitter you are on the right path to self realisation,sarcastic
train-01015-interp1,train-01015,interpretation,1,i applaud peoples confidence who throw insulting comments on twitter you are on the wrong path to self realisation,not_sarcastic
train-01015-interp2,train-01015,interpretation,2,i hate people who through insulting comments on twitter,not_sarcastic
train-01016-orig,train-01016,original,0,wow the market is really tanking on this phil mickelson news df wwav,sarcastic
train-01016-interp1,train-01016,interpretation,1,wow the market is really tanking on this phil mickelson news df wwav,not_sarcastic
train-01016-interp2,train-01016,interpretation,2,the phil mikelson's news has failed deliberately to make talks in the market,not_sarcastic
train-01017-orig,train-01017,original,0,dang i was hoping the troy game would be a night game,sarcastic
train-01017-interp1,train-01017,interpretation,1,dang i was hoping the troy game would be a day game,not_sarcastic
train-01017-interp2,train-01017,interpretation,2,i don t want the troy game to be a night game,not_sarcastic
train-01018-orig,train-01018,original,0,who needs sleep anyway when you can just get up at this godforsaken hour and do work ?,sarcastic
train-01018-interp1,train-01018,interpretation,1,needs to sleep cant just get up at this godforsaken hour and do work,not_sarcastic
train-01018-interp2,train-01018,interpretation,2,i hate when my sleep is wasted because i have to get up in the midway and do work,not_sarcastic
train-01019-orig,train-01019,original,0,like if a quadrupedal enemy is downed i can get charged again a few days not ripping off nintendocaprisun at all,sarcastic
train-01019-interp1,train-01019,interpretation,1,like if a quadrupedal enemy is downed i can get charged again a few days not ripping off nintendocaprisun at all,not_sarcastic
train-01019-interp2,train-01019,interpretation,2,like if a quadrupedal enemy is downed i can get charged again a few days not ripping off nintendocaprisun at all,not_sarcastic
train-01020-orig,train-01020,original,0,how do i know this isn t one of your little tricks ? the time for tricks is over wow what a convincing answer,sarcastic
train-01020-interp1,train-01020,interpretation,1,how do i know this isn t one of your little tricks ? the time for tricks is over wow what a satisfying answer,not_sarcastic
train-01020-interp2,train-01020,interpretation,2,i need a proper answer to stop thinking that this is not one of your tricks,not_sarcastic
train-01021-orig,train-01021,original,0,she i love the way you liehe ok you're beautiful,sarcastic
train-01021-interp1,train-01021,interpretation,1,she i love the way you liehe ok you're ugly,not_sarcastic
train-01021-interp2,train-01021,interpretation,2,i don t want you to give me fake compliments,not_sarcastic
train-01022-orig,train-01022,original,0,i have the best luck,sarcastic
train-01022-interp1,train-01022,interpretation,1,i have the best badluck,not_sarcastic
train-01022-interp2,train-01022,interpretation,2,i have the worst luck,not_sarcastic
train-01023-orig,train-01023,original,0,i love watching plane crash coverage at the airport,sarcastic
train-01023-interp1,train-01023,interpretation,1,i hate watching plane crash coverage at the airport,not_sarcastic
train-01023-interp2,train-01023,interpretation,2,i hate it when i am made to see a plane crash coverage while on an airport,not_sarcastic
train-01024-orig,train-01024,original,0,i had a dream that my best friend was dating my ex fling ha weird like that will ever happen,sarcastic
train-01024-interp1,train-01024,interpretation,1,i had a dream that my best friend was dating my ex fling not surprise like that can never happen,not_sarcastic
train-01024-interp2,train-01024,interpretation,2,that moment when you realise that your so called best friend is dating your ex fling,not_sarcastic
train-01025-orig,train-01025,original,0,but the oracle owns aapl so that means it goes up,sarcastic
train-01025-interp1,train-01025,interpretation,1,but the oracle owns aapl so that means it goes up,not_sarcastic
train-01025-interp2,train-01025,interpretation,2,the oracle ows aap which does not mean that it will go up,not_sarcastic
train-01026-orig,train-01026,original,0,i love it when i can see people ignoring me one of the best feelings i swear,sarcastic
train-01026-interp1,train-01026,interpretation,1,i hate it when i can see people ignoring me one of the best feelings i swear,not_sarcastic
train-01026-interp2,train-01026,interpretation,2,i hate when i see people ignoring me,not_sarcastic
train-01027-orig,train-01027,original,0,how can i revise with this madness goin on,sarcastic
train-01027-interp1,train-01027,interpretation,1,how can i revise with this distraction,not_sarcastic
train-01027-interp2,train-01027,interpretation,2,i cannot revise with the madness going on,not_sarcastic
train-01028-orig,train-01028,original,0,my luck is incredible,sarcastic
train-01028-interp1,train-01028,interpretation,1,my luck is bad,not_sarcastic
train-01028-interp2,train-01028,interpretation,2,my luck could not be any worser,not_sarcastic
train-01029-orig,train-01029,original,0,i asked my heart why i can't sleep at night ? heart replied because you slept in the afternoon don't act that you're in love,sarcastic
train-01029-interp1,train-01029,interpretation,1,i asked my heart why i can't sleep at night ? heart replied because you slept in the afternoon don't act that you're in love,not_sarcastic
train-01029-interp2,train-01029,interpretation,2,i asked my heart why i can't sleep at night ? heart replied because you slept in the afternoon don't act that you're in love,not_sarcastic
train-01030-orig,train-01030,original,0,i appreciate people who always take a selfie every single day they have so much confident hahahaha what about me ?,sarcastic
train-01030-interp1,train-01030,interpretation,1,i appreciate people who always take a selfie every single day they have so much confident hahahaha what about me ?,not_sarcastic
train-01030-interp2,train-01030,interpretation,2,taking selfies everyday does not mean that you have a lot of confidence,not_sarcastic
train-01031-orig,train-01031,original,0,supposed to start a new job today and i'm sicker than a dog this should be fun,sarcastic
train-01031-interp1,train-01031,interpretation,1,supposed to start a new job today and i'm sicker than a dog this is too bad,not_sarcastic
train-01031-interp2,train-01031,interpretation,2,it is not fun when you are sick but have to start a new job the very same day,not_sarcastic
train-01032-orig,train-01032,original,0,looks like he just murdered splinter that's family friendly,sarcastic
train-01032-interp1,train-01032,interpretation,1,looks like he just murdered splinter that's not family friendly,not_sarcastic
train-01032-interp2,train-01032,interpretation,2,its not at all family friendly to murder splinter,not_sarcastic
train-01033-orig,train-01033,original,0,democracy was born after delhi amp bihar elections it has died again,sarcastic
train-01033-interp1,train-01033,interpretation,1,democracy was born after delhi amp bihar elections it has died again,not_sarcastic
train-01033-interp2,train-01033,interpretation,2,democracy was born after delhi bihar elections it has died again,not_sarcastic
train-01034-orig,train-01034,original,0,hooray for windows 10 just upgraded again after a few months and my pc is still crashing for the same reason yaaaaaay,sarcastic
train-01034-interp1,train-01034,interpretation,1,hooray for windows 10 just upgraded again after a few months and my pc is still crashing for the same reason yaaaaaay,not_sarcastic
train-01034-interp2,train-01034,interpretation,2,even after i upgraded my windows to windows 10 my pc has started crashing for the same reason,not_sarcastic
train-01035-orig,train-01035,original,0,abracadabra nope you are still a bich,sarcastic
train-01035-interp1,train-01035,interpretation,1,abracadabra nope you are still a bich,not_sarcastic
train-01035-interp2,train-01035,interpretation,2,no voodoo can change you bitch,not_sarcastic
train-01036-orig,train-01036,original,0,that's the way uh huh uh huh i like it the gym always needs kc and the sunshine band to pump us up,sarcastic
train-01036-interp1,train-01036,interpretation,1,that's the way uh huh uh huh i like it the gym always needs kc and the sunshine band to pump us up,not_sarcastic
train-01036-interp2,train-01036,interpretation,2,that's the way uh huh uh huh i like it the gym always needs kc and the sunshine band to pump us up,not_sarcastic
train-01037-orig,train-01037,original,0,the new call of duty looks amazing,sarcastic
train-01037-interp1,train-01037,interpretation,1,the new call of duty looks unamazing,not_sarcastic
train-01037-interp2,train-01037,interpretation,2,the new call of the duty is not at all good,not_sarcastic
train-01038-orig,train-01038,original,0,i love the smell of the hospital er at 3 am,sarcastic
train-01038-interp1,train-01038,interpretation,1,i hate the smell of the hospital er at 3 am,not_sarcastic
train-01038-interp2,train-01038,interpretation,2,i don t like the smell of the hospital er in the morning at 3,not_sarcastic
train-01039-orig,train-01039,original,0,sorry i'm not good enough to talk to you,sarcastic
train-01039-interp1,train-01039,interpretation,1,sorry i'm too shy to talk to you,not_sarcastic
train-01039-interp2,train-01039,interpretation,2,i don t want to talk to you,not_sarcastic
train-01040-orig,train-01040,original,0,today is going to be one of those long plodding days that drains the fuck out of you oh boy i'm looking forward to this,sarcastic
train-01040-interp1,train-01040,interpretation,1,today is going to be one of those long plodding days that drains the fuck out of you oh boy don t wish to experience it,not_sarcastic
train-01040-interp2,train-01040,interpretation,2,i hate a long and boring day like today's,not_sarcastic
train-01041-orig,train-01041,original,0,weather's lovely,sarcastic
train-01041-interp1,train-01041,interpretation,1,weather's annoying,not_sarcastic
train-01041-interp2,train-01041,interpretation,2,the weather ain't lovely at all,not_sarcastic
train-01042-orig,train-01042,original,0,you the inspiration you inspire fear,sarcastic
train-01042-interp1,train-01042,interpretation,1,you the inspiration you not setting good standard,not_sarcastic
train-01042-interp2,train-01042,interpretation,2,you the inspiration you inspire fear,not_sarcastic
train-01043-orig,train-01043,original,0,well well well donaldtrump is as skinny as my toothpick,sarcastic
train-01043-interp1,train-01043,interpretation,1,well well well donaldtrump is very skinny,not_sarcastic
train-01043-interp2,train-01043,interpretation,2,donaldtrump is not at all skinny,not_sarcastic
train-01044-orig,train-01044,original,0,just let a ugly boy hit it from time to time lmfaoooo,sarcastic
train-01044-interp1,train-01044,interpretation,1,just let a ugly boy hit it from time to time lmfaoooo,not_sarcastic
train-01044-interp2,train-01044,interpretation,2,no need to let any ugly boy hit from time to time,not_sarcastic
train-01045-orig,train-01045,original,0,yay stress dreams,sarcastic
train-01045-interp1,train-01045,interpretation,1,hate stress dreams,not_sarcastic
train-01045-interp2,train-01045,interpretation,2,i hate getting stress dreams,not_sarcastic
train-01046-orig,train-01046,original,0,well im in a wonderful mood today,sarcastic
train-01046-interp1,train-01046,interpretation,1,well im in a bad mood today,not_sarcastic
train-01046-interp2,train-01046,interpretation,2,my mood isn't good at all today,not_sarcastic
train-01047-orig,train-01047,original,0,find it interesting how heroin abuse is humanized on mtv,sarcastic
train-01047-interp1,train-01047,interpretation,1,find it annoying how heroin abuse is humanized on mtv,not_sarcastic
train-01047-interp2,train-01047,interpretation,2,why the hell is herion abuse humanised on mtv,not_sarcastic
train-01048-orig,train-01048,original,0,love to see and hear people wildly speculate about crashes on cable news,sarcastic
train-01048-interp1,train-01048,interpretation,1,hate to see and hear people wildly speculate about crashes on cable news,not_sarcastic
train-01048-interp2,train-01048,interpretation,2,it is not good when peopple talk about the crashes on the cable tv,not_sarcastic
train-01049-orig,train-01049,original,0,it's only 10 on my day off amp i'm in bed perfect,sarcastic
train-01049-interp1,train-01049,interpretation,1,it's only 10 on my day off amp i'm in bed imperfect,not_sarcastic
train-01049-interp2,train-01049,interpretation,2,it sucks being in bed on a day off,not_sarcastic
train-01050-orig,train-01050,original,0,i'm so disappointed in foxnews cnn and msnbc enough about the missing plane tell us what trump thinks about the missing plane,sarcastic
train-01050-interp1,train-01050,interpretation,1,i'm so disappointed in foxnews cnn and msnbc enough about the missing plane tell us what trump thinks about the missing plane because he think he knows all,not_sarcastic
train-01050-interp2,train-01050,interpretation,2,the news channels should stop talking about the missing plane now,not_sarcastic
train-01051-orig,train-01051,original,0,luv seeing your name on my tl,sarcastic
train-01051-interp1,train-01051,interpretation,1,hate seeing your name on my tl,not_sarcastic
train-01051-interp2,train-01051,interpretation,2,i don t want to see your name on my tl,not_sarcastic
train-01052-orig,train-01052,original,0,puducherry with congress rahul sonia sud take credit n for other states it's communalisation n local leaders,sarcastic
train-01052-interp1,train-01052,interpretation,1,puducherry with congress rahul sonia sud take credit n for other states it's communalisation n local leaders,not_sarcastic
train-01052-interp2,train-01052,interpretation,2,puducherry with congress rahul sonia sud take credit n for other states it's communalisation n local leaders,not_sarcastic
train-01053-orig,train-01053,original,0,hey tomorrow is almost here can't wait,sarcastic
train-01053-interp1,train-01053,interpretation,1,hey tomorrow is almost here looking forward to it,not_sarcastic
train-01053-interp2,train-01053,interpretation,2,tomorrow has arrived so early,not_sarcastic
train-01054-orig,train-01054,original,0,the thunder had a great game 2,sarcastic
train-01054-interp1,train-01054,interpretation,1,the thunder had a great game 2,not_sarcastic
train-01054-interp2,train-01054,interpretation,2,the thunder did not have a great second game,not_sarcastic
train-01055-orig,train-01055,original,0,it's nice seeing serge make zero impact this game,sarcastic
train-01055-interp1,train-01055,interpretation,1,it's annoying seeing serge make zero impact this game,not_sarcastic
train-01055-interp2,train-01055,interpretation,2,its weird seeing serge have a zero impact on the game,not_sarcastic
train-01056-orig,train-01056,original,0,also she's gassed after 8 slaps must be a great midnight workout she's on,sarcastic
train-01056-interp1,train-01056,interpretation,1,also she's gassed after 8 slaps must be a bad midnight workout she's on,not_sarcastic
train-01056-interp2,train-01056,interpretation,2,also she's gassed after 8 slaps must be a great midnight workout she's on,not_sarcastic
train-01057-orig,train-01057,original,0,everything is great everything is grand,sarcastic
train-01057-interp1,train-01057,interpretation,1,everything is great everything is not grand,not_sarcastic
train-01057-interp2,train-01057,interpretation,2,everything is great everything is grand,not_sarcastic
train-01058-orig,train-01058,original,0,i would love to guard steph curry,sarcastic
train-01058-interp1,train-01058,interpretation,1,don't wish to guard steph curry,not_sarcastic
train-01058-interp2,train-01058,interpretation,2,i would love to guard steph curry,not_sarcastic
train-01059-orig,train-01059,original,0,all the warriors do is take 3 s wow some basketball this is,sarcastic
train-01059-interp1,train-01059,interpretation,1,all the warriors do is take 3 s wow some basketball this is,not_sarcastic
train-01059-interp2,train-01059,interpretation,2,all the warriors do is take 3 s this is a not so amazing game,not_sarcastic
train-01060-orig,train-01060,original,0,hey everyone is a new ghostbusters movie coming out this year ? seems like my feed would be full of discussion on it if there was,sarcastic
train-01060-interp1,train-01060,interpretation,1,hey everyone is a new ghostbusters movie coming out this year ? seems like my feed would be full of discussion on it if there was,not_sarcastic
train-01060-interp2,train-01060,interpretation,2,hey everyone is a new ghostbusters movie coming out this year ? seems like my feed would be full of discussion on it,not_sarcastic
train-01061-orig,train-01061,original,0,oh nooo aeropostale is going bankrupt,sarcastic
train-01061-interp1,train-01061,interpretation,1,oh nooo aeropostale is going bankrupt,not_sarcastic
train-01061-interp2,train-01061,interpretation,2,oh nooo aeropostale is going bankrupt,not_sarcastic
train-01062-orig,train-01062,original,0,oh no mets left bases loaded tc convinced umps to let dw take 3 abs amp he struck out all 3 times to lose game ?,sarcastic
train-01062-interp1,train-01062,interpretation,1,oh no mets left bases loaded tc convinced umps to let dw take 3 abs amp he struck out all 3 times to lose game ?,not_sarcastic
train-01062-interp2,train-01062,interpretation,2,oh no mets left bases loaded tc convinced umps to let dw take 3 abs and he struck out all 3 times to lose game ?,not_sarcastic
train-01063-orig,train-01063,original,0,the spanish karaoke bar down the street is producing some real winners tonight i love hearing it from my window,sarcastic
train-01063-interp1,train-01063,interpretation,1,the spanish karaoke bar down the street is producing some real winners tonight i hate hearing it from my window,not_sarcastic
train-01063-interp2,train-01063,interpretation,2,the spanish karaoke bar down the street is producing some real winners tonight i love hearing it from my window,not_sarcastic
train-01064-orig,train-01064,original,0,jays have played well lately gotta imagine they can't sustain this,sarcastic
train-01064-interp1,train-01064,interpretation,1,jays did not play well lately gotta imagine they can't sustain this,not_sarcastic
train-01064-interp2,train-01064,interpretation,2,jays have played well lately gotta imagine they can't sustain this,not_sarcastic
train-01065-orig,train-01065,original,0,i love dashboards which are actually just a tables in a word document or b excel workbooks,sarcastic
train-01065-interp1,train-01065,interpretation,1,i hate dashboards which are actually just a tables in a word document or b excel workbooks,not_sarcastic
train-01065-interp2,train-01065,interpretation,2,i love dashboards which are actually just a tables in a word document or b excel workbooks,not_sarcastic
train-01066-orig,train-01066,original,0,k shower time i'll be back in a little bit but fav this tweet for a lewd dm rp if you want too i'm up for it,sarcastic
train-01066-interp1,train-01066,interpretation,1,k shower time i'll be back in a little bit but fav this tweet for a lewd dm rp if you want too i'm up for it,not_sarcastic
train-01066-interp2,train-01066,interpretation,2,i'll be back in a little bit but fav this tweet for a lewd dm rp if you want too i'm up for it,not_sarcastic
train-01067-orig,train-01067,original,0,awesome the thunder are getting zero calls tonight awesome nba awesome,sarcastic
train-01067-interp1,train-01067,interpretation,1,too bad the thunder are getting zero calls tonight too bad nba too bad,not_sarcastic
train-01067-interp2,train-01067,interpretation,2,awesome the thunder are getting zero calls tonight awesome nba awesome,not_sarcastic
train-01068-orig,train-01068,original,0,had a great day and night,sarcastic
train-01068-interp1,train-01068,interpretation,1,had a bad day and night,not_sarcastic
train-01068-interp2,train-01068,interpretation,2,had a great day and night,not_sarcastic
train-01069-orig,train-01069,original,0,in phoenix i have 1 hour at the airport what should i do ?,sarcastic
train-01069-interp1,train-01069,interpretation,1,in phoenix i have 1 hour at the airport what should i do ?,not_sarcastic
train-01069-interp2,train-01069,interpretation,2,in phoenix i have 1 hour at the airport what should i do ?,not_sarcastic
train-01070-orig,train-01070,original,0,i just love watching sports,sarcastic
train-01070-interp1,train-01070,interpretation,1,i just hate watching sports,not_sarcastic
train-01070-interp2,train-01070,interpretation,2,i don t like watching sports,not_sarcastic
train-01071-orig,train-01071,original,0,i love when girls say fuck love but the moment they ex come back they all up on him then get heartbroken again amp let the cycle run,sarcastic
train-01071-interp1,train-01071,interpretation,1,i hate when girls say fuck love but the moment they ex come back they all up on him then get heartbroken again amp let the cycle run,not_sarcastic
train-01071-interp2,train-01071,interpretation,2,i hate when girls say fuck love but the moment they ex come back they all up on him then get heartbroken again and let the cycle run,not_sarcastic
train-01072-orig,train-01072,original,0,you know what's the best feeling in the world ? being used and led on absolutely amazing i just love it so much,sarcastic
train-01072-interp1,train-01072,interpretation,1,you know what's the worst feeling in the world ? being used and led on absolutely amazing i just hate it so much,not_sarcastic
train-01072-interp2,train-01072,interpretation,2,you know what's the best feeling in the world ? being used and led on absolutely amazing i just love it so much,not_sarcastic
train-01073-orig,train-01073,original,0,if i don t put it into my fitness pal the calories don t count right ?,sarcastic
train-01073-interp1,train-01073,interpretation,1,if i don t put it into my fitness pal the calories don t count right ?,not_sarcastic
train-01073-interp2,train-01073,interpretation,2,if i don't put it into my fitness pal the calories don t count right ?,not_sarcastic
train-01074-orig,train-01074,original,0,not to worry our politicians have everything under control,sarcastic
train-01074-interp1,train-01074,interpretation,1,its time to worry our politicians have nothing under control,not_sarcastic
train-01074-interp2,train-01074,interpretation,2,our politicians have nothing under control,not_sarcastic
train-01075-orig,train-01075,original,0,oh goodie more standalone episodes next season japril the movie 2 this time she s not just throwing fortune cookies,sarcastic
train-01075-interp1,train-01075,interpretation,1,oh goodie more standalone episodes next season japril the movie 2 this time she s will be throwing fortune cookies,not_sarcastic
train-01075-interp2,train-01075,interpretation,2,oh goodie more standalone episodes next season japril the movie 2 this time she's not just throwing fortune cookies,not_sarcastic
train-01076-orig,train-01076,original,0,i didn't cap in time i have another i so hate that,sarcastic
train-01076-interp1,train-01076,interpretation,1,i didn't cap in time i have another i so love that,not_sarcastic
train-01076-interp2,train-01076,interpretation,2,i didn't cap in time i have another i so hate that,not_sarcastic
train-01077-orig,train-01077,original,0,oh i love when people waste my time and fucking energy,sarcastic
train-01077-interp1,train-01077,interpretation,1,oh i hate when people waste my time and fucking energy,not_sarcastic
train-01077-interp2,train-01077,interpretation,2,oh i hate when people waste my time and fucking energy,not_sarcastic
train-01078-orig,train-01078,original,0,literally love being everyone's second option,sarcastic
train-01078-interp1,train-01078,interpretation,1,literally hate being everyone's second option,not_sarcastic
train-01078-interp2,train-01078,interpretation,2,literally love being everyone's second option,not_sarcastic
train-01079-orig,train-01079,original,0,love how me and my sister are exactly the same person,sarcastic
train-01079-interp1,train-01079,interpretation,1,hate how me and my sister are exactly the same person,not_sarcastic
train-01079-interp2,train-01079,interpretation,2,love how me and my sister are exactly the same person,not_sarcastic
train-01080-orig,train-01080,original,0,oh great just what i needed omg,sarcastic
train-01080-interp1,train-01080,interpretation,1,oh no not what i needed omg,not_sarcastic
train-01080-interp2,train-01080,interpretation,2,this is not what i needed,not_sarcastic
train-01081-orig,train-01081,original,0,nick old boy sometimes i think you are the most useless synth on the planet thanks for all your help,sarcastic
train-01081-interp1,train-01081,interpretation,1,nick old boy sometimes i think you are the most useful synth on the planet thanks for all your help,not_sarcastic
train-01081-interp2,train-01081,interpretation,2,nick old boy sometimes i think you are the most useless synth on the planet thanks for all your help,not_sarcastic
train-01082-orig,train-01082,original,0,yeah forgot i was on the titanic eating crepes and fucking 20 of my sisters right now,sarcastic
train-01082-interp1,train-01082,interpretation,1,yeah forgot i was on the titanic eating crepes and fucking 20 of my sisters right now,not_sarcastic
train-01082-interp2,train-01082,interpretation,2,yeah forgot i was on the titanic eating crepes and fucking 20 of my sisters right now,not_sarcastic
train-01083-orig,train-01083,original,0,i love ppl who don't understand my humor,sarcastic
train-01083-interp1,train-01083,interpretation,1,i hate ppl who don't understand my humor,not_sarcastic
train-01083-interp2,train-01083,interpretation,2,i love ppl who don't understand my humor,not_sarcastic
train-01084-orig,train-01084,original,0,i reckon i'm one of the privileged and trusted few,sarcastic
train-01084-interp1,train-01084,interpretation,1,i reckon i'm not one of the privileged and trusted few,not_sarcastic
train-01084-interp2,train-01084,interpretation,2,i reckon i'm one of the privileged and trusted few,not_sarcastic
train-01085-orig,train-01085,original,0,where was coutinho ? did he play tonight ?,sarcastic
train-01085-interp1,train-01085,interpretation,1,coutinho ? did not play well tonight it was as if he was not there,not_sarcastic
train-01085-interp2,train-01085,interpretation,2,where was coutinho ? did he play tonight ?,not_sarcastic
train-01086-orig,train-01086,original,0,gutted moreno had a bad game klopp should have played coutinho instead,sarcastic
train-01086-interp1,train-01086,interpretation,1,gutted moreno had a bad game klopp should have played coutinho instead,not_sarcastic
train-01086-interp2,train-01086,interpretation,2,gutted moreno had a bad game klopp should have played coutinho instead,not_sarcastic
train-01087-orig,train-01087,original,0,turns out my sarcasm in sarcastic i confuse people and i love it D,sarcastic
train-01087-interp1,train-01087,interpretation,1,turns out my sarcasm in sarcastic i confuse people and i hate it D,not_sarcastic
train-01087-interp2,train-01087,interpretation,2,turns out my sarcasm in sarcastic i confuse people and i love it,not_sarcastic
train-01088-orig,train-01088,original,0,thank you everyone who contributed to setting my brain on fire today and reminding me things i try so hard not to think about,sarcastic
train-01088-interp1,train-01088,interpretation,1,not grateful to all who contributed to setting my brain on fire today and reminding me things i try so hard not to think about,not_sarcastic
train-01088-interp2,train-01088,interpretation,2,thank you everyone who contributed to setting my brain on fire today and reminding me things i try so hard not to think about,not_sarcastic
train-01089-orig,train-01089,original,0,i really do love it when people copy me,sarcastic
train-01089-interp1,train-01089,interpretation,1,i really do hate it when people copy me,not_sarcastic
train-01089-interp2,train-01089,interpretation,2,i don t like people copying me,not_sarcastic
train-01090-orig,train-01090,original,0,so no nackers is staying in the league yay,sarcastic
train-01090-interp1,train-01090,interpretation,1,so no nackers is staying in the league no,not_sarcastic
train-01090-interp2,train-01090,interpretation,2,why is nackers staying in the league,not_sarcastic
train-01091-orig,train-01091,original,0,and i for one am devastated liverpool are losing,sarcastic
train-01091-interp1,train-01091,interpretation,1,and i for one am devastated liverpool are winning,not_sarcastic
train-01091-interp2,train-01091,interpretation,2,and i for one am devastated liverpool are losing,not_sarcastic
train-01092-orig,train-01092,original,0,omg 18 salad my favorite sarcasm,sarcastic
train-01092-interp1,train-01092,interpretation,1,omg 18 salad not my favorite,not_sarcastic
train-01092-interp2,train-01092,interpretation,2,18 salad is just not worth it,not_sarcastic
train-01093-orig,train-01093,original,0,named my dog girlfriend even the dog left me,sarcastic
train-01093-interp1,train-01093,interpretation,1,named my dog girlfriend even the dog left me,not_sarcastic
train-01093-interp2,train-01093,interpretation,2,named my dog girlfriend even the dog left me,not_sarcastic
train-01094-orig,train-01094,original,0,can't stand a back in my day motherfucker god forbid the quality of life ever improves,sarcastic
train-01094-interp1,train-01094,interpretation,1,can't stand a back in my day motherfucker god forbid the quality of life ever improves,not_sarcastic
train-01094-interp2,train-01094,interpretation,2,can't stand a back in my day motherfucker god forbid the quality of life ever improves,not_sarcastic
train-01095-orig,train-01095,original,0,anybody wanna go to the movies ? im tired of going by mys i mean tired of going with all my friends haha cuz i have soo many,sarcastic
train-01095-interp1,train-01095,interpretation,1,anybody wanna go to the movies ? im tired of going by mys i mean tired of going with all my friends haha cuz i have soo few,not_sarcastic
train-01095-interp2,train-01095,interpretation,2,anybody wanna go to the movies ? im tired of going by mys i mean tired of going with all my friends haha cuz i have soo many,not_sarcastic
train-01096-orig,train-01096,original,0,the best thing about recovering from a serious illness is now all the societal pressures are getting heaped back on me,sarcastic
train-01096-interp1,train-01096,interpretation,1,the worst thing about recovering from a serious illness is now all the societal pressures are getting heaped back on me,not_sarcastic
train-01096-interp2,train-01096,interpretation,2,the best thing about recovering from a serious illness is now all the societal pressures are getting heaped back on me,not_sarcastic
train-01097-orig,train-01097,original,0,tired on my holiday clothes and now feel even better about my body yey,sarcastic
train-01097-interp1,train-01097,interpretation,1,tried on my holiday clothes and now feel even worst about my body,not_sarcastic
train-01097-interp2,train-01097,interpretation,2,tired on my holiday clothes and now feel even better about my body,not_sarcastic
train-01098-orig,train-01098,original,0,take a look at mgt and appy eerily similar intraday charts who said the markets can't be rigged ? na,sarcastic
train-01098-interp1,train-01098,interpretation,1,take a look at mgt and appy eerily similar intraday charts who said the markets can't be rigged ? na,not_sarcastic
train-01098-interp2,train-01098,interpretation,2,take a look at mgt and appy eerily similar intraday charts who said the markets can't be rigged ? na,not_sarcastic
train-01099-orig,train-01099,original,0,hey does anyone know where i can find a pic of four sisters posing for 4 decades ? having trouble finding it in my feed,sarcastic
train-01099-interp1,train-01099,interpretation,1,finding the unknown,not_sarcastic
train-01099-interp2,train-01099,interpretation,2,hey does anyone know where i can find a pic of four sisters posing for 4 decades ? having trouble finding it in my feed,not_sarcastic
train-01100-orig,train-01100,original,0,3 england strikers absolutely on fire guess who woy's gonna pick,sarcastic
train-01100-interp1,train-01100,interpretation,1,3 england strikers absolutely on fire guess who woy's gonna pick,not_sarcastic
train-01100-interp2,train-01100,interpretation,2,3 england strikers absolutely on fire guess who woy's gonna pick,not_sarcastic
train-01101-orig,train-01101,original,0,so 2 handballs and 0 callsquality of the referee is amazing,sarcastic
train-01101-interp1,train-01101,interpretation,1,so 2 handballs and 0 callsquality of the referee is poor,not_sarcastic
train-01101-interp2,train-01101,interpretation,2,so 2 handballs and 0 callsquality of the referee is amazing,not_sarcastic
train-01102-orig,train-01102,original,0,2 nd trip to a public womens room today with no incident and in a target no less how do i keep avoiding creepers in the bathroom ?,sarcastic
train-01102-interp1,train-01102,interpretation,1,2 nd trip to a public womens room today with no incident and in a target no less how do i keep avoiding creepers in the bathroom ?,not_sarcastic
train-01102-interp2,train-01102,interpretation,2,2 nd trip to a public womens room today with no incident and in a target no less how do i keep avoiding creepers in the bathroom ?,not_sarcastic
train-01103-orig,train-01103,original,0,yeah stephen wright is an ace,sarcastic
train-01103-interp1,train-01103,interpretation,1,nop stephen wright is not an ace,not_sarcastic
train-01103-interp2,train-01103,interpretation,2,yeah stephen wright is an ace,not_sarcastic
train-01104-orig,train-01104,original,0,wow great bend is too much fun i just can't take all this fun all at once i'm overwhelmed with all the fun i'm having,sarcastic
train-01104-interp1,train-01104,interpretation,1,great bend is tiring i'm not overwhelmed with all the stress i'm having,not_sarcastic
train-01104-interp2,train-01104,interpretation,2,wow great bend is too much fun i just can't take all this fun all at once i'm overwhelmed with all the fun i'm having,not_sarcastic
train-01105-orig,train-01105,original,0,cant imagine why iran would block duckduckgo,sarcastic
train-01105-interp1,train-01105,interpretation,1,i could imagine the more reason why iran block duckduckgo,not_sarcastic
train-01105-interp2,train-01105,interpretation,2,cant imagine why iran would block duckduckgo,not_sarcastic
train-01106-orig,train-01106,original,0,having waaaay too much fun waiting in lineup,sarcastic
train-01106-interp1,train-01106,interpretation,1,having waaaay too much fun waiting in lineup,not_sarcastic
train-01106-interp2,train-01106,interpretation,2,no kind of fun is waiting in the lineup,not_sarcastic
train-01107-orig,train-01107,original,0,i feel like there ain't enough snapchat filters in the world,sarcastic
train-01107-interp1,train-01107,interpretation,1,i feel like there are enough snapchat filters in the world already,not_sarcastic
train-01107-interp2,train-01107,interpretation,2,i feel like there ain't enough snapchat filters in the world,not_sarcastic
train-01108-orig,train-01108,original,0,man i love being reminded how different i am makes me feel so good,sarcastic
train-01108-interp1,train-01108,interpretation,1,man i hate being reminded how different i am makes me feel so bad,not_sarcastic
train-01108-interp2,train-01108,interpretation,2,man i love being reminded how different i am makes me feel so good,not_sarcastic
train-01109-orig,train-01109,original,0,51 of us voted to outlaw poverty i think this is going to work now only criminals will be poor see ? problem solved,sarcastic
train-01109-interp1,train-01109,interpretation,1,51 of us voted to outlaw poverty i think this is not going to work now everyone will be poor see ? problem remained unsolved,not_sarcastic
train-01109-interp2,train-01109,interpretation,2,51 of us voted to outlaw poverty i think this is going to work now only criminals will be poor see ? problem solved,not_sarcastic
train-01110-orig,train-01110,original,0,if you can be gender fluid can you also be maturity fluid ? like one day wear a barney diapers and the next wear a 400 suit ?,sarcastic
train-01110-interp1,train-01110,interpretation,1,if you can be gender fluid can you also be maturity fluid ? like one day wear a barney diapers and the next wear a 400 suit ?,not_sarcastic
train-01110-interp2,train-01110,interpretation,2,if you can be gender fluid can you also be maturity fluid ? like one day wear a barney diapers and the next wear a 400 suit,not_sarcastic
train-01111-orig,train-01111,original,0,you feel like superman when you perform and win unexpected thing,sarcastic
train-01111-interp1,train-01111,interpretation,1,you feel like nobody when you perform and lose unexpected thing,not_sarcastic
train-01111-interp2,train-01111,interpretation,2,you feel like superman when you perform and win unexpected thing,not_sarcastic
train-01112-orig,train-01112,original,0,oh downtown how i miss thee,sarcastic
train-01112-interp1,train-01112,interpretation,1,i don't miss downtown anymore,not_sarcastic
train-01112-interp2,train-01112,interpretation,2,oh downtown how i miss thee,not_sarcastic
train-01113-orig,train-01113,original,0,things just keep getting better and better,sarcastic
train-01113-interp1,train-01113,interpretation,1,things just keep getting worat and worst,not_sarcastic
train-01113-interp2,train-01113,interpretation,2,things keep getting worser day by day,not_sarcastic
train-01114-orig,train-01114,original,0,libertea 2012 rt voterocky 2016 bretbaier foxnews clerical errors no doubt plus 5 k votes for long droped out o'malley ? seems od,sarcastic
train-01114-interp1,train-01114,interpretation,1,libertea 2012 rt voterocky 2016 bretbaier foxnews clerical errors no doubt plus 5 k votes for long droped out o'malley ? seems od,not_sarcastic
train-01114-interp2,train-01114,interpretation,2,libertea 2012 rt voterocky 2016 bretbaier foxnews clerical errors no doubt plus 5 k votes for long droped out o'malley ?,not_sarcastic
train-01115-orig,train-01115,original,0,back to elementary today oodles of joy,sarcastic
train-01115-interp1,train-01115,interpretation,1,back to elementary today oodles of sadness,not_sarcastic
train-01115-interp2,train-01115,interpretation,2,back to elementary today oodles of joy,not_sarcastic
train-01116-orig,train-01116,original,0,i guess it's a good thing greipel killed himself for his team,sarcastic
train-01116-interp1,train-01116,interpretation,1,i guess it's a bad thing greipel killed himself for his team,not_sarcastic
train-01116-interp2,train-01116,interpretation,2,i guess it's a good thing greipel killed himself for his team,not_sarcastic
train-01117-orig,train-01117,original,0,update 7 got it iphone is godly took god 7 days to create the world it took me 7 steps to save a vid onto my camera roll,sarcastic
train-01117-interp1,train-01117,interpretation,1,update 7 got it iphone is godly took god 7 days to create the world it took me 7 steps to save a vid onto my camera roll,not_sarcastic
train-01117-interp2,train-01117,interpretation,2,update 7 got it iphone is godly took god 7 days to create the world it took me 7 steps to save a vid onto my camera roll,not_sarcastic
train-01118-orig,train-01118,original,0,girl i want u to become more matureboy sureafter few daysgirl whats wrong u have lost the child in u amp not fun any more,sarcastic
train-01118-interp1,train-01118,interpretation,1,girl i want u to become more matureboy sureafter few daysgirl whats wrong u have lost the child in u amp so tiring,not_sarcastic
train-01118-interp2,train-01118,interpretation,2,girl i want u to become more matureboy sureafter few daysgirl whats wrong u have lost the child in u and not fun any more,not_sarcastic
train-01119-orig,train-01119,original,0,they say when life gives lemon use it for vodka and then i get rotten lemons sigh,sarcastic
train-01119-interp1,train-01119,interpretation,1,they say when life gives lemon use it for vodka and then i get rotten lemons sigh,not_sarcastic
train-01119-interp2,train-01119,interpretation,2,they say when life gives lemon use it for vodka the thimg which is worse is that i get rotten lemons,not_sarcastic
train-01120-orig,train-01120,original,0,got bashed by a feminist when she asked me about the place of feminists on society and pointed to the kitchen so much for honesty,sarcastic
train-01120-interp1,train-01120,interpretation,1,got bashed by a feminist when she asked me about the place of feminists on society and pointed to the kitchen so much for not being honest,not_sarcastic
train-01120-interp2,train-01120,interpretation,2,got bashed by a feminist when she asked me about the place of feminists on society and pointed to the kitchen so much for honesty,not_sarcastic
train-01121-orig,train-01121,original,0,maybe i should use my sarcasm for good instead of evil says sarcastically,sarcastic
train-01121-interp1,train-01121,interpretation,1,maybe i should use my sarcasm for evil instead of good says sarcastically,not_sarcastic
train-01121-interp2,train-01121,interpretation,2,i need not use my sarcasm for good instead of evil,not_sarcastic
train-01122-orig,train-01122,original,0,jack nicholson postman rings twicejohn kasich son of postmanmartin bormann son of postmancoincidence or climate change ? intended,sarcastic
train-01122-interp1,train-01122,interpretation,1,jack nicholson postman rings twicejohn kasich son of postmanmartin bormann son of postmancoincidence or climate change ? intended,not_sarcastic
train-01122-interp2,train-01122,interpretation,2,jack nicholson postman rings twicejohn kasich son of postmanmartin bormann son of postmancoincidence or climate change ?,not_sarcastic
train-01123-orig,train-01123,original,0,internet down at work looks like today will be full of filing yay,sarcastic
train-01123-interp1,train-01123,interpretation,1,internet down at work looks like today will be boring nay,not_sarcastic
train-01123-interp2,train-01123,interpretation,2,internet down at work is something which i cannot just stand,not_sarcastic
train-01124-orig,train-01124,original,0,working in the giant lovely town of lake butler all week can't contain my excitement,sarcastic
train-01124-interp1,train-01124,interpretation,1,working in the giant lovely town of lake butler all week so bored and annoyed,not_sarcastic
train-01124-interp2,train-01124,interpretation,2,working in the giant lovely town of lake butler all wee is such a waste,not_sarcastic
train-01125-orig,train-01125,original,0,there's a kid sitting next to me in study hall watching anime without earbuds man i love listening to anime in the morning,sarcastic
train-01125-interp1,train-01125,interpretation,1,there's a kid sitting next to me in study hall watching anime without earbuds man i hate listening to anime in the morning,not_sarcastic
train-01125-interp2,train-01125,interpretation,2,there's a kid sitting next to me in study hall watching anime without earbuds man i hate listening to anime in the morning,not_sarcastic
train-01126-orig,train-01126,original,0,preworkout and fluoride yum,sarcastic
train-01126-interp1,train-01126,interpretation,1,preworkout and fluoride nay,not_sarcastic
train-01126-interp2,train-01126,interpretation,2,preworkout and fluoride is what i hate,not_sarcastic
train-01127-orig,train-01127,original,0,yay it's another grab your umbrella kind of day said no one with excitement,sarcastic
train-01127-interp1,train-01127,interpretation,1,no it's another grab your umbrella kind of day said no one with sadness,not_sarcastic
train-01127-interp2,train-01127,interpretation,2,yay it's another grab your umbrella kind of day said no one with excitement,not_sarcastic
train-01128-orig,train-01128,original,0,you know what i love more than people looking at my screen over my shoulder while i work ? when people touch my screen,sarcastic
train-01128-interp1,train-01128,interpretation,1,you know what i hate more than people looking at my screen over my shoulder while i work ? when people touch my screen,not_sarcastic
train-01128-interp2,train-01128,interpretation,2,you know what i love more than people looking at my screen over my shoulder while i work ? when people touch my screen,not_sarcastic
train-01129-orig,train-01129,original,0,gmorning i feel icky time for a six hour clinical class woo,sarcastic
train-01129-interp1,train-01129,interpretation,1,gmorning i feel icky time for its six hour clinical class woo,not_sarcastic
train-01129-interp2,train-01129,interpretation,2,gmorning i feel icky time for a six hour clinical class which i don t want to attend,not_sarcastic
train-01130-orig,train-01130,original,0,i appreciate people who only share their opinion with people they agree with,sarcastic
train-01130-interp1,train-01130,interpretation,1,i don't appreciate people who only share their opinion with people they agree with,not_sarcastic
train-01130-interp2,train-01130,interpretation,2,i appreciate people who only share their opinion with people they agree with,not_sarcastic
train-01131-orig,train-01131,original,0,but remember if the da wins everything will change,sarcastic
train-01131-interp1,train-01131,interpretation,1,but remember if the da wins nothing will change,not_sarcastic
train-01131-interp2,train-01131,interpretation,2,things wont change even if da wins,not_sarcastic
train-01132-orig,train-01132,original,0,the only meaningful attribution u will make in your existence is an organ donor,sarcastic
train-01132-interp1,train-01132,interpretation,1,the only meaningful attribution u will make in your existence is an organ donor,not_sarcastic
train-01132-interp2,train-01132,interpretation,2,the only meaningful attribution u will make in your existence is an organ donor,not_sarcastic
train-01133-orig,train-01133,original,0,don't blame your job you suck anyway,sarcastic
train-01133-interp1,train-01133,interpretation,1,don't blame your job you rock anyway,not_sarcastic
train-01133-interp2,train-01133,interpretation,2,don't blame your job you suck anyway,not_sarcastic
train-01134-orig,train-01134,original,0,that microwave burger was delightful,sarcastic
train-01134-interp1,train-01134,interpretation,1,that microwave burger was unamusing,not_sarcastic
train-01134-interp2,train-01134,interpretation,2,that microwave burger was not at all good,not_sarcastic
train-01135-orig,train-01135,original,0,i love being sarcastic,sarcastic
train-01135-interp1,train-01135,interpretation,1,i hate being sarcastic,not_sarcastic
train-01135-interp2,train-01135,interpretation,2,i love being sarcastic,not_sarcastic
train-01136-orig,train-01136,original,0,wow a lot of ol good news this morning,sarcastic
train-01136-interp1,train-01136,interpretation,1,wow a lot of ol bad news this morning,not_sarcastic
train-01136-interp2,train-01136,interpretation,2,when you wake up to bad news right in the morning,not_sarcastic
train-01137-orig,train-01137,original,0,woohoo i think my feeling crappy is the flu oh how much fun,sarcastic
train-01137-interp1,train-01137,interpretation,1,woohoo i think my feeling crappy is the flu oh how much boredom,not_sarcastic
train-01137-interp2,train-01137,interpretation,2,woohoo i think my feeling crappy is the flu urgh,not_sarcastic
train-01138-orig,train-01138,original,0,fa manager of the season louis van gaal congratulations for the fantastic season we're looking forward to many more,sarcastic
train-01138-interp1,train-01138,interpretation,1,fa manager of the season louis van gaal congratulations for the fantastic season we're looking forward to many more,not_sarcastic
train-01138-interp2,train-01138,interpretation,2,fa manager of the season louis van gaal congratulations for the fantastic season we're looking forward to many more,not_sarcastic
train-01139-orig,train-01139,original,0,trying to be smart ? oh gosh i'm very offended,sarcastic
train-01139-interp1,train-01139,interpretation,1,trying not to be smart ? oh gosh i'm very offended,not_sarcastic
train-01139-interp2,train-01139,interpretation,2,trying to be smart ? guess what i'm not offended at all,not_sarcastic
train-01140-orig,train-01140,original,0,yeap we totally drink alcohol every single day please don't get shocked gasp,sarcastic
train-01140-interp1,train-01140,interpretation,1,yeap we totally dont drink alcohol every single day please don't get shocked gasp,not_sarcastic
train-01140-interp2,train-01140,interpretation,2,yeap we totally drink alcohol every single day please don't get shocked,not_sarcastic
train-01141-orig,train-01141,original,0,wide awake at 2 am nothing better,sarcastic
train-01141-interp1,train-01141,interpretation,1,wide awake at 2 am nothing worst,not_sarcastic
train-01141-interp2,train-01141,interpretation,2,i hate beimg awake at 2 am,not_sarcastic
train-01142-orig,train-01142,original,0,i wish i actually cared about ppl and their opinions,sarcastic
train-01142-interp1,train-01142,interpretation,1,i actually cared about ppl and their opinions,not_sarcastic
train-01142-interp2,train-01142,interpretation,2,i wish i actually cared about ppl and their opinions,not_sarcastic
train-01143-orig,train-01143,original,0,it's always fun to wake up at 11 45 pm and then puke,sarcastic
train-01143-interp1,train-01143,interpretation,1,it's always not fun to wake up at 11 45 pm and then puke,not_sarcastic
train-01143-interp2,train-01143,interpretation,2,it's always fun to wake up at 11 45 pm and then puked,not_sarcastic
train-01144-orig,train-01144,original,0,khris davis might want to watch out tomorrow odor might knock him out tomorrow you're not supposed to celebrate on a big home run,sarcastic
train-01144-interp1,train-01144,interpretation,1,khris davis might want to watch out tomorrow odor might knock him out tomorrow you're supposed to celebrate on a big home run,not_sarcastic
train-01144-interp2,train-01144,interpretation,2,khris davis might want to watch out tomorrow odor might knock him out tomorrow you're not supposed to celebrate on a big home run,not_sarcastic
train-01145-orig,train-01145,original,0,watching korean drama over homework i am the greatest example ever hahaha sarcasm,sarcastic
train-01145-interp1,train-01145,interpretation,1,watching korean drama over homework i am a bad example ever,not_sarcastic
train-01145-interp2,train-01145,interpretation,2,watching korean drama over homework i am the greatest example ever,not_sarcastic
train-01146-orig,train-01146,original,0,i love knowing we might not see exit x until maybe 4 th quarter yes oppas need break time more hiatus yes this is gr8,sarcastic
train-01146-interp1,train-01146,interpretation,1,i hate knowing we might not see exit x until maybe 4 th quarter yes oppas need break time more hiatus no this is not gr8,not_sarcastic
train-01146-interp2,train-01146,interpretation,2,i love knowing we might not see exit until maybe the 4 th quarter,not_sarcastic
train-01147-orig,train-01147,original,0,totally love how much my biological family cares about me,sarcastic
train-01147-interp1,train-01147,interpretation,1,totally hate how much my biological family does not cares about me,not_sarcastic
train-01147-interp2,train-01147,interpretation,2,totally love how much my biological family cares about me,not_sarcastic
train-01148-orig,train-01148,original,0,my brother just called me a comic genius,sarcastic
train-01148-interp1,train-01148,interpretation,1,my brother just called me a boring person,not_sarcastic
train-01148-interp2,train-01148,interpretation,2,my brother just called me a comic genius,not_sarcastic
train-01149-orig,train-01149,original,0,glad to see my over thinking skills are still in top shape,sarcastic
train-01149-interp1,train-01149,interpretation,1,sad to see my over thinking skills are still in top shape,not_sarcastic
train-01149-interp2,train-01149,interpretation,2,glad to see my over thinking skills are still in top shape,not_sarcastic
train-01150-orig,train-01150,original,0,going to bed alone is so great,sarcastic
train-01150-interp1,train-01150,interpretation,1,going to bed alone is so annoying,not_sarcastic
train-01150-interp2,train-01150,interpretation,2,going to bed alone is not at all great,not_sarcastic
train-01151-orig,train-01151,original,0,fun part of home ownership air filters 16,sarcastic
train-01151-interp1,train-01151,interpretation,1,boring part of home ownership air filters 16,not_sarcastic
train-01151-interp2,train-01151,interpretation,2,fun part of home ownership air filters 16,not_sarcastic
train-01152-orig,train-01152,original,0,this cavsraptors series is going to be hard fought and entertaining,sarcastic
train-01152-interp1,train-01152,interpretation,1,this cavsraptors series is going to be hard fought and boring,not_sarcastic
train-01152-interp2,train-01152,interpretation,2,this cavsraptors series is going to be hard fought and entertaining,not_sarcastic
train-01153-orig,train-01153,original,0,3 45 am and the cat is chasing imaginary mice around the bedroom yeahhh i love the cat,sarcastic
train-01153-interp1,train-01153,interpretation,1,3 45 am and the cat is chasing imaginary mice around the bedroom ahhh i hate the cat,not_sarcastic
train-01153-interp2,train-01153,interpretation,2,3 45 am and the cat is chasing imaginary mice around the bedroom yeahhh i love the cat,not_sarcastic
train-01154-orig,train-01154,original,0,we live in a society where stopping for a needy is below our standards and waiting for a pet dog to complete his piss is class,sarcastic
train-01154-interp1,train-01154,interpretation,1,we live in society were the normalcy seems abnormal involving in unproductive things are the order of our time,not_sarcastic
train-01154-interp2,train-01154,interpretation,2,we live in a society where stopping for a needy is below our standards and waiting for a pet dog to complete his piss is class,not_sarcastic
train-01155-orig,train-01155,original,0,clearly fredi was holding the offense back also i don't think anyone should be shocked mallex has first multi hr game this season,sarcastic
train-01155-interp1,train-01155,interpretation,1,clearly fredi was holding the offense back also i think everyone should be shocked mallex has first multi hr game this season,not_sarcastic
train-01155-interp2,train-01155,interpretation,2,clearly fredi was holding the offense back also i don't think anyone should be shocked mallex has first multi hr game this season,not_sarcastic
train-01156-orig,train-01156,original,0,unanimous vote for eric fanning ? ? ? ? ? rinos aplenty in the senate how dare they let a homosexual man work,sarcastic
train-01156-interp1,train-01156,interpretation,1,unanimous vote for eric fanning ? ? ? ? ? rinos aplenty in the senate good they let a homosexual man work,not_sarcastic
train-01156-interp2,train-01156,interpretation,2,unanimous vote for eric fanning ? ? ? ? ? rinos aplenty in the senate how dare they let a homosexual man work,not_sarcastic
train-01157-orig,train-01157,original,0,yes i get that this isn't high school people don't vent on social media any more ever,sarcastic
train-01157-interp1,train-01157,interpretation,1,yes i get that this isn't high school people still vent on social media more,not_sarcastic
train-01157-interp2,train-01157,interpretation,2,yes i get that this isn't high school people don't vent on social media any more,not_sarcastic
train-01158-orig,train-01158,original,0,two things going right in my life,sarcastic
train-01158-interp1,train-01158,interpretation,1,two things going wrong in my life,not_sarcastic
train-01158-interp2,train-01158,interpretation,2,two things going right in my life,not_sarcastic
train-01159-orig,train-01159,original,0,yes please accelerate rapidly past me where ever i park everytime with your obnoxious exhaust i do love it can't you tell,sarcastic
train-01159-interp1,train-01159,interpretation,1,yes please accelerate rapidly past me where ever i park everytime with your obnoxious exhaust i do hate it can't you tell,not_sarcastic
train-01159-interp2,train-01159,interpretation,2,yes please accelerate rapidly past me where ever i park everytime with your obnoxious exhaust i do love it can't you tell,not_sarcastic
train-01160-orig,train-01160,original,0,that trump interview was pretty lame actually real hard hitting interview,sarcastic
train-01160-interp1,train-01160,interpretation,1,that trump interview was stop on they nailed him with tough question,not_sarcastic
train-01160-interp2,train-01160,interpretation,2,that trump interview was pretty lame actually real hard hitting interview,not_sarcastic
train-01161-orig,train-01161,original,0,i just missed memories of us not you,sarcastic
train-01161-interp1,train-01161,interpretation,1,i just missed memories of us i mean you,not_sarcastic
train-01161-interp2,train-01161,interpretation,2,i just missed memories of us not you,not_sarcastic
train-01162-orig,train-01162,original,0,a coach talking trash to players after game in the handshake line is the ultimate class act,sarcastic
train-01162-interp1,train-01162,interpretation,1,a coach talking trash to players after game in the handshake line is the ultimate stupid act,not_sarcastic
train-01162-interp2,train-01162,interpretation,2,a coach talking trash to players after game in the handshake line is the ultimate class act,not_sarcastic
train-01163-orig,train-01163,original,0,lakers need a center sacre aint cutting it no more,sarcastic
train-01163-interp1,train-01163,interpretation,1,lakers need a center sacre aint cutting it no more,not_sarcastic
train-01163-interp2,train-01163,interpretation,2,lakers need a center sacre aint cutting it no more,not_sarcastic
train-01164-orig,train-01164,original,0,i'm just kidding i don't really care about the followers but i appreciate them for following me do i have to put in my tweet ?,sarcastic
train-01164-interp1,train-01164,interpretation,1,i'm just kidding i really care about the followers but i appreciate them for following me do i have to put it in my tweet ?,not_sarcastic
train-01164-interp2,train-01164,interpretation,2,i'm just kidding i don't really care about the followers but i appreciate them for following me do i have to put sarcasm in my tweet ?,not_sarcastic
train-01165-orig,train-01165,original,0,well ben simmons will help fill the sixers glaring need for a big man,sarcastic
train-01165-interp1,train-01165,interpretation,1,well ben simmons will not help fill the sixers glaring need for a big man,not_sarcastic
train-01165-interp2,train-01165,interpretation,2,well ben simmons will help fill the sixers glaring need for a big man,not_sarcastic
train-01166-orig,train-01166,original,0,toronto up 3 0 already we got a series,sarcastic
train-01166-interp1,train-01166,interpretation,1,toronto up 3 0 already we got a series,not_sarcastic
train-01166-interp2,train-01166,interpretation,2,toronto up 3 0 already we lost it already,not_sarcastic
train-01167-orig,train-01167,original,0,that was the most interesting lottery of all time great to see players there,sarcastic
train-01167-interp1,train-01167,interpretation,1,that was the most boring lottery of all time too bad seeing no players there,not_sarcastic
train-01167-interp2,train-01167,interpretation,2,that was the most interesting lottery of all time great to see players there,not_sarcastic
train-01168-orig,train-01168,original,0,sure anyone can wake up one morning and decide to wear a dress why not celebrate it ? it makes perfect sense,sarcastic
train-01168-interp1,train-01168,interpretation,1,sure anyone can wake up one morning and decide to wear a dress why celebrate it ? it makes no sense,not_sarcastic
train-01168-interp2,train-01168,interpretation,2,sure anyone can wake up one morning and decide to wear a dress why not celebrate it ? it makes perfect sense,not_sarcastic
train-01169-orig,train-01169,original,0,just fantastic to hear that something like that is happening,sarcastic
train-01169-interp1,train-01169,interpretation,1,just unpleasant to hear that something like that is happening,not_sarcastic
train-01169-interp2,train-01169,interpretation,2,just fantastic to hear that something like that is happening,not_sarcastic
train-01170-orig,train-01170,original,0,when you want to start making videos but university says no no i have somo essays for you thank you university maybe on friday,sarcastic
train-01170-interp1,train-01170,interpretation,1,when you want to start making videos but university says no no i have somo essays for you thank you university maybe on friday,not_sarcastic
train-01170-interp2,train-01170,interpretation,2,when you want to start making videos but university says no no i have somo essays for you thank you university maybe on friday,not_sarcastic
train-01171-orig,train-01171,original,0,the braves fired fredi gonzalez after a 9 28 start w such a loaded roster yeah he deserved to get canned,sarcastic
train-01171-interp1,train-01171,interpretation,1,the braves fired fredi gonzalez after a 9 28 start w such a loaded roster no he doesn't deserved to get canned,not_sarcastic
train-01171-interp2,train-01171,interpretation,2,the braves fired fredi gonzalez after a 9 28 start w such a loaded roster yeah he deserved to get canned,not_sarcastic
train-01172-orig,train-01172,original,0,i went to work in a pretty good mood today left salty af i cannot wait to go to work tomorrow,sarcastic
train-01172-interp1,train-01172,interpretation,1,i went to work in a pretty good mood today left salty af i don't wish to go to work tomorrow,not_sarcastic
train-01172-interp2,train-01172,interpretation,2,i went to work in a pretty good mood today left salty af i cannot wait to go to work tomorrow,not_sarcastic
train-01173-orig,train-01173,original,0,if is the fruit of critical thinking against cretiny my friends and i run an amazon size plantation,sarcastic
train-01173-interp1,train-01173,interpretation,1,if is the fruit of critical thinking against cretiny my friends and i run an amazon size plantation,not_sarcastic
train-01173-interp2,train-01173,interpretation,2,if sarcasm is the fruit of critical thinking against cretiny my friends and i run an amazon size plantation,not_sarcastic
train-01174-orig,train-01174,original,0,tonight is tony's last night on ncis he knew it we knew it that must be nice,sarcastic
train-01174-interp1,train-01174,interpretation,1,tonight is tony's last night on ncis he knew it we knew it so sad cos we r going to miss him,not_sarcastic
train-01174-interp2,train-01174,interpretation,2,tonight is tony's last night on ncis he knew it we knew it that must be nice,not_sarcastic
train-01175-orig,train-01175,original,0,6 th sense is like 6 th bawl of the over if u cross the line it'll be noball n u have 2 throw an extra bawl that makes u nonsense,sarcastic
train-01175-interp1,train-01175,interpretation,1,6 th sense is like 6 th bawl of the over if u cross the line it'll be noball n u have 2 throw an extra bawl that makes a lot of sense,not_sarcastic
train-01175-interp2,train-01175,interpretation,2,6 th sense is like 6 th bawl of the over if u cross the line it'll be noball n u have 2 throw an extra bawl that makes u nonsense,not_sarcastic
train-01176-orig,train-01176,original,0,so tired good day at work but now i can relax and worry about moira wonderful,sarcastic
train-01176-interp1,train-01176,interpretation,1,so tired bad day at work but now i can relax and worry about moira unpleasant,not_sarcastic
train-01176-interp2,train-01176,interpretation,2,so tired good day at work but now i can relax and worry about moira wonderful,not_sarcastic
train-01177-orig,train-01177,original,0,done ' em by 16 goals this time round last time was 8 we're getting better,sarcastic
train-01177-interp1,train-01177,interpretation,1,done ' em by 16 goals this time round last time was 8 we're getting worst,not_sarcastic
train-01177-interp2,train-01177,interpretation,2,done ' em by 16 goals this time round last time was 8 we're getting better,not_sarcastic
train-01178-orig,train-01178,original,0,the psn's have just been taken you are so cool,sarcastic
train-01178-interp1,train-01178,interpretation,1,the psn's have just been taken you are so excited,not_sarcastic
train-01178-interp2,train-01178,interpretation,2,the psn's have just been taken you are so cool,not_sarcastic
train-01179-orig,train-01179,original,0,thanks to all the ' considerate ' highway drivers for looking out for large slow moving machinery,sarcastic
train-01179-interp1,train-01179,interpretation,1,fuck all the inconsiderate highway drivers for looking out for large slow moving machinery,not_sarcastic
train-01179-interp2,train-01179,interpretation,2,thanks to all the ' considerate ' highway drivers for looking out for large slow moving machinery,not_sarcastic
train-01180-orig,train-01180,original,0,so have i missed something or that's it ? yeah you killed damie dream with this shit,sarcastic
train-01180-interp1,train-01180,interpretation,1,so have i missed something or that's it ? yeah you destroyed damie plans with this shit,not_sarcastic
train-01180-interp2,train-01180,interpretation,2,so have i missed something or that's it ? yeah you killed damie dream with this shit,not_sarcastic
train-01181-orig,train-01181,original,0,stomach aches migraine back ache give me more i'll receive them thank you hell month wellappreciated,sarcastic
train-01181-interp1,train-01181,interpretation,1,stomach aches migraine back ache its enough i don't want them no thanks hell month notappreciated,not_sarcastic
train-01181-interp2,train-01181,interpretation,2,stomach aches migraine back ache no need of more please,not_sarcastic
train-01182-orig,train-01182,original,0,this day keeps getting better,sarcastic
train-01182-interp1,train-01182,interpretation,1,this day keeps getting worst,not_sarcastic
train-01182-interp2,train-01182,interpretation,2,this day is turning worser,not_sarcastic
train-01183-orig,train-01183,original,0,all of a sudden there are so many music industry experts in kc,sarcastic
train-01183-interp1,train-01183,interpretation,1,all of a sudden there are so many music industry amateur in kc,not_sarcastic
train-01183-interp2,train-01183,interpretation,2,all of a sudden there are so many music industry experts in kc,not_sarcastic
train-01184-orig,train-01184,original,0,oh how i love sitting in a court house to pay a ticket,sarcastic
train-01184-interp1,train-01184,interpretation,1,oh how i hate sitting in a court house to pay a ticket,not_sarcastic
train-01184-interp2,train-01184,interpretation,2,i hate sitting in a court house to pay a ticket,not_sarcastic
train-01185-orig,train-01185,original,0,22 minsmanutd 0 bournemouth 0 manutd still won't be able 2 score 19 goals even if 5 matches were added to the their season hahaha,sarcastic
train-01185-interp1,train-01185,interpretation,1,22 minsmanutd 0 bournemouth 0 manutd won't be able 2 score 19 goals even if 5 matches were added to the their season hahaha,not_sarcastic
train-01185-interp2,train-01185,interpretation,2,22 minsmanutd 0 bournemouth 0 manutd still won't be able 2 score 19 goals even if 5 matches were added to the their season,not_sarcastic
train-01186-orig,train-01186,original,0,them we need you to do research that'll require you to have to watch a ton of ted talks ? me oh that sounds like torture,sarcastic
train-01186-interp1,train-01186,interpretation,1,them we need you to do research that'll require you to have to watch a ton of ted talks ? me oh that sounds too much,not_sarcastic
train-01186-interp2,train-01186,interpretation,2,them we need you to do research that'll require you to have to watch a ton of ted talks ? me oh that sounds like torture,not_sarcastic
train-01187-orig,train-01187,original,0,remember kids if you don't end up liking the new ghostbusters you're a sexist,sarcastic
train-01187-interp1,train-01187,interpretation,1,remember kids if you end up liking the new ghostbusters you're a sexist,not_sarcastic
train-01187-interp2,train-01187,interpretation,2,remember kids if you don't end up liking the new ghostbusters you're a sexist,not_sarcastic
train-01188-orig,train-01188,original,0,what's that ? a wedding ring ? ? on a married man ? ? ? gasp say it ain't so,sarcastic
train-01188-interp1,train-01188,interpretation,1,what's that ? a wedding ring ? ? on a married man ? ? ? gasp say it is so,not_sarcastic
train-01188-interp2,train-01188,interpretation,2,a ring does not always state that a man is married,not_sarcastic
train-01189-orig,train-01189,original,0,if at first you don't succeed you're a loser,sarcastic
train-01189-interp1,train-01189,interpretation,1,if at first you don't succeed you're not a loser,not_sarcastic
train-01189-interp2,train-01189,interpretation,2,if at first you don't succeed you're not a loser,not_sarcastic
train-01190-orig,train-01190,original,0,oh look gas prices going up again never saw that coming,sarcastic
train-01190-interp1,train-01190,interpretation,1,oh look gas prices going up again that is not a socking news,not_sarcastic
train-01190-interp2,train-01190,interpretation,2,oh look gas prices going up again never saw that coming,not_sarcastic
train-01191-orig,train-01191,original,0,de gea might win the golden glove i mean sod the premiership thats better than the premiership title,sarcastic
train-01191-interp1,train-01191,interpretation,1,de gea might win the golden glove i mean sod the premiership thats better than the premiership title,not_sarcastic
train-01191-interp2,train-01191,interpretation,2,de gea might win the golden glove i mean sod the premiership thats better than the premiership title,not_sarcastic
train-01192-orig,train-01192,original,0,quality is going 2 the royal gdn party being fed tea sandwiches amp cake then the end getting in2 a uber prius th ts class,sarcastic
train-01192-interp1,train-01192,interpretation,1,quality is going 2 the royal gdn party being fed tea sandwiches amp cake then the end getting in2 a uber prius th ts class,not_sarcastic
train-01192-interp2,train-01192,interpretation,2,quality is going 2 the royal gdn party being fed tea sandwiches cake then end getting in2 a uber prius,not_sarcastic
train-01193-orig,train-01193,original,0,i'm such a wonderful fucking person,sarcastic
train-01193-interp1,train-01193,interpretation,1,i'm such an unpleasant fucking person,not_sarcastic
train-01193-interp2,train-01193,interpretation,2,i'm not a wonderful person,not_sarcastic
train-01194-orig,train-01194,original,0,a person more fucked up than i am did i just see a pig go past my window ? lol p,sarcastic
train-01194-interp1,train-01194,interpretation,1,a person more fucked up than i am did i just see a pig go past my window ? lol p,not_sarcastic
train-01194-interp2,train-01194,interpretation,2,a person more fucked up than i am did i just see a pig go past my window ?,not_sarcastic
train-01195-orig,train-01195,original,0,i love silence,sarcastic
train-01195-interp1,train-01195,interpretation,1,i hate silence,not_sarcastic
train-01195-interp2,train-01195,interpretation,2,i hate silence,not_sarcastic
train-01196-orig,train-01196,original,0,the story of blazblue is easy to understand makes perfect sense no insane loopholes and is not about a 100 year time loop,sarcastic
train-01196-interp1,train-01196,interpretation,1,the story of blazblue is not easy to understand makes no perfect sense insane loopholes and is about a 100 year time loop,not_sarcastic
train-01196-interp2,train-01196,interpretation,2,the story of blazblue is difficult to understand does not make sense has insane loopholes and is about a 100 year time loop,not_sarcastic
train-01197-orig,train-01197,original,0,along with you other entertainers,sarcastic
train-01197-interp1,train-01197,interpretation,1,along with you other entertainers,not_sarcastic
train-01197-interp2,train-01197,interpretation,2,along with your other boring guys,not_sarcastic
train-01198-orig,train-01198,original,0,long meetings ftw,sarcastic
train-01198-interp1,train-01198,interpretation,1,long meetings ftw,not_sarcastic
train-01198-interp2,train-01198,interpretation,2,long meetings for the lose,not_sarcastic
train-01199-orig,train-01199,original,0,if bells takes a social media break and announces it i wonder which news source will announce the ground breaking news,sarcastic
train-01199-interp1,train-01199,interpretation,1,if bells takes a social media break and announces it i wonder which news source will announce the ground breaking news,not_sarcastic
train-01199-interp2,train-01199,interpretation,2,if bells takes a social media break and announces it i'm sure every news source will announce the ground breaking news,not_sarcastic
train-01200-orig,train-01200,original,0,sonic's the best job ever guys it's all fuckin ' rainbows and sunshine up at that bitch,sarcastic
train-01200-interp1,train-01200,interpretation,1,sonic's the best job ever guys it's all fuckin ' rainbows and sunshine up at that bitch,not_sarcastic
train-01200-interp2,train-01200,interpretation,2,sonic's the worst job ever guys it's all fuckin ' rainbows and darkness up at that bitch,not_sarcastic
train-01201-orig,train-01201,original,0,how many types of are there ?,sarcastic
train-01201-interp1,train-01201,interpretation,1,how many types of are there ?,not_sarcastic
train-01201-interp2,train-01201,interpretation,2,how many types of sarcasm are there ?,not_sarcastic
train-01202-orig,train-01202,original,0,instead of feeling salty and spicy it's a bloated and sarcastic kind of day,sarcastic
train-01202-interp1,train-01202,interpretation,1,instead of feeling salty and spicy it's a bloated and sarcastic kind of day,not_sarcastic
train-01202-interp2,train-01202,interpretation,2,instead of feeling salty and bitter it's a bloated and sarcastic kind of day,not_sarcastic
train-01203-orig,train-01203,original,0,previous tweet,sarcastic
train-01203-interp1,train-01203,interpretation,1,next tweet,not_sarcastic
train-01203-interp2,train-01203,interpretation,2,this tweet,not_sarcastic
train-01204-orig,train-01204,original,0,ladies the key to my heart is drawnon eyebrows take notice,sarcastic
train-01204-interp1,train-01204,interpretation,1,ladies the key to my heart is very simple take notice,not_sarcastic
train-01204-interp2,train-01204,interpretation,2,ladies the key to my heart is not drawnon eyebrows take notice,not_sarcastic
train-01205-orig,train-01205,original,0,trying to free up space on the computer so the model to road video can be finished this is fun,sarcastic
train-01205-interp1,train-01205,interpretation,1,trying to free up space on the computer so the model to road video can be finished this is not fun,not_sarcastic
train-01205-interp2,train-01205,interpretation,2,trying to free up space on the computer so the model to road video can be finished this is nonsense,not_sarcastic
train-01206-orig,train-01206,original,0,someone please kill me so that i can have all the sleep i'm missing,sarcastic
train-01206-interp1,train-01206,interpretation,1,someone please free me so that i can have all the sleep i'm missing,not_sarcastic
train-01206-interp2,train-01206,interpretation,2,i seriously need enough time to sleep,not_sarcastic
train-01207-orig,train-01207,original,0,glad to see that woman stomping through target yelling about bathrooms with her bible held high representing us christians so well,sarcastic
train-01207-interp1,train-01207,interpretation,1,glad to see that woman stomping through target yelling about bathrooms with her bible held high representing us christians so well,not_sarcastic
train-01207-interp2,train-01207,interpretation,2,unhappy to see that woman stomping through target yelling about bathrooms with her bible held high representing us christians in a bad way,not_sarcastic
train-01208-orig,train-01208,original,0,i feel like you had some bad news priced in with epd at 20 and 19 in december and january ?,sarcastic
train-01208-interp1,train-01208,interpretation,1,i feel like you had some good news priced in with epd at 20 and 19 in december and january ?,not_sarcastic
train-01208-interp2,train-01208,interpretation,2,i feel like you had some good news priced in with epd at 20 and 19 in december and january ?,not_sarcastic
train-01209-orig,train-01209,original,0,i'm sure it's fredi gonzalez ' fault the braves aren't a good team i'm sure this will fix the problem for atlanta,sarcastic
train-01209-interp1,train-01209,interpretation,1,i'm sure it's fredi gonzalez ' fault the braves aren't a good team i'm sure this will not fix the problem for atlanta,not_sarcastic
train-01209-interp2,train-01209,interpretation,2,i'm sure it's fredi gonzalez ' fault the braves are a poor team i'm sure this will create the problem for atlanta,not_sarcastic
train-01210-orig,train-01210,original,0,great day for a walking and boat tour of annapolis,sarcastic
train-01210-interp1,train-01210,interpretation,1,bad day for a walking and boat tour of annapolis,not_sarcastic
train-01210-interp2,train-01210,interpretation,2,bad day for a walking and boat tour of annapolis,not_sarcastic
train-01211-orig,train-01211,original,0,feels nice to be treated the same way as others that's when you know your place,sarcastic
train-01211-interp1,train-01211,interpretation,1,feels nice to be treated differently from others that's when you know your place,not_sarcastic
train-01211-interp2,train-01211,interpretation,2,feels bad to be treated the same way as others that's when you know your place,not_sarcastic
train-01212-orig,train-01212,original,0,i 77 you are awesome,sarcastic
train-01212-interp1,train-01212,interpretation,1,i 77 you are unamazing,not_sarcastic
train-01212-interp2,train-01212,interpretation,2,i 77 you are horrible,not_sarcastic
train-01213-orig,train-01213,original,0,if we don't snapchat our rehearsals are we really even putting on a show ?,sarcastic
train-01213-interp1,train-01213,interpretation,1,if we snapchat our rehearsals are we really even putting on a show ?,not_sarcastic
train-01213-interp2,train-01213,interpretation,2,if we don't snapchat our rehearsals we're not putting on a show ?,not_sarcastic
train-01214-orig,train-01214,original,0,waking up at 4 am is the best,sarcastic
train-01214-interp1,train-01214,interpretation,1,waking up at 4 am is the worst,not_sarcastic
train-01214-interp2,train-01214,interpretation,2,waking up at 4 am is the worst,not_sarcastic
train-01215-orig,train-01215,original,0,registering to vote with rage against the machine to get that extra fuck the system feeling,sarcastic
train-01215-interp1,train-01215,interpretation,1,registering to vote with rage against the machine to get that extra fuck the system feeling,not_sarcastic
train-01215-interp2,train-01215,interpretation,2,registering to vote with rage against the machine to avoid that extra fuck the system feeling,not_sarcastic
train-01216-orig,train-01216,original,0,don't worry racv solves all of life's problems,sarcastic
train-01216-interp1,train-01216,interpretation,1,you better worry racv do not solves all of life's problems,not_sarcastic
train-01216-interp2,train-01216,interpretation,2,you've to worry racv initiates all of life's problems,not_sarcastic
train-01217-orig,train-01217,original,0,did somebody win some short film writing competition today ? there are literally no posts about it anywhere,sarcastic
train-01217-interp1,train-01217,interpretation,1,did somebody win some short film writing competition today ? there are literally posts about it everywhere,not_sarcastic
train-01217-interp2,train-01217,interpretation,2,hasn't anyone won the short film writing competition today ? there are lots of posts about it,not_sarcastic
train-01218-orig,train-01218,original,0,indian parents will make you study for your blood test,sarcastic
train-01218-interp1,train-01218,interpretation,1,indian parents will make you study for your blood test,not_sarcastic
train-01218-interp2,train-01218,interpretation,2,indian parents will hinder you from studying for your blood test,not_sarcastic
train-01219-orig,train-01219,original,0,today is going to be a great day,sarcastic
train-01219-interp1,train-01219,interpretation,1,today is going to be a bad day,not_sarcastic
train-01219-interp2,train-01219,interpretation,2,today is going to be a bad day,not_sarcastic
train-01220-orig,train-01220,original,0,at the shops me wow 31 items bloody big shop cashier would you like a bag me scoffs nahhhhhhhhhhhh sarcasm,sarcastic
train-01220-interp1,train-01220,interpretation,1,at the shops me wow 31 items bloody big shop cashier would you like a bag me scoffs yay,not_sarcastic
train-01220-interp2,train-01220,interpretation,2,at the shops me wow 31 items bloody small shop cashier would you like a bag me scoffs nahhhhhhhhhhhh,not_sarcastic
train-01221-orig,train-01221,original,0,guess who will have classes this summer ? what a joy,sarcastic
train-01221-interp1,train-01221,interpretation,1,guess who will have classes this summer ? so annoying,not_sarcastic
train-01221-interp2,train-01221,interpretation,2,guess who will have classes this summer ? what a sorrow,not_sarcastic
train-01222-orig,train-01222,original,0,got a viral infection joy,sarcastic
train-01222-interp1,train-01222,interpretation,1,got a viral infection sad,not_sarcastic
train-01222-interp2,train-01222,interpretation,2,got a viral infection sorrow,not_sarcastic
train-01223-orig,train-01223,original,0,you can obviously tell by my humor that i've matured,sarcastic
train-01223-interp1,train-01223,interpretation,1,you can obviously tell by my humor that i've not matured,not_sarcastic
train-01223-interp2,train-01223,interpretation,2,you can obviously tell by my humor that i'm immature,not_sarcastic
train-01224-orig,train-01224,original,0,me what happened to you bro ? friend please bro call me an ambulanceme okay hey ambulance what happened to you ?,sarcastic
train-01224-interp1,train-01224,interpretation,1,me what happened to you bro ? friend please bro call me an ambulanceme okay hey ambulance what happened to you ?,not_sarcastic
train-01224-interp2,train-01224,interpretation,2,me what happened to you bro ? friend please bro call me an ambulance me nope you deserve what has befallen you i can only laught at you,not_sarcastic
train-01225-orig,train-01225,original,0,is so real over here i love it,sarcastic
train-01225-interp1,train-01225,interpretation,1,is so real over here i hate it,not_sarcastic
train-01225-interp2,train-01225,interpretation,2,sarcasm is so real over here i hate it,not_sarcastic
train-01226-orig,train-01226,original,0,nothing's better than the restful sleep at a rest stop in a single cab 2 seater pickup,sarcastic
train-01226-interp1,train-01226,interpretation,1,nothing's worse than the restful sleep at a rest stop in a single cab 2 seater pickup,not_sarcastic
train-01226-interp2,train-01226,interpretation,2,nothing's worse than the restful sleep at a rest stop in a single cab 2 seater pickup,not_sarcastic
train-01227-orig,train-01227,original,0,thanks for responding,sarcastic
train-01227-interp1,train-01227,interpretation,1,thanks for not responding,not_sarcastic
train-01227-interp2,train-01227,interpretation,2,damn for not responding,not_sarcastic
train-01228-orig,train-01228,original,0,when your body is in a big nope day love being a woman,sarcastic
train-01228-interp1,train-01228,interpretation,1,when your body is in a big nope day hate being a woman,not_sarcastic
train-01228-interp2,train-01228,interpretation,2,when your body is in a big nope day hate being a woman,not_sarcastic
train-01229-orig,train-01229,original,0,sure love arguing and dealing with massive idiots,sarcastic
train-01229-interp1,train-01229,interpretation,1,sure hate arguing and dealing with massive idiots,not_sarcastic
train-01229-interp2,train-01229,interpretation,2,sure hate arguing and dealing with massive idiots,not_sarcastic
train-01230-orig,train-01230,original,0,rush accounts ? bring it on i love pressure i have it for breakfast,sarcastic
train-01230-interp1,train-01230,interpretation,1,rush accounts ? bring it on i hate pressure i have it for breakfast,not_sarcastic
train-01230-interp2,train-01230,interpretation,2,rush accounts ? take it far i hate pressure will spoil my breakfast,not_sarcastic
train-01231-orig,train-01231,original,0,dear yellow jecketers are you sure setya novanto will bring you all to the glory ?,sarcastic
train-01231-interp1,train-01231,interpretation,1,dear yellow jecketers are you sure setya novanto will not bring you all to the glory ?,not_sarcastic
train-01231-interp2,train-01231,interpretation,2,dear yellow jecketers i'm sure setya novanto will bring you all to the shame,not_sarcastic
train-01232-orig,train-01232,original,0,buzzing for my first exam like,sarcastic
train-01232-interp1,train-01232,interpretation,1,not ready for my first exam at all,not_sarcastic
train-01232-interp2,train-01232,interpretation,2,buzzing for my first exam hate it,not_sarcastic
train-01233-orig,train-01233,original,0,hyped to write for 2 30 minutes for film studies gonna be fucking sick,sarcastic
train-01233-interp1,train-01233,interpretation,1,hyped to write for 2 30 minutes for film studies gonna be fucking whole,not_sarcastic
train-01233-interp2,train-01233,interpretation,2,unexpected to write for 2 30 minutes for film studies gonna be fucking sick,not_sarcastic
train-01234-orig,train-01234,original,0,just love waking up before seven on a day off,sarcastic
train-01234-interp1,train-01234,interpretation,1,just hate waking up before seven on a day off,not_sarcastic
train-01234-interp2,train-01234,interpretation,2,just hate waking up before seven on a day off,not_sarcastic
train-01235-orig,train-01235,original,0,that jennifer lawrence is so edgy amp crazy,sarcastic
train-01235-interp1,train-01235,interpretation,1,that jennifer lawrence is so calm amp reasonable,not_sarcastic
train-01235-interp2,train-01235,interpretation,2,that jennifer lawrence is so edgy amp crazy,not_sarcastic
train-01236-orig,train-01236,original,0,yet these people deserve to walk on water,sarcastic
train-01236-interp1,train-01236,interpretation,1,yet these people don't deserve to walk on water,not_sarcastic
train-01236-interp2,train-01236,interpretation,2,yet these people never deserve to walk on water,not_sarcastic
train-01237-orig,train-01237,original,0,communists running the government yay,sarcastic
train-01237-interp1,train-01237,interpretation,1,communists running the government no,not_sarcastic
train-01237-interp2,train-01237,interpretation,2,communists running the government ugh,not_sarcastic
train-01238-orig,train-01238,original,0,line for game 2 okc 12 point underdog already,sarcastic
train-01238-interp1,train-01238,interpretation,1,line for game 2 okc 12 point underdog already,not_sarcastic
train-01238-interp2,train-01238,interpretation,2,line for game 2 okc 12 point favorite already,not_sarcastic
train-01239-orig,train-01239,original,0,oklahoma city wins game 1 and skip bayless said they weren't going to win any in this series but he's never wrong,sarcastic
train-01239-interp1,train-01239,interpretation,1,oklahoma city wins game 1 and skip bayless said they weren't going to win any in this series but he's very wrong,not_sarcastic
train-01239-interp2,train-01239,interpretation,2,oklahoma city wins game 1 and skip bayless said they weren't going to win any in this series but he's very wrong,not_sarcastic
train-01240-orig,train-01240,original,0,but but curry makes threes from half court in pre game warm ups i don't understand ?,sarcastic
train-01240-interp1,train-01240,interpretation,1,but but curry makes threes from half court in pre game warm ups i understand,not_sarcastic
train-01240-interp2,train-01240,interpretation,2,but but curry makes threes from half court in pre game warm ups quite ironical,not_sarcastic
train-01241-orig,train-01241,original,0,sounds like a quiet tv night,sarcastic
train-01241-interp1,train-01241,interpretation,1,sounds like a busy tv night,not_sarcastic
train-01241-interp2,train-01241,interpretation,2,sounds like a noisy tv night,not_sarcastic
train-01242-orig,train-01242,original,0,shocked okc got a call,sarcastic
train-01242-interp1,train-01242,interpretation,1,not shocked okc got a call,not_sarcastic
train-01242-interp2,train-01242,interpretation,2,shocked okc didn't get a call,not_sarcastic
train-01243-orig,train-01243,original,0,wait traveling is still a rule ?,sarcastic
train-01243-interp1,train-01243,interpretation,1,wait traveling is still not a rule ?,not_sarcastic
train-01243-interp2,train-01243,interpretation,2,traveling isn't a rule any more,not_sarcastic
train-01244-orig,train-01244,original,0,i'm so glad the calls in this okc game are going both ways,sarcastic
train-01244-interp1,train-01244,interpretation,1,i'm not so glad the calls in this okc game are going both ways,not_sarcastic
train-01244-interp2,train-01244,interpretation,2,i'm unhappy the calls in this okc game are going both ways,not_sarcastic
train-01245-orig,train-01245,original,0,taking out my car for a trip suggest me a nice gf,sarcastic
train-01245-interp1,train-01245,interpretation,1,taking out my car for a trip suggest me a nice gf,not_sarcastic
train-01245-interp2,train-01245,interpretation,2,taking out my car for a trip don't suggest me an ugly gf,not_sarcastic
train-01246-orig,train-01246,original,0,what a shove by ezeli,sarcastic
train-01246-interp1,train-01246,interpretation,1,what a shove by ezeli,not_sarcastic
train-01246-interp2,train-01246,interpretation,2,what a shove by ezeli,not_sarcastic
train-01247-orig,train-01247,original,0,i really wish i was cool enough to rev my engine and speed down a 30 mph road what a badass,sarcastic
train-01247-interp1,train-01247,interpretation,1,i really wish i was cool enough to rev my engine and speed down a 30 mph road what a badass,not_sarcastic
train-01247-interp2,train-01247,interpretation,2,i wouldn't wish to be cool enough to rev my engine and speed up a 30 mph road what a badass,not_sarcastic
train-01248-orig,train-01248,original,0,ignorance might be my new favorite thing,sarcastic
train-01248-interp1,train-01248,interpretation,1,ignorance is not my new favorite thing,not_sarcastic
train-01248-interp2,train-01248,interpretation,2,ignorance might be my new disliked thing,not_sarcastic
train-01249-orig,train-01249,original,0,just heard my dad screaming at the tv in the other room i'm assuming the tigers have blown their lead what a surprise,sarcastic
train-01249-interp1,train-01249,interpretation,1,just heard my dad screaming at the tv in the other room i'm assuming the tigers have blown their lead not so surprise,not_sarcastic
train-01249-interp2,train-01249,interpretation,2,just heard my dad screaming at the tv in the other room i'm assuming the tigers have extended their lead what a jinxed game,not_sarcastic
train-01250-orig,train-01250,original,0,just turned the game on and see they tryna murder westbrook lmao,sarcastic
train-01250-interp1,train-01250,interpretation,1,just turned the game on and see they did not try to murder westbrook lmao,not_sarcastic
train-01250-interp2,train-01250,interpretation,2,just turned the game off to avoid seein them trying to murder westbrook lmao,not_sarcastic
train-01251-orig,train-01251,original,0,nintendo movies with region locked and amiibo content ?,sarcastic
train-01251-interp1,train-01251,interpretation,1,nintendo movies with region locked and amiibo content ?,not_sarcastic
train-01251-interp2,train-01251,interpretation,2,nintendo movies with region unlocked and amiibo discontent ?,not_sarcastic
train-01252-orig,train-01252,original,0,who are these two matador wannabes ?,sarcastic
train-01252-interp1,train-01252,interpretation,1,who are these two matador wannabes ?,not_sarcastic
train-01252-interp2,train-01252,interpretation,2,who are these two hopeless cowards ?,not_sarcastic
train-01253-orig,train-01253,original,0,oh look a dive by sidney crosby never seen that before,sarcastic
train-01253-interp1,train-01253,interpretation,1,oh look a dive by sidney crosby i have seen that before,not_sarcastic
train-01253-interp2,train-01253,interpretation,2,ah obvious a dive by sidney crosby i've seen a lot of that before,not_sarcastic
train-01254-orig,train-01254,original,0,i love this new holding pen approach to security lineups at big airports,sarcastic
train-01254-interp1,train-01254,interpretation,1,i hate this new holding pen approach to security lineups at big airports,not_sarcastic
train-01254-interp2,train-01254,interpretation,2,i hate this new holding pen approach to security lineups at big airports,not_sarcastic
train-01255-orig,train-01255,original,0,the reds bullpen is really good,sarcastic
train-01255-interp1,train-01255,interpretation,1,the reds bullpen is really bad,not_sarcastic
train-01255-interp2,train-01255,interpretation,2,the reds bullpen is very bad,not_sarcastic
train-01256-orig,train-01256,original,0,know what i'm in the market for ? a free dr mario style match game that takes up huge drive space and send me endless ads,sarcastic
train-01256-interp1,train-01256,interpretation,1,know what i'm in the market for ? a free dr mario style match game that takes up huge drive space and send me endless ads,not_sarcastic
train-01256-interp2,train-01256,interpretation,2,know what i can't go for in the market ? an expensive dr mario style match game that takes up huge drive space and send me endless ads,not_sarcastic
train-01257-orig,train-01257,original,0,yeah cause roman was never in a group of 3 that got involved in championship matches,sarcastic
train-01257-interp1,train-01257,interpretation,1,yeah cause roman was in a group of 3 that got involved in championship matches,not_sarcastic
train-01257-interp2,train-01257,interpretation,2,yeah cause roman was ever in a group of 3 that got involved in championship matches,not_sarcastic
train-01258-orig,train-01258,original,0,i can't wait to be a communist,sarcastic
train-01258-interp1,train-01258,interpretation,1,i dont want to be a communist,not_sarcastic
train-01258-interp2,train-01258,interpretation,2,i wish i won't become a communist,not_sarcastic
train-01259-orig,train-01259,original,0,what a great way to start off the week,sarcastic
train-01259-interp1,train-01259,interpretation,1,what a bad way to start off the week,not_sarcastic
train-01259-interp2,train-01259,interpretation,2,what a bad way to start off the week,not_sarcastic
train-01260-orig,train-01260,original,0,it's so nice when people put dishes up where they're supposed to go so you can find them when you need them,sarcastic
train-01260-interp1,train-01260,interpretation,1,it's so awkward when people dont put dishes up where they're supposed to go so you can find them when you need them,not_sarcastic
train-01260-interp2,train-01260,interpretation,2,it's so annoying when people put dishes up where they're not supposed to go so you can't find them when you need them,not_sarcastic
train-01261-orig,train-01261,original,0,gonna be missing those average players taking charges and hitting sound lay ups who wants 40 3 s and high flying alley oops ? ?,sarcastic
train-01261-interp1,train-01261,interpretation,1,not gonna be missing those average players taking charges and hitting sound lay ups who wants 40 3 s and high flying alley oops ? ?,not_sarcastic
train-01261-interp2,train-01261,interpretation,2,will quickly want to forget those average players taking charges and hitting sound lay ups no one wants 40 3 s and high flying alley,not_sarcastic
train-01262-orig,train-01262,original,0,everyone be careful just saw og steve rowell in town his tear drops and cigarette almost made me shit a brick,sarcastic
train-01262-interp1,train-01262,interpretation,1,everyone be careful just saw og steve rowell in town his tear drops and cigarette almost made me shit a brick,not_sarcastic
train-01262-interp2,train-01262,interpretation,2,everyone be careful to avoid og steve rowell who's in town his tear drops and cigarette almost made me shit a brick,not_sarcastic
train-01263-orig,train-01263,original,0,i was excited to learn that this wednesday i will get to put in an 115 hour work day woo hoo,sarcastic
train-01263-interp1,train-01263,interpretation,1,i was annoyed to learn that this wednesday i will get to put in an 115 hour work day,not_sarcastic
train-01263-interp2,train-01263,interpretation,2,i was bored to learn that this wednesday i will get to put in an 115 hour work day oh no,not_sarcastic
train-01264-orig,train-01264,original,0,wow you're so cool,sarcastic
train-01264-interp1,train-01264,interpretation,1,wow you're so cool,not_sarcastic
train-01264-interp2,train-01264,interpretation,2,ugh you're so irritating,not_sarcastic
train-01265-orig,train-01265,original,0,it's nice when you don't hear from your boyfriend in 4 days,sarcastic
train-01265-interp1,train-01265,interpretation,1,it's not nice when you don't hear from your boyfriend in 4 days,not_sarcastic
train-01265-interp2,train-01265,interpretation,2,it's horrible when you don't hear from your boyfriendin 4 days,not_sarcastic
train-01266-orig,train-01266,original,0,my coworkers are transphobic and homophobic yay,sarcastic
train-01266-interp1,train-01266,interpretation,1,my coworkers are transphobic and homophobic not so cool,not_sarcastic
train-01266-interp2,train-01266,interpretation,2,my coworkers are transphobic and homophobic ugh,not_sarcastic
train-01267-orig,train-01267,original,0,i can't help my it helps me not be so mean,sarcastic
train-01267-interp1,train-01267,interpretation,1,i can't help my it helps me not be so mean,not_sarcastic
train-01267-interp2,train-01267,interpretation,2,i can't help my sarcasm it helps me not be generous,not_sarcastic
train-01268-orig,train-01268,original,0,yes flight be delayed 20 minutes that's what i want,sarcastic
train-01268-interp1,train-01268,interpretation,1,oh no flight be delayed 20 minutes this is not what i want,not_sarcastic
train-01268-interp2,train-01268,interpretation,2,yes flight be delayed 20 minutes that's what i hate,not_sarcastic
train-01269-orig,train-01269,original,0,ikea commercial just had lesbians in it never shopping there again 11 11,sarcastic
train-01269-interp1,train-01269,interpretation,1,ikea commercial just had lesbians in it will still shop there again 11 11,not_sarcastic
train-01269-interp2,train-01269,interpretation,2,ikea commercial just had lesbians in it will be ever shopping there,not_sarcastic
train-01270-orig,train-01270,original,0,try to provide evidence on something on facebook receive flame war thank facebook,sarcastic
train-01270-interp1,train-01270,interpretation,1,try to provide evidence on something on facebook receive flame war fuck facebook,not_sarcastic
train-01270-interp2,train-01270,interpretation,2,try to provide evidence on something on facebook receive flame war damn facebook,not_sarcastic
train-01271-orig,train-01271,original,0,if my offends you then i am doing it right,sarcastic
train-01271-interp1,train-01271,interpretation,1,if my offends you then i am not doing it right,not_sarcastic
train-01271-interp2,train-01271,interpretation,2,if my sarcasm offends you then i am doing it wrong,not_sarcastic
train-01272-orig,train-01272,original,0,fear of losing something amazing is killing me and i'm in pain and i'm grieving over my dad great combo,sarcastic
train-01272-interp1,train-01272,interpretation,1,fear of losing something amazing is killing me and i'm in pain and i'm grieving over my dad not a great combo,not_sarcastic
train-01272-interp2,train-01272,interpretation,2,fear of losing something amazing is killing me and i'm in pain and i'm grieving over my dad sad combo,not_sarcastic
train-01273-orig,train-01273,original,0,49 degrees and rain mid may this global warming thing just may be valid,sarcastic
train-01273-interp1,train-01273,interpretation,1,49 degrees and rain mid may this global warming thing is just not valid,not_sarcastic
train-01273-interp2,train-01273,interpretation,2,49 degrees and onrain mid may this global warming thing just may be valid,not_sarcastic
train-01274-orig,train-01274,original,0,i am lying whenever i used the word sometimes do you like your job ? sometimes,sarcastic
train-01274-interp1,train-01274,interpretation,1,i am lying whenever i used the word sometimes do you like your job ? sometimes i don't like my job,not_sarcastic
train-01274-interp2,train-01274,interpretation,2,i am lying whenever i used the word sometimes i don't like my job,not_sarcastic
train-01275-orig,train-01275,original,0,i love homework,sarcastic
train-01275-interp1,train-01275,interpretation,1,i hate homework,not_sarcastic
train-01275-interp2,train-01275,interpretation,2,i hate homework,not_sarcastic
train-01276-orig,train-01276,original,0,at the dentist so excited,sarcastic
train-01276-interp1,train-01276,interpretation,1,at the dentist so annoyed,not_sarcastic
train-01276-interp2,train-01276,interpretation,2,at the dentist so afraid,not_sarcastic
train-01277-orig,train-01277,original,0,omg they ran a clockwise trial race at woodbine and it was on the turf i'd never seen one of those before,sarcastic
train-01277-interp1,train-01277,interpretation,1,omg they ran a clockwise trial race at woodbine and it was on the turf i'd seen one of those before,not_sarcastic
train-01277-interp2,train-01277,interpretation,2,omg they ran a clockwise trial race at woodbine and it was on the turf i'd seen many of those before,not_sarcastic
train-01278-orig,train-01278,original,0,oh today you've been so much fun,sarcastic
train-01278-interp1,train-01278,interpretation,1,oh today you've been so much boring,not_sarcastic
train-01278-interp2,train-01278,interpretation,2,ugh today you've been so much boredom,not_sarcastic
train-01279-orig,train-01279,original,0,listening to some corny songs in the train while some random baby keeps crying so much fun,sarcastic
train-01279-interp1,train-01279,interpretation,1,listening to some corny songs in the train while some random baby keeps crying so much annoying,not_sarcastic
train-01279-interp2,train-01279,interpretation,2,listening to some corny songs in the train while some random baby keeps crying very irritating,not_sarcastic
train-01280-orig,train-01280,original,0,10 year olds giving the middle finger nice,sarcastic
train-01280-interp1,train-01280,interpretation,1,10 year olds giving the middle finger not nice enough,not_sarcastic
train-01280-interp2,train-01280,interpretation,2,10 year olds giving the middle finger shame,not_sarcastic
train-01281-orig,train-01281,original,0,fun part trying to apply here,sarcastic
train-01281-interp1,train-01281,interpretation,1,annoying part trying to apply here,not_sarcastic
train-01281-interp2,train-01281,interpretation,2,boring part trying to apply here,not_sarcastic
train-01282-orig,train-01282,original,0,awful coworker nurses are complaining they only get two weeks vacation in the summer i feel so bad for them gt gt,sarcastic
train-01282-interp1,train-01282,interpretation,1,awful coworker nurses are complaining they only get two weeks vacation in the summer i feel so happy for them gt gt,not_sarcastic
train-01282-interp2,train-01282,interpretation,2,awful coworker nurses are complaining they only get two weeks vacation in the summer i feel so bad for them,not_sarcastic
train-01283-orig,train-01283,original,0,i think jesus is super excited that the church spends so much time and resources deciding who should be excluded from the church,sarcastic
train-01283-interp1,train-01283,interpretation,1,i think jesus is super annoyed that the church spends so much time and resources deciding who should be excluded from the church,not_sarcastic
train-01283-interp2,train-01283,interpretation,2,i think jesus is so annoyed that the church spends so much time and resources deciding who should be excluded from the church,not_sarcastic
train-01284-orig,train-01284,original,0,screwing up seems to be my best quality right now good to know,sarcastic
train-01284-interp1,train-01284,interpretation,1,screwing up seems to be my best quality right now too bad to know,not_sarcastic
train-01284-interp2,train-01284,interpretation,2,screwing up seems to be my worst quality right now bad to know,not_sarcastic
train-01285-orig,train-01285,original,0,don't you just love when your friend of 8 years ditches you for her boyfriend because i sure do,sarcastic
train-01285-interp1,train-01285,interpretation,1,don't you just hate when your friend of 8 years ditches you for her boyfriend because i sure do,not_sarcastic
train-01285-interp2,train-01285,interpretation,2,don't you hate when your friend of 8 years ditches you for her boyfriend because i sure do,not_sarcastic
train-01286-orig,train-01286,original,0,i just saw a website advertising a exclusive sale where all items ranging from 5 90 are reduced by 30 1 what a bargain,sarcastic
train-01286-interp1,train-01286,interpretation,1,i just saw a website advertising a exclusive sale where all items ranging from 5 90 are reduced by 30 1 not a good bargain,not_sarcastic
train-01286-interp2,train-01286,interpretation,2,i just saw a website advertising a exclusive sale where all items ranging from 5 90 are reduced by 30 1 this is gimmick no reduction,not_sarcastic
train-01287-orig,train-01287,original,0,yeah nothing about having a panic attack in class and having to run out of the room in tears is mortifying at all,sarcastic
train-01287-interp1,train-01287,interpretation,1,having a panic attack in class and having to run out of the room in tears is not mortifying at all,not_sarcastic
train-01287-interp2,train-01287,interpretation,2,ugh having a panic attack in class and having to run out of the room in tears is mortifying at all,not_sarcastic
train-01288-orig,train-01288,original,0,i have a dental appointment and my mom made pancakes for breakfast wow what great timing lol,sarcastic
train-01288-interp1,train-01288,interpretation,1,i have a dental appointment and my mom made pancakes for breakfast what a bad timing,not_sarcastic
train-01288-interp2,train-01288,interpretation,2,i have a dental appointment and my mom made pancakes for breakfast yuck what bad timing,not_sarcastic
train-01289-orig,train-01289,original,0,i'm so empty inside guess i should eat,sarcastic
train-01289-interp1,train-01289,interpretation,1,i'm so empty inside eating will not solve it,not_sarcastic
train-01289-interp2,train-01289,interpretation,2,i'm so full inside guess i shouldn't eat,not_sarcastic
train-01290-orig,train-01290,original,0,nice monday to all is monday of work yay,sarcastic
train-01290-interp1,train-01290,interpretation,1,nice monday to all is monday of work nay,not_sarcastic
train-01290-interp2,train-01290,interpretation,2,bad monday to all is monday of work ugh,not_sarcastic
train-01291-orig,train-01291,original,0,its really a nice day,sarcastic
train-01291-interp1,train-01291,interpretation,1,its really an annoying day,not_sarcastic
train-01291-interp2,train-01291,interpretation,2,it's a bad day,not_sarcastic
train-01292-orig,train-01292,original,0,done sending the dms thank you internet for being so cooperative i'm lkjsdlkgjsdlkfjlg,sarcastic
train-01292-interp1,train-01292,interpretation,1,done sending the dms thank you internet for not cooperating i'm lkjsdlkgjsdlkfjlg,not_sarcastic
train-01292-interp2,train-01292,interpretation,2,failed sending the dms damn internet for being so uncooperative i'm lkjsdlkgjsdlkfjlg,not_sarcastic
train-01293-orig,train-01293,original,0,truth is directly proportional to,sarcastic
train-01293-interp1,train-01293,interpretation,1,truth is not directly proportional to sarcasm,not_sarcastic
train-01293-interp2,train-01293,interpretation,2,truth is directly unproportional to sarcasm,not_sarcastic
train-01294-orig,train-01294,original,0,live on ctv news announcement of the next canadian in space the winner is ? kathleen wynne,sarcastic
train-01294-interp1,train-01294,interpretation,1,live on ctv news announcement of the next canadian in space the winner is not me,not_sarcastic
train-01294-interp2,train-01294,interpretation,2,live on ctv news announcement of the next canadian in space kathleen wynne cannot be the winner,not_sarcastic
train-01295-orig,train-01295,original,0,commute to work this morning welcome back to nyc sucker thanks mta for a great monday morning,sarcastic
train-01295-interp1,train-01295,interpretation,1,commute to work this morning welcome back to nyc sucker thanks mta for a bad monday morning,not_sarcastic
train-01295-interp2,train-01295,interpretation,2,commute to work this morning welcome back to nyc sucker damn mta for a bad monday morning,not_sarcastic
train-01296-orig,train-01296,original,0,thank you for the short time you've made me feel loved,sarcastic
train-01296-interp1,train-01296,interpretation,1,thank you for the short time you've made me feel hated,not_sarcastic
train-01296-interp2,train-01296,interpretation,2,damn you for the short time you've made me feel hated,not_sarcastic
train-01297-orig,train-01297,original,0,thank you for being there when i needed you,sarcastic
train-01297-interp1,train-01297,interpretation,1,thank you for not being there when i needed you,not_sarcastic
train-01297-interp2,train-01297,interpretation,2,i'm bitter for being absent when i needed you,not_sarcastic
train-01298-orig,train-01298,original,0,thank you for giving me some of your time,sarcastic
train-01298-interp1,train-01298,interpretation,1,thank you for not giving me some of your time,not_sarcastic
train-01298-interp2,train-01298,interpretation,2,i'm sad for denying me most of your time,not_sarcastic
train-01299-orig,train-01299,original,0,fucking hate new college the teachers don't even show up for lessons they forced you to be at well fucking done number 1 college,sarcastic
train-01299-interp1,train-01299,interpretation,1,fucking hate new college the teachers don't even show up for lessons they forced you to be at well fucking done hate college,not_sarcastic
train-01299-interp2,train-01299,interpretation,2,fucking hate new college the teachers don't even show up for lessons they forced you to be at well fucking done the worst college,not_sarcastic
train-01300-orig,train-01300,original,0,ah bots as i return so fun,sarcastic
train-01300-interp1,train-01300,interpretation,1,ah bots as i return so boring,not_sarcastic
train-01300-interp2,train-01300,interpretation,2,ah bots as i return so irritating,not_sarcastic
train-01301-orig,train-01301,original,0,the commentary that reince priebus made on trump sounded very assuring of his support towards him regarding all these allegations,sarcastic
train-01301-interp1,train-01301,interpretation,1,the commentary that reince priebus made on trump did not sound very assuring of his support towards him regarding all these allegations,not_sarcastic
train-01301-interp2,train-01301,interpretation,2,the commentary that reince priebus made on trump sounded very uncertain of his support towards him regarding all these allegations,not_sarcastic
train-01302-orig,train-01302,original,0,off to a wonderful start this wonderful monday morning,sarcastic
train-01302-interp1,train-01302,interpretation,1,off to a bad start this bad monday morning,not_sarcastic
train-01302-interp2,train-01302,interpretation,2,off to a bad start this bummer monday morning,not_sarcastic
train-01303-orig,train-01303,original,0,didn't realize there was an echo at work,sarcastic
train-01303-interp1,train-01303,interpretation,1,i do realize there was an echo at work,not_sarcastic
train-01303-interp2,train-01303,interpretation,2,realized but ignore that there was an echo at work,not_sarcastic
train-01304-orig,train-01304,original,0,pretty soon it'll almost be too expensive for public transportation im just waiting on a 100 dollar monthly pass,sarcastic
train-01304-interp1,train-01304,interpretation,1,pretty soon it'll almost be too expensive for public transportation im just waiting on a an expensive monthly pass,not_sarcastic
train-01304-interp2,train-01304,interpretation,2,sadly soon it'll almost be too expensive for public transportation i wouldn't wish to be on a 100 dollar monthly pass,not_sarcastic
train-01305-orig,train-01305,original,0,i'm glad it's still winter,sarcastic
train-01305-interp1,train-01305,interpretation,1,i'm not happy it's still winter,not_sarcastic
train-01305-interp2,train-01305,interpretation,2,i'm unhappy it's still winter,not_sarcastic
train-01306-orig,train-01306,original,0,nothing like waking up on a monday and realizing there's no car so you gotta walk 40 minutes to school,sarcastic
train-01306-interp1,train-01306,interpretation,1,hate to wake up on a monday and realize there's no car so you gotta walk 40 minutes to school,not_sarcastic
train-01306-interp2,train-01306,interpretation,2,nothing irritating like waking up on a monday and realizing there's no car so you gotta walk 40 minutes to school,not_sarcastic
train-01307-orig,train-01307,original,0,at least the weather is nice,sarcastic
train-01307-interp1,train-01307,interpretation,1,i think the weather is very harsh,not_sarcastic
train-01307-interp2,train-01307,interpretation,2,the weather is dull,not_sarcastic
train-01308-orig,train-01308,original,0,also,sarcastic
train-01308-interp1,train-01308,interpretation,1,also,not_sarcastic
train-01308-interp2,train-01308,interpretation,2,enough,not_sarcastic
train-01309-orig,train-01309,original,0,i'm still alive,sarcastic
train-01309-interp1,train-01309,interpretation,1,do you think am dead,not_sarcastic
train-01309-interp2,train-01309,interpretation,2,i'm dead,not_sarcastic
train-01310-orig,train-01310,original,0,i love that super cute thing when you don't text me back for hours ? gah so adorable,sarcastic
train-01310-interp1,train-01310,interpretation,1,i hate that super cute thing when you don't text me back for hours ? gah so annoying,not_sarcastic
train-01310-interp2,train-01310,interpretation,2,i hate that ugly thing when you don't text me back for hours ? ugh so unpleasant,not_sarcastic
train-01311-orig,train-01311,original,0,i love the fact i can't go to sleep when i get off,sarcastic
train-01311-interp1,train-01311,interpretation,1,i hate the fact i can't go to sleep when i get off,not_sarcastic
train-01311-interp2,train-01311,interpretation,2,i hate the fact i can't go to sleep when i get off,not_sarcastic
train-01312-orig,train-01312,original,0,working on 2 1 2 hours of sleep at a job that i don't know how to do yeah this is going to go well,sarcastic
train-01312-interp1,train-01312,interpretation,1,working on 2 1 2 hours of sleep at a job that i don't know how to do oh no this is wont go well,not_sarcastic
train-01312-interp2,train-01312,interpretation,2,working on 2 1 2 hours of sleep at a job that i don't know how to do no this is going to be bad,not_sarcastic
train-01313-orig,train-01313,original,0,dont blame it on monday your whole life sucks,sarcastic
train-01313-interp1,train-01313,interpretation,1,dont blame it on monday your whole life sucks,not_sarcastic
train-01313-interp2,train-01313,interpretation,2,blame it on monday your whole life sucks,not_sarcastic
train-01314-orig,train-01314,original,0,i'm clearly aware of the fact that i don't have makeup on in my last post so keep your compliments to a minimum haha,sarcastic
train-01314-interp1,train-01314,interpretation,1,i'm clearly aware of the fact that i have makeup on in my last post so keep your compliments to a minimum haha,not_sarcastic
train-01314-interp2,train-01314,interpretation,2,i'm clearly aware of the fact that i don't have makeup on in my last post so keep your insults to a minimum,not_sarcastic
train-01315-orig,train-01315,original,0,i've had the feeling of throwing up all day and it's been great,sarcastic
train-01315-interp1,train-01315,interpretation,1,i've had the feeling of throwing up all day and it's been bad,not_sarcastic
train-01315-interp2,train-01315,interpretation,2,i've had the feeling of throwing up all day and it's been bad,not_sarcastic
train-01316-orig,train-01316,original,0,super excited to have even less privacy than we already had in our back garden now can't wait to sit inside all summer,sarcastic
train-01316-interp1,train-01316,interpretation,1,so angry to have even less privacy than we already had in our back garden now don't want to sit inside all summer,not_sarcastic
train-01316-interp2,train-01316,interpretation,2,very annoyed to have even less privacy than we already had in our back garden hate to sit inside all summer,not_sarcastic
train-01317-orig,train-01317,original,0,so you frequently use the dog filter in snapchat but offended when someone calls you dog or bitch could you be any smarter ?,sarcastic
train-01317-interp1,train-01317,interpretation,1,so you frequently use the dog filter in snapchat but offended when someone calls you dog or bitch could you be any smarter ?,not_sarcastic
train-01317-interp2,train-01317,interpretation,2,so you frequently use the dog filter in snapchat but offended when someone calls you dog or bitch could you be anystupid,not_sarcastic
train-01318-orig,train-01318,original,0,so ready to start that five am shift,sarcastic
train-01318-interp1,train-01318,interpretation,1,not ready to start that five am shift,not_sarcastic
train-01318-interp2,train-01318,interpretation,2,unprepared to start that five am not shift,not_sarcastic
train-01319-orig,train-01319,original,0,strangely jittery at 10 30 pm tomorrow will be pleasant,sarcastic
train-01319-interp1,train-01319,interpretation,1,strangely jittery at 10 30 pm tomorrow will be unpleasant,not_sarcastic
train-01319-interp2,train-01319,interpretation,2,strangely jittery at 10 30 pm tomorrow will be ugly,not_sarcastic
train-01320-orig,train-01320,original,0,i like how we only get to see three towns in elympios they even put the spirius corporation building under the towns section gt,sarcastic
train-01320-interp1,train-01320,interpretation,1,i dislike how we only get to see three towns in elympios they even put the spirius corporation building under the towns section gt,not_sarcastic
train-01320-interp2,train-01320,interpretation,2,i hate how we only get to see three towns in elympios they even put the spirius corporation building under the towns section,not_sarcastic
train-01321-orig,train-01321,original,0,the day has finally come when cap has to be censored welp time to make him a lewd acc,sarcastic
train-01321-interp1,train-01321,interpretation,1,the day has finally come when cap has to be censored welp time to make him a lewd acc,not_sarcastic
train-01321-interp2,train-01321,interpretation,2,the day has finally come when cap has to be censored time to prevent him from becoming a lewd acc,not_sarcastic
train-01322-orig,train-01322,original,0,hey nascar thanks for having the race on fs1 2 weeks in a row this canadian appreciates it,sarcastic
train-01322-interp1,train-01322,interpretation,1,hey nascar why having the race on fs1 2 weeks in a row this canadian don't appreciates it,not_sarcastic
train-01322-interp2,train-01322,interpretation,2,hey nascar it's a pity for having the race on fs1 2 weeks in a row this canadian disapproves it,not_sarcastic
train-01323-orig,train-01323,original,0,so full after eating my amazing tortillas from taco bell,sarcastic
train-01323-interp1,train-01323,interpretation,1,so full after eating my unamazing tortillas from taco bell,not_sarcastic
train-01323-interp2,train-01323,interpretation,2,so hungry after eating my amazing tortillas from taco bell,not_sarcastic
train-01324-orig,train-01324,original,0,ohhhh how much i love writing police reports,sarcastic
train-01324-interp1,train-01324,interpretation,1,ohhhh how much i hate writing police reports,not_sarcastic
train-01324-interp2,train-01324,interpretation,2,yuck how much i hate writing police reports,not_sarcastic
train-01325-orig,train-01325,original,0,i didn't know that social media ordained ministers,sarcastic
train-01325-interp1,train-01325,interpretation,1,i knew that social media ordained ministers,not_sarcastic
train-01325-interp2,train-01325,interpretation,2,i didn't know that social media dismissed ministers,not_sarcastic
train-01326-orig,train-01326,original,0,when people are still tweeting frank because they think he's voting for trump,sarcastic
train-01326-interp1,train-01326,interpretation,1,when people are no longer tweeting frank because they think he's voting for trump,not_sarcastic
train-01326-interp2,train-01326,interpretation,2,when people are still tweeting frank because they think he's voting against trump,not_sarcastic
train-01327-orig,train-01327,original,0,last week of school as a high school student ? bring it on,sarcastic
train-01327-interp1,train-01327,interpretation,1,last week of school as a high school student ? bring it on,not_sarcastic
train-01327-interp2,train-01327,interpretation,2,last week of school as a high school student ? oh i don't like it,not_sarcastic
train-01328-orig,train-01328,original,0,and it happened mid episode of brickleberry so thanks even more,sarcastic
train-01328-interp1,train-01328,interpretation,1,and it happened mid episode of brickleberry so annoying,not_sarcastic
train-01328-interp2,train-01328,interpretation,2,and it happened mid episode of brickleberry ugh damn it,not_sarcastic
train-01329-orig,train-01329,original,0,i hate it when people take screen shots of my dick pic on snapchat it's so fucking rude,sarcastic
train-01329-interp1,train-01329,interpretation,1,i love it when people take screen shots of my dick pic on snapchat it's so fucking fun,not_sarcastic
train-01329-interp2,train-01329,interpretation,2,i hate it when people take screen shots of my dick pic on snapchat it's so fucking rude,not_sarcastic
train-01330-orig,train-01330,original,0,oh cool apparently instagram started to not do in order posts i don't even know what it's following ugh,sarcastic
train-01330-interp1,train-01330,interpretation,1,oh not so cool apparently instagram started to not do in order posts i don't even know what it's following ugh,not_sarcastic
train-01330-interp2,train-01330,interpretation,2,oh bad apparently instagram started to not do in order posts i don't even know what it's following ugh,not_sarcastic
train-01331-orig,train-01331,original,0,throwing up is so much fun,sarcastic
train-01331-interp1,train-01331,interpretation,1,throwing up is so much annoying,not_sarcastic
train-01331-interp2,train-01331,interpretation,2,throwing up is so much boring,not_sarcastic
train-01332-orig,train-01332,original,0,poor grateful dead if they hadn't encouraged everyone to record and share their shows they might have been famous,sarcastic
train-01332-interp1,train-01332,interpretation,1,poor grateful dead if they hadn't encouraged everyone to record and share their shows they might have been unrecognized,not_sarcastic
train-01332-interp2,train-01332,interpretation,2,poor ungrateful dead if they had encouraged everyone to record and share their shows they might have been famous,not_sarcastic
train-01333-orig,train-01333,original,0,i loveee broken promises like just promise me the world lie 2 me amp get my hopes up then don't do a thing u said u would yasss,sarcastic
train-01333-interp1,train-01333,interpretation,1,i hate broken promises like just promise me the world lie 2 me amp get my hopes up then don't do a thing u said u would,not_sarcastic
train-01333-interp2,train-01333,interpretation,2,i hate broken promises like just promise me the world lie 2 me amp get my hopes up then don't do a thing u said u would,not_sarcastic
train-01334-orig,train-01334,original,0,summer class starts tomorrow i can't wait calculus 2 here i come,sarcastic
train-01334-interp1,train-01334,interpretation,1,summer class starts tomorrow oh no calculus 2 don't wanna start,not_sarcastic
train-01334-interp2,train-01334,interpretation,2,summer class starts tomorrow oh i fear wished i would avoid calculus 2,not_sarcastic
train-01335-orig,train-01335,original,0,saw civilwar oh man how totally uncool is making laws 4 superhero cops amirite ? some countries are so ungrateful to cptamerica,sarcastic
train-01335-interp1,train-01335,interpretation,1,saw civilwar oh man how totally cool is making laws 4 superhero cops amirite ? some countries are so grateful to cptamerica,not_sarcastic
train-01335-interp2,train-01335,interpretation,2,saw civilwar oh man how totally uncool is making laws 4 villains cops amirite ? some countries are so ungrateful to cptamerica,not_sarcastic
train-01336-orig,train-01336,original,0,can anyone else believe the movie theater is empty at 10 pm on a sunday ? ? i can't,sarcastic
train-01336-interp1,train-01336,interpretation,1,can anyone else believe the movie theater is not empty at 10 pm on a sunday ? ? i believe,not_sarcastic
train-01336-interp2,train-01336,interpretation,2,can anyone else believe the movie theater is full at 10 pm on a sunday ? ? i can't,not_sarcastic
train-01337-orig,train-01337,original,0,thanks for the txt today,sarcastic
train-01337-interp1,train-01337,interpretation,1,i don't like the txt you sent today,not_sarcastic
train-01337-interp2,train-01337,interpretation,2,damn you for the txt today,not_sarcastic
train-01338-orig,train-01338,original,0,glad syracuse came to play in tonight's ncaa championship 1 st rd game good thing this isn't an impt game,sarcastic
train-01338-interp1,train-01338,interpretation,1,not happy syracuse came to play in tonight's ncaa championship 1 st rd game good thing this isn't an impt game,not_sarcastic
train-01338-interp2,train-01338,interpretation,2,sad syracuse came to play in tonight's ncaa championship 1 st rd game bad thing this isn't an important game,not_sarcastic
train-01339-orig,train-01339,original,0,he pulled a neal rumple didn't see that coming,sarcastic
train-01339-interp1,train-01339,interpretation,1,he pulled a neal rumple saw it coming,not_sarcastic
train-01339-interp2,train-01339,interpretation,2,he pulled a neal rumple saw that coming,not_sarcastic
train-01340-orig,train-01340,original,0,you can always count on family,sarcastic
train-01340-interp1,train-01340,interpretation,1,don't always count on family,not_sarcastic
train-01340-interp2,train-01340,interpretation,2,never count on family,not_sarcastic
train-01341-orig,train-01341,original,0,it totally doesn't make me feel uncomfortable or upset or as if people don't take me seriously no definitely not the case,sarcastic
train-01341-interp1,train-01341,interpretation,1,it totally make me feel uncomfortable and upset when people don't take me seriously yes definitely,not_sarcastic
train-01341-interp2,train-01341,interpretation,2,it totally makes me feel uncomfortable or upset or as if people don't take me seriously yes that's the case,not_sarcastic
train-01342-orig,train-01342,original,0,so does everyone who slides hard to 2 nd base expect a punch to the face by odor odor won new fans for throwing a punch good job,sarcastic
train-01342-interp1,train-01342,interpretation,1,so does everyone who slides hard to 2 nd base expect a punch to the face by odor odor loss new fans for throwing a punch not too good,not_sarcastic
train-01342-interp2,train-01342,interpretation,2,so does everyone who slides hard to 2 nd base expect a punch to the face by odor odor lost more fans for throwing a punch bad job,not_sarcastic
train-01343-orig,train-01343,original,0,you know what baseball needs enforcers some guy gets wronged he storms out and fights them,sarcastic
train-01343-interp1,train-01343,interpretation,1,you know what baseball needs enforcers some guy disobeys and get penalized,not_sarcastic
train-01343-interp2,train-01343,interpretation,2,you know what baseball needs enforcers some guy gets wronged he storms out and fights them,not_sarcastic
train-01344-orig,train-01344,original,0,what a savage sport this baseball is even hockey does not allow bench clearing brawls,sarcastic
train-01344-interp1,train-01344,interpretation,1,what a savage sport this baseball is even hockey does not allow bench clearing brawls,not_sarcastic
train-01344-interp2,train-01344,interpretation,2,what a savage sport this baseball is even hockey does not allow bench clearing brawls,not_sarcastic
train-01345-orig,train-01345,original,0,we're in third place time to panic,sarcastic
train-01345-interp1,train-01345,interpretation,1,we're in third place time to relax,not_sarcastic
train-01345-interp2,train-01345,interpretation,2,we're in third place time to to stay focused,not_sarcastic
train-01346-orig,train-01346,original,0,we got swept time to panic,sarcastic
train-01346-interp1,train-01346,interpretation,1,we got swept no need to panic anymore,not_sarcastic
train-01346-interp2,train-01346,interpretation,2,we got swept time to be calm,not_sarcastic
train-01347-orig,train-01347,original,0,mets lose time to really panic,sarcastic
train-01347-interp1,train-01347,interpretation,1,mets lose time not to panic,not_sarcastic
train-01347-interp2,train-01347,interpretation,2,mets lose time to be calm,not_sarcastic
train-01348-orig,train-01348,original,0,say mayonaise isn't a gender again,sarcastic
train-01348-interp1,train-01348,interpretation,1,say mayonaise is a gender again,not_sarcastic
train-01348-interp2,train-01348,interpretation,2,mayonaise is a gender,not_sarcastic
train-01349-orig,train-01349,original,0,the good thing about the cavs is that they don't have any players that complain to the refs or play dirty,sarcastic
train-01349-interp1,train-01349,interpretation,1,the bad thing about the cavs is that they don't have any players that complain to the refs or play dirty,not_sarcastic
train-01349-interp2,train-01349,interpretation,2,the bad thing about the cavs is that they have many players that complain to the refs and play dirty,not_sarcastic
train-01350-orig,train-01350,original,0,it's what everybody been looking for lebron vs the raptors,sarcastic
train-01350-interp1,train-01350,interpretation,1,it's what everybody been tired of lebron vs the raptors,not_sarcastic
train-01350-interp2,train-01350,interpretation,2,it's what everybody won't want lebron vs the raptors,not_sarcastic
train-01351-orig,train-01351,original,0,the blue jays pitching on point again today,sarcastic
train-01351-interp1,train-01351,interpretation,1,the blue jays pitching on point again today,not_sarcastic
train-01351-interp2,train-01351,interpretation,2,the blue jays pitching off point again today,not_sarcastic
train-01352-orig,train-01352,original,0,luckily philly fans aren't the kind of fans that would compare votto faking them out on a ball toss with an evil dictator,sarcastic
train-01352-interp1,train-01352,interpretation,1,unfortunately philly fans are the kind of fans that would compare votto faking them out on a ball toss with an evil dictator,not_sarcastic
train-01352-interp2,train-01352,interpretation,2,unluckily philly fans aren't the kind of fans that would compare votto faking them out on a ball toss with an evil dictator,not_sarcastic
train-01353-orig,train-01353,original,0,just pulled a 5 mm x 3 mm bone fragment out of my still healing tooth socket after extraction 4 weeks ago fun,sarcastic
train-01353-interp1,train-01353,interpretation,1,just pulled a 5 mm x 3 mm bone fragment out of my still healing tooth socket after extraction 4 weeks ago painful,not_sarcastic
train-01353-interp2,train-01353,interpretation,2,just pulled a 5 mm x 3 mm bone fragment out of my still healing tooth socket after extraction 4 weeks ago painful,not_sarcastic
train-01354-orig,train-01354,original,0,so buzzing for that three hour exam tomorrow yay,sarcastic
train-01354-interp1,train-01354,interpretation,1,not so happy for that three hour exam tomorrow,not_sarcastic
train-01354-interp2,train-01354,interpretation,2,so buzzing for that three hour exam tomorrow ugh,not_sarcastic
train-01355-orig,train-01355,original,0,boy heyward killed that one,sarcastic
train-01355-interp1,train-01355,interpretation,1,boy heyward killed that one,not_sarcastic
train-01355-interp2,train-01355,interpretation,2,boy heyward failed that one,not_sarcastic
train-01356-orig,train-01356,original,0,love managing to the save,sarcastic
train-01356-interp1,train-01356,interpretation,1,hate managing to the save,not_sarcastic
train-01356-interp2,train-01356,interpretation,2,hate managing to the squander,not_sarcastic
train-01357-orig,train-01357,original,0,proud day for all united fans guaranteed place in europa league qualifiers amazing qualifying probably begins wednesday morning,sarcastic
train-01357-interp1,train-01357,interpretation,1,proud day for all united fans guaranteed place in europa league qualifiers amazing qualifying probably begins wednesday morning,not_sarcastic
train-01357-interp2,train-01357,interpretation,2,dark day for all united fans not guaranteed place in europa league qualifiers sad qualifying probably in a long time to come,not_sarcastic
train-01358-orig,train-01358,original,0,just saw a guy give a homeless dude a cigarette cause that's something he needs,sarcastic
train-01358-interp1,train-01358,interpretation,1,just saw a guy give a homeless dude a cigarette that's not what he needs,not_sarcastic
train-01358-interp2,train-01358,interpretation,2,just saw a guy give a homeless dude a cigarette yet that's something he should avoid,not_sarcastic
train-01359-orig,train-01359,original,0,ooo look it's the rarely seen beverley knight,sarcastic
train-01359-interp1,train-01359,interpretation,1,ooo look it's the popularly seen beverley knight,not_sarcastic
train-01359-interp2,train-01359,interpretation,2,ooo look it's the usually seen beverley knight,not_sarcastic
train-01360-orig,train-01360,original,0,time for another day of making sandwiches for the elderly whoo,sarcastic
train-01360-interp1,train-01360,interpretation,1,time for another day of making sandwiches for the elderly tired of this,not_sarcastic
train-01360-interp2,train-01360,interpretation,2,time for another day of making sandwiches for the elderly ugh,not_sarcastic
train-01361-orig,train-01361,original,0,what is afterlife ? a place where fear of hell isn t the basis of religion,sarcastic
train-01361-interp1,train-01361,interpretation,1,what is afterlife ? a place where hell isn t the basis of religion,not_sarcastic
train-01361-interp2,train-01361,interpretation,2,what is afterlife ? a place where fear of hell is the basis of religion,not_sarcastic
train-01362-orig,train-01362,original,0,nothing like spending half of your day doing homework,sarcastic
train-01362-interp1,train-01362,interpretation,1,nothing is as annoying as spending half of your day doing homework,not_sarcastic
train-01362-interp2,train-01362,interpretation,2,nothing bad like spending half of your day doing homework,not_sarcastic
train-01363-orig,train-01363,original,0,hey guys you know what girls really like ? completely unsolicited shirtless pics that really makes up for you being an asshole,sarcastic
train-01363-interp1,train-01363,interpretation,1,hey guys you know what girls really like ? completely unsolicited shirtless pics that wont makes up for you being an asshole,not_sarcastic
train-01363-interp2,train-01363,interpretation,2,hey guys you know what girls hate ? completely unsolicited shirtless pics that really makes up for you being an asshole,not_sarcastic
train-01364-orig,train-01364,original,0,ever bite the inside of your cheek and keep scraping the sore with your teeth ? i love that,sarcastic
train-01364-interp1,train-01364,interpretation,1,ever bite the inside of your cheek and keep scraping the sore with your teeth ? i hate that,not_sarcastic
train-01364-interp2,train-01364,interpretation,2,ever bite the inside of your cheek and keep scraping the sore with your teeth ? i hate that,not_sarcastic
train-01365-orig,train-01365,original,0,thank you finals i really appreciate the ease and peace you bring to my life,sarcastic
train-01365-interp1,train-01365,interpretation,1,thank you finals i do appreciate the discomfort and unrest you bring to my life,not_sarcastic
train-01365-interp2,train-01365,interpretation,2,shit finals i hate the difficulty and confusion you bring to my life,not_sarcastic
train-01366-orig,train-01366,original,0,almost mid way through 2016 and hoes are still getting engaged before anyone else thanks obama,sarcastic
train-01366-interp1,train-01366,interpretation,1,almost mid way through 2016 and hoes are getting engaged before anyone else not grateful obama,not_sarcastic
train-01366-interp2,train-01366,interpretation,2,almost mid way through 2016 and hoes are still getting engaged before anyone else damn obama,not_sarcastic
train-01367-orig,train-01367,original,0,i went to bed at 6 30 am and hate myself for that decision but yolo,sarcastic
train-01367-interp1,train-01367,interpretation,1,i went to bed at 6 30 am and hate myself for that decision but yolo,not_sarcastic
train-01367-interp2,train-01367,interpretation,2,i went to bed at 6 30 am and hate myself for that indecision,not_sarcastic
train-01368-orig,train-01368,original,0,i love this great autumn weather in may it's great love it so much,sarcastic
train-01368-interp1,train-01368,interpretation,1,i hate this bad autumn weather in may not too great hate it so much,not_sarcastic
train-01368-interp2,train-01368,interpretation,2,i hate this dull autumn weather in may it's dull hate it so much,not_sarcastic
train-01369-orig,train-01369,original,0,edwards ' pit stop noticeably slower when they hit 5 lug nuts a whole 2 slower,sarcastic
train-01369-interp1,train-01369,interpretation,1,edwards ' pit stop noticeably slower when they hit 5 lug nuts a whole 2 slower,not_sarcastic
train-01369-interp2,train-01369,interpretation,2,edwards ' pit stop noticeably faster when they hit 5 lug nuts a whole 2 faster,not_sarcastic
train-01370-orig,train-01370,original,0,thank god for portapotties who knows how we use to go bathroom in the woods before them,sarcastic
train-01370-interp1,train-01370,interpretation,1,thank god for portapotties who knows how we use to go bathroom in the woods before them,not_sarcastic
train-01370-interp2,train-01370,interpretation,2,it's a pity we've portapotties who knows maybe it was better how we use to go bathroom in the woods before them,not_sarcastic
train-01371-orig,train-01371,original,0,i wanna meet a person who regrets his life for not having forwarded that maa ki ashirwad to 24 of his friends,sarcastic
train-01371-interp1,train-01371,interpretation,1,i wanna meet a person who regrets his life for not having forwarded that maa ki ashirwad to 24 of his friends,not_sarcastic
train-01371-interp2,train-01371,interpretation,2,i wanna meet a person who regrets his life for having forwarded that maa ki ashirwad to 24 of his friends,not_sarcastic
train-01372-orig,train-01372,original,0,of course lol oh god im so smart xd,sarcastic
train-01372-interp1,train-01372,interpretation,1,oh god im so dull xd,not_sarcastic
train-01372-interp2,train-01372,interpretation,2,of course lol oh no i'm so stupid,not_sarcastic
train-01373-orig,train-01373,original,0,good to see norwich go down fighting and showing some pride like newcastle,sarcastic
train-01373-interp1,train-01373,interpretation,1,good to see norwich go down fighting and showing some pride like newcastle,not_sarcastic
train-01373-interp2,train-01373,interpretation,2,bad to see norwich go down fighting and showing some shyness like newcastle,not_sarcastic
train-01374-orig,train-01374,original,0,feeling like a million bucks,sarcastic
train-01374-interp1,train-01374,interpretation,1,feeling like a million bucks,not_sarcastic
train-01374-interp2,train-01374,interpretation,2,feeling like no bucks,not_sarcastic
train-01375-orig,train-01375,original,0,sky sports sissoko is looking a world beater never really,sarcastic
train-01375-interp1,train-01375,interpretation,1,sky sports sissoko is looking a world beater never really,not_sarcastic
train-01375-interp2,train-01375,interpretation,2,sky sports sissoko is looking a villain,not_sarcastic
train-01376-orig,train-01376,original,0,wtf is wrong with me ? waking up before 8 am on weekends ? i should see a witchdoctor,sarcastic
train-01376-interp1,train-01376,interpretation,1,wtf is wrong with me ? waking up before 8 am on weekends ? i need something done,not_sarcastic
train-01376-interp2,train-01376,interpretation,2,wtf is wrong with me ? waking up after 8 am on weekends ? i should see a witchdoctor,not_sarcastic
train-01377-orig,train-01377,original,0,absolutely love being ignored,sarcastic
train-01377-interp1,train-01377,interpretation,1,absolutely hate being ignored,not_sarcastic
train-01377-interp2,train-01377,interpretation,2,absolutely hurting being ignored,not_sarcastic
train-01378-orig,train-01378,original,0,two nil looking good to avoid the drop what do we need to be safe ?,sarcastic
train-01378-interp1,train-01378,interpretation,1,two nil too risky to have a drop what do we need to be safe ?,not_sarcastic
train-01378-interp2,train-01378,interpretation,2,two nil looking bad to be face the drop what do we need to be safe ?,not_sarcastic
train-01379-orig,train-01379,original,0,she baby punish me tonight he deletes all her selfies from her phone,sarcastic
train-01379-interp1,train-01379,interpretation,1,she baby punish me tonight he deletes all her selfies from her phone,not_sarcastic
train-01379-interp2,train-01379,interpretation,2,she baby punish me tonight he deletes all her selfies from her phone,not_sarcastic
train-01380-orig,train-01380,original,0,everything is okay and totally not falling to complete shit right now its so wonderful,sarcastic
train-01380-interp1,train-01380,interpretation,1,everything is not okay and totally not falling to complete shit right now its so awkward,not_sarcastic
train-01380-interp2,train-01380,interpretation,2,everything is awful and totally not falling to complete shit right now its so awful,not_sarcastic
train-01381-orig,train-01381,original,0,uh well laughing it s going really good so far don t you think snorts swell,sarcastic
train-01381-interp1,train-01381,interpretation,1,uh well angry it s going really bad so far don t you think snorts,not_sarcastic
train-01381-interp2,train-01381,interpretation,2,ugh nooo groaning it's going bad so far don't you think snorts swell,not_sarcastic
train-01382-orig,train-01382,original,0,not just the girl even the email address i like is taken,sarcastic
train-01382-interp1,train-01382,interpretation,1,not just the girl every other thing i like is taken,not_sarcastic
train-01382-interp2,train-01382,interpretation,2,not just the girl even the email address i hate is taken,not_sarcastic
train-01383-orig,train-01383,original,0,solid setup by lucas there,sarcastic
train-01383-interp1,train-01383,interpretation,1,weak setup by lucas there,not_sarcastic
train-01383-interp2,train-01383,interpretation,2,shaky setup by lucas there,not_sarcastic
train-01384-orig,train-01384,original,0,i looove getting 3 hours of sleep because two jobs,sarcastic
train-01384-interp1,train-01384,interpretation,1,i hate getting 3 hours of sleep because two jobs,not_sarcastic
train-01384-interp2,train-01384,interpretation,2,i hate getting 3 hours of sleep because two jobs,not_sarcastic
train-01385-orig,train-01385,original,0,it's sunday and the cruz review is charming as always,sarcastic
train-01385-interp1,train-01385,interpretation,1,it's sunday and the cruz review is boring as always,not_sarcastic
train-01385-interp2,train-01385,interpretation,2,it's sunday and the cruz review is unpleasant as always,not_sarcastic
train-01386-orig,train-01386,original,0,i can't wait for the arthritis in my knee to develop a little more so i can start walking like a penguin,sarcastic
train-01386-interp1,train-01386,interpretation,1,i can't wait for the arthritis in my knee to develop a little more so i can start walking quite well,not_sarcastic
train-01386-interp2,train-01386,interpretation,2,i won't wait any more for the arthritis in my knee to develop more i don't want to start walking like a penguin,not_sarcastic
train-01387-orig,train-01387,original,0,i like how when i really need it none of you are there for me this makes me feel great about my 3 year coming up,sarcastic
train-01387-interp1,train-01387,interpretation,1,i hate how when i really need it none of you are there for me this makes me feel bad about my 3 year coming up,not_sarcastic
train-01387-interp2,train-01387,interpretation,2,i hate how when i really need it none of you are there for me this makes me feel sad about my 3 year coming up,not_sarcastic
train-01388-orig,train-01388,original,0,as usual the soetta is very professional and well managed,sarcastic
train-01388-interp1,train-01388,interpretation,1,as usual the soetta is very unprofessional and not properly managed,not_sarcastic
train-01388-interp2,train-01388,interpretation,2,as usual the soetta is very amateurist and very disorganized,not_sarcastic
train-01389-orig,train-01389,original,0,fun day ahead,sarcastic
train-01389-interp1,train-01389,interpretation,1,boring day ahead,not_sarcastic
train-01389-interp2,train-01389,interpretation,2,dull day ahead,not_sarcastic
train-01390-orig,train-01390,original,0,hey thanks to all my new followers in the last 3 minutes 14 and all of them seem to sell muscle enhancement products bonus,sarcastic
train-01390-interp1,train-01390,interpretation,1,i hate all my new followers in the last 3 minutes 14 because all of them seem to sell muscle enhancement products bonus,not_sarcastic
train-01390-interp2,train-01390,interpretation,2,damn all my new followers in the last 3 minutes 14 and all of them seem to sell muscle enhancement products useless,not_sarcastic
train-01391-orig,train-01391,original,0,i had a choice ? damn right i do because everything that has happened in my life from the moment i got here was my decision,sarcastic
train-01391-interp1,train-01391,interpretation,1,i had no choice ? damn it i dont because everything that has happened in my life from the moment i got here were never my decision,not_sarcastic
train-01391-interp2,train-01391,interpretation,2,i didn't have a choice damn right i do because everything that has happened in my life from the moment i got here wasn't my decision,not_sarcastic
train-01392-orig,train-01392,original,0,being modest is not about being scared when the modest ones speak they are taken to be the villains wao isn't this a ?,sarcastic
train-01392-interp1,train-01392,interpretation,1,being modest is not about being scared when the modest ones speak they are taken to be the villains wao isn't this awkward ?,not_sarcastic
train-01392-interp2,train-01392,interpretation,2,being immodest is about being scared when the immodest ones speak they are taken to be the villains,not_sarcastic
train-01393-orig,train-01393,original,0,no sex before marriage ? ? ? if that was god's plan you would receive your penis or vagina on your wedding day,sarcastic
train-01393-interp1,train-01393,interpretation,1,no sex before marriage ? ? ? if that was god's plan you would receive your penis or vagina on your wedding day,not_sarcastic
train-01393-interp2,train-01393,interpretation,2,no sex before marriage ? ? ? that's nonsense and not god's plan it is simply impossible,not_sarcastic
train-01394-orig,train-01394,original,0,umpires not influenced by crowd at all,sarcastic
train-01394-interp1,train-01394,interpretation,1,umpires is influenced by crowd,not_sarcastic
train-01394-interp2,train-01394,interpretation,2,umpires heavily influenced by crowd,not_sarcastic
train-01395-orig,train-01395,original,0,my luck is so fucking awesome flat tire pissed off bf hungry af what else can go wrong ?,sarcastic
train-01395-interp1,train-01395,interpretation,1,my luck is so fucking bad flat tire pissed off bf hungry af what else can go wrong ?,not_sarcastic
train-01395-interp2,train-01395,interpretation,2,my luck is so fucking awful flat tire pissed off bf hungry af don't want anything to go wrong any more ?,not_sarcastic
train-01396-orig,train-01396,original,0,let me just say it is so comfortable to sleep upright with an arm sling on so comfortable,sarcastic
train-01396-interp1,train-01396,interpretation,1,let me just say it is so uncomfortable to sleep upright with an arm sling on so uncomfortable,not_sarcastic
train-01396-interp2,train-01396,interpretation,2,it is so excruciating to sleep upright with an arm sling on so excruciating,not_sarcastic
train-01397-orig,train-01397,original,0,thank u complex insta account for spoiling all of the best parts of drakes snl performance tn,sarcastic
train-01397-interp1,train-01397,interpretation,1,fuck u complex insta account for spoiling all of the best parts of drakes snl performance tn,not_sarcastic
train-01397-interp2,train-01397,interpretation,2,i wouldn't wish to go to the fez in acouple hours,not_sarcastic
train-01398-orig,train-01398,original,0,i love getting phone calls after work to come dd,sarcastic
train-01398-interp1,train-01398,interpretation,1,i hate getting phone calls after work to come dd,not_sarcastic
train-01398-interp2,train-01398,interpretation,2,i hate getting phone calls after work to come dd,not_sarcastic
train-01399-orig,train-01399,original,0,love how fighters show immediate concern for their downed opponents instead of acting like fools,sarcastic
train-01399-interp1,train-01399,interpretation,1,love how fighters don't show immediate concern for their downed opponents instead of acting like fools,not_sarcastic
train-01399-interp2,train-01399,interpretation,2,hate how fighters don't show immediate concern for their downed opponents instead of acting like fools,not_sarcastic
train-01400-orig,train-01400,original,0,morning of regrets,sarcastic
train-01400-interp1,train-01400,interpretation,1,morning of gratefulness,not_sarcastic
train-01400-interp2,train-01400,interpretation,2,morning of regrets,not_sarcastic
train-01401-orig,train-01401,original,0,you know what the loveliest sound is in silence ? hearing parents farting from upstairs i feel kinda immature for laughing,sarcastic
train-01401-interp1,train-01401,interpretation,1,you know what the annoying sound is in silence ? hearing parents farting from upstairs i feel kinda immature for laughing,not_sarcastic
train-01401-interp2,train-01401,interpretation,2,you know what the worst sound is in silence ? hearing parents farting from upstairs i feel kinda mature to cry,not_sarcastic
train-01402-orig,train-01402,original,0,don't send me a pic don't text me when you have my and don't tell me your real age that is the way to win my heart,sarcastic
train-01402-interp1,train-01402,interpretation,1,send me a pic text me when you have my and tell me your real age that is the way to win my heart,not_sarcastic
train-01402-interp2,train-01402,interpretation,2,don't send me a pic don't text me when you have my and don't tell me your real age that is the way to lose my trust on you,not_sarcastic
train-01403-orig,train-01403,original,0,i just love this bull pen shapiro brought in to help the team i guess price wasn't worth all that since boston is killing it,sarcastic
train-01403-interp1,train-01403,interpretation,1,i just hate this bull pen shapiro brought in to help the team i guess price wasn't worth all that since boston is killing it,not_sarcastic
train-01403-interp2,train-01403,interpretation,2,i just hate this bull pen shapiro brought in to help the team i guess price wasn't worth all that since boston is killing it,not_sarcastic
train-01404-orig,train-01404,original,0,i'm glad god is a god of blessings and not accountability shew we'd be in trouble then,sarcastic
train-01404-interp1,train-01404,interpretation,1,i'm glad god is a god of blessings and accountability shew we will all account for all our deeds,not_sarcastic
train-01404-interp2,train-01404,interpretation,2,i'm sad god is a god of blessings and not accountability shew we'd be in trouble then,not_sarcastic
train-01405-orig,train-01405,original,0,highbrow intellectual comedy coming to you tonight from this classy twitter page D,sarcastic
train-01405-interp1,train-01405,interpretation,1,highbrow intellectual comedy coming to you tonight from this classy twitter page D,not_sarcastic
train-01405-interp2,train-01405,interpretation,2,highbrow foolish comedy coming to you tonight from this classy twitter page,not_sarcastic
train-01406-orig,train-01406,original,0,i love going all day without any texts,sarcastic
train-01406-interp1,train-01406,interpretation,1,i hate going all day without any texts,not_sarcastic
train-01406-interp2,train-01406,interpretation,2,i hate going all day without any texts,not_sarcastic
train-01407-orig,train-01407,original,0,i love reverting to apple s stock apps when the good thirdparty apps get bought out i m looking at you timeful and sunrise,sarcastic
train-01407-interp1,train-01407,interpretation,1,i hate reverting to apple s stock apps when the good thirdparty apps get bought out i m looking at you timeful and sunrise,not_sarcastic
train-01407-interp2,train-01407,interpretation,2,i hate reverting to apple stock apps when the good thirdparty apps get bought out i'm looking at you timeful and sunrise,not_sarcastic
train-01408-orig,train-01408,original,0,at least australia is getting some good pub tonight warwick for cy young,sarcastic
train-01408-interp1,train-01408,interpretation,1,at least australia is getting some good pub tonight warwick for cy young,not_sarcastic
train-01408-interp2,train-01408,interpretation,2,australia is getting bad pub tonight warwick for cy young,not_sarcastic
train-01409-orig,train-01409,original,0,saturday night watching pitch perfect 2 someone needs to calm this party down haha,sarcastic
train-01409-interp1,train-01409,interpretation,1,saturday night watching pitch perfect 2 someone needs to blow this party up haha,not_sarcastic
train-01409-interp2,train-01409,interpretation,2,saturday night watching pitch perfect 2 this party is too chaotic,not_sarcastic
train-01410-orig,train-01410,original,0,ready for my first blind date courtesy of the ' rents,sarcastic
train-01410-interp1,train-01410,interpretation,1,ready for my first blind date courtesy of the ' rents,not_sarcastic
train-01410-interp2,train-01410,interpretation,2,unprepared fo my first blind date courtesy of the ' rents,not_sarcastic
train-01411-orig,train-01411,original,0,my favorite part of may isn't about finishing hs no my favorite part is turning on the heat,sarcastic
train-01411-interp1,train-01411,interpretation,1,my favorite part of may is about finishing hs my favorite part is not turning on the heat,not_sarcastic
train-01411-interp2,train-01411,interpretation,2,my favorite part of may isn't about finishing hs no my hated part is turning on the heat,not_sarcastic
train-01412-orig,train-01412,original,0,these thunderstorms are crazy,sarcastic
train-01412-interp1,train-01412,interpretation,1,these thunderstorms are strong,not_sarcastic
train-01412-interp2,train-01412,interpretation,2,these thunderstorms are crazy,not_sarcastic
train-01413-orig,train-01413,original,0,how to treat peach leaf curl disease buy a resistant variety well gee how helpful you are thank you multiple websites,sarcastic
train-01413-interp1,train-01413,interpretation,1,how to treat peach leaf curl disease buy a resistant variety well gee how unhelpful you are thank you multiple websites,not_sarcastic
train-01413-interp2,train-01413,interpretation,2,how to treat peach leaf curl disease buy a resistant variety yuck how useless you are damn multiple websites,not_sarcastic
train-01414-orig,train-01414,original,0,i love when my joints randomly click pop during simple movements,sarcastic
train-01414-interp1,train-01414,interpretation,1,i hate when my joints randomly click pop during simple movements,not_sarcastic
train-01414-interp2,train-01414,interpretation,2,i hate when my joints randomly click pop during simple movements,not_sarcastic
train-01415-orig,train-01415,original,0,rainy day today how fucking fabulous i'll just get my umbrella and dance in the rain like if i were in a movie oh how wonderful,sarcastic
train-01415-interp1,train-01415,interpretation,1,rainy day today how fucking annoying i'll just get my umbrella and dance in the rain like if i were in a movie oh how annoying,not_sarcastic
train-01415-interp2,train-01415,interpretation,2,rainy day today how fucking ugly i'll just get my umbrella and dance in the rain like if i were in a movie oh how bad,not_sarcastic
train-01416-orig,train-01416,original,0,nice to see we've got a fair ref for a change,sarcastic
train-01416-interp1,train-01416,interpretation,1,nice to see we've got a worst ref for a change,not_sarcastic
train-01416-interp2,train-01416,interpretation,2,bad to see we've got a bised ref for a change,not_sarcastic
train-01417-orig,train-01417,original,0,that thunderstorm was crazy,sarcastic
train-01417-interp1,train-01417,interpretation,1,that thunderstorm was crazy,not_sarcastic
train-01417-interp2,train-01417,interpretation,2,that thunderstorm was horrible,not_sarcastic
train-01418-orig,train-01418,original,0,i really like this faux efficiency singapore has,sarcastic
train-01418-interp1,train-01418,interpretation,1,i really like this faux efficiency singapore has,not_sarcastic
train-01418-interp2,train-01418,interpretation,2,i hate this faux efficiency singapore has,not_sarcastic
train-01419-orig,train-01419,original,0,what kinda restaurant doesn't have a selection of local beers ? wow olive garden a for effort,sarcastic
train-01419-interp1,train-01419,interpretation,1,what kinda restaurant doesn't have a selection of local beers ? wow olive garden a for effort,not_sarcastic
train-01419-interp2,train-01419,interpretation,2,what a poor restaurant it doesn't have a selection of local beers ? yuck olive garden poor effort,not_sarcastic
train-01420-orig,train-01420,original,0,yet we're more or less are to our credit putting all that aside,sarcastic
train-01420-interp1,train-01420,interpretation,1,yet we're more or less are to our credit putting all that aside,not_sarcastic
train-01420-interp2,train-01420,interpretation,2,yet we're more or less are to our disapproval putting all that aside,not_sarcastic
train-01421-orig,train-01421,original,0,had a banner day left early to go grocery shopping got a flat tire coming home had to get tire replaced with groceries in car,sarcastic
train-01421-interp1,train-01421,interpretation,1,had a complicated day left early to go grocery shopping got a flat tire coming home had to get tire replaced with groceries in car,not_sarcastic
train-01421-interp2,train-01421,interpretation,2,had a bad day left early to go grocery shopping got a flat tire coming home had to get tire replaced with groceries in car,not_sarcastic
train-01422-orig,train-01422,original,0,on the other hand so excited to blindly bet the bucks tomorrow amp shots,sarcastic
train-01422-interp1,train-01422,interpretation,1,on the other hand so sad to blindly bet the bucks tomorrow amp shots,not_sarcastic
train-01422-interp2,train-01422,interpretation,2,on the other hand so angry to blindly bet the bucks tomorrow,not_sarcastic
train-01423-orig,train-01423,original,0,ok imagine me saying hashtag sarcasm at the end of all my tweets not sometimes pretty much all the time,sarcastic
train-01423-interp1,train-01423,interpretation,1,ok imagine me saying hashtag sarcasm at the end of all my tweets not sometimes pretty much all the time,not_sarcastic
train-01423-interp2,train-01423,interpretation,2,ok imagine me saying hashtag sarcasm at the end of all my tweets all the time,not_sarcastic
train-01424-orig,train-01424,original,0,oh scale change didnt see that coming at all,sarcastic
train-01424-interp1,train-01424,interpretation,1,yay scale change saw it coming,not_sarcastic
train-01424-interp2,train-01424,interpretation,2,oh scale change i absolutely saw that coming,not_sarcastic
train-01425-orig,train-01425,original,0,i so love when people spout out about things they have no idea about,sarcastic
train-01425-interp1,train-01425,interpretation,1,i so hate when people spout out about things they have no idea about,not_sarcastic
train-01425-interp2,train-01425,interpretation,2,i hate when people spout out about things they have no idea about,not_sarcastic
train-01426-orig,train-01426,original,0,i love when people don't stop talking to the cashier when people are trying to close up shop,sarcastic
train-01426-interp1,train-01426,interpretation,1,i hate when people don't stop talking to the cashier when people are trying to close up shop,not_sarcastic
train-01426-interp2,train-01426,interpretation,2,i hate when people don't stop talking to the cashier when people are trying to close up shop,not_sarcastic
train-01427-orig,train-01427,original,0,do not disturb eurovision,sarcastic
train-01427-interp1,train-01427,interpretation,1,do not disturb eurovision,not_sarcastic
train-01427-interp2,train-01427,interpretation,2,disturb eurovision,not_sarcastic
train-01428-orig,train-01428,original,0,best senior trip ever sarcasm,sarcastic
train-01428-interp1,train-01428,interpretation,1,worst senior trip ever,not_sarcastic
train-01428-interp2,train-01428,interpretation,2,worst senior trip ever,not_sarcastic
train-01429-orig,train-01429,original,0,if something happens to you and you don't tweet about it then i don't know what the hell is wrong with you,sarcastic
train-01429-interp1,train-01429,interpretation,1,if something happens to you and you tweet about it then i don't know what the hell is wrong with you,not_sarcastic
train-01429-interp2,train-01429,interpretation,2,if something happens to you and you don't tweet about it then i don't know what the hell is wrong with you,not_sarcastic
train-01430-orig,train-01430,original,0,but i'll be keeping half an eye on my twitter feed for the internet's updates,sarcastic
train-01430-interp1,train-01430,interpretation,1,i have other things to do than keeping half an eye on my twitter feed for the internet's updates,not_sarcastic
train-01430-interp2,train-01430,interpretation,2,i won't be keeping an eye on my twitter feed for the internet's updates,not_sarcastic
train-01431-orig,train-01431,original,0,we're in canada you know good thing cpa ontario hires professional people,sarcastic
train-01431-interp1,train-01431,interpretation,1,we're in canada you know bad thing cpa ontario hires nonprofessional people,not_sarcastic
train-01431-interp2,train-01431,interpretation,2,we're in canada you know bad thing cpa ontario hires nonprofessional people,not_sarcastic
train-01432-orig,train-01432,original,0,i just love how people do the total opposite of what my pinned tweet says,sarcastic
train-01432-interp1,train-01432,interpretation,1,i just hate how people do the total opposite of what my pinned tweet says,not_sarcastic
train-01432-interp2,train-01432,interpretation,2,i hate how people do the total opposite of what my pinned tweet says,not_sarcastic
train-01433-orig,train-01433,original,0,what a cute lil haircut the pitcher for the sox has,sarcastic
train-01433-interp1,train-01433,interpretation,1,what a ugly lil haircut the pitcher for the sox has,not_sarcastic
train-01433-interp2,train-01433,interpretation,2,what an ugly lil haircut the pitcher for the sox has,not_sarcastic
train-01434-orig,train-01434,original,0,apparently it's snowing back home right now definitely something to look forward to when i move back tomorrow,sarcastic
train-01434-interp1,train-01434,interpretation,1,apparently it's snowing back home right now definitely not something to look forward to when i move back tomorrow,not_sarcastic
train-01434-interp2,train-01434,interpretation,2,apparently it's snowing back home right now definitely something to avoid when i move back tomorrow,not_sarcastic
train-01435-orig,train-01435,original,0,the amount of idiocy in my mentions is incredible had no idea some murderers represented an entire religion,sarcastic
train-01435-interp1,train-01435,interpretation,1,the amount of idiocy in my mentions is incredible had the idea some murderers represented an entire religion,not_sarcastic
train-01435-interp2,train-01435,interpretation,2,the amount of idiocy in my mentions is incredible had no idea some murderers pretend to be good,not_sarcastic
train-01436-orig,train-01436,original,0,my 21 st wedding anniversary is less than 2 weeks away this morning i find out my has been cheating on me what a day,sarcastic
train-01436-interp1,train-01436,interpretation,1,my 21 st wedding anniversary is less than 2 weeks away this morning i find out my has been cheating on me what a bad day,not_sarcastic
train-01436-interp2,train-01436,interpretation,2,my 21 st wedding anniversary is less than 2 weeks away this morning i find out my wife has been cheating on me what an ugly day,not_sarcastic
train-01437-orig,train-01437,original,0,nothing sexier than an nra shirt,sarcastic
train-01437-interp1,train-01437,interpretation,1,nothing sexier than an nra shirt,not_sarcastic
train-01437-interp2,train-01437,interpretation,2,nothing unsey like an nra shirt,not_sarcastic
train-01438-orig,train-01438,original,0,can't wait to go to the fez in acouple hours,sarcastic
train-01438-interp1,train-01438,interpretation,1,don't want to go to the fez in couple of hours,not_sarcastic
train-01438-interp2,train-01438,interpretation,2,wish i won't go to the fez in acouple hours,not_sarcastic
train-01439-orig,train-01439,original,0,you have to move forward even a robot can go haywire if you forces it to move to your direction all the time lol,sarcastic
train-01439-interp1,train-01439,interpretation,1,you have to move forward anybody can do better if put in ur position,not_sarcastic
train-01439-interp2,train-01439,interpretation,2,you have to move haywire even a robot can go haywire if you force it to move to your direction all the time,not_sarcastic
train-01440-orig,train-01440,original,0,people who let their children come eat unsupervised i really appreciate you,sarcastic
train-01440-interp1,train-01440,interpretation,1,people who let their children come eat unsupervised i don't really appreciate you,not_sarcastic
train-01440-interp2,train-01440,interpretation,2,people who let their children come eat unsupervised i hate you,not_sarcastic
train-01441-orig,train-01441,original,0,oh u hate ur job ? omg y didn't u say so there's a support group for that it's called ' everybody ' and they meet at the bar,sarcastic
train-01441-interp1,train-01441,interpretation,1,oh u hate ur job ? omg y didn't u say so there is a spot for jobless folks at the bar for u guess you will prefer that,not_sarcastic
train-01441-interp2,train-01441,interpretation,2,oh u hate ur job ? omg y didn't u say so there's a helpful group against that it's called ' everybody ' and they meet at the bar,not_sarcastic
train-01442-orig,train-01442,original,0,so glad we cleaned up the lake house easter weekend and we're not doing it right now,sarcastic
train-01442-interp1,train-01442,interpretation,1,so annoying we didn't cleaned up the lake house easter weekend and we're not doing it right now,not_sarcastic
train-01442-interp2,train-01442,interpretation,2,so unhappy we didn't clean up the lake house easter weekend and we're doing it right now,not_sarcastic
train-01443-orig,train-01443,original,0,i used to listen all the punjabi raps not because i like them but to improve my branding knowledge,sarcastic
train-01443-interp1,train-01443,interpretation,1,i used to listen all the punjabi raps not because i like them but to improve my branding knowledge,not_sarcastic
train-01443-interp2,train-01443,interpretation,2,i used to listen all the punjabi raps i hate them since they don't improve my branding knowledge,not_sarcastic
train-01444-orig,train-01444,original,0,ok so restarting my ps4 makes the doom patch start again from scratch rather than at the 1 gb it was at good job there,sarcastic
train-01444-interp1,train-01444,interpretation,1,ok so restarting my ps4 makes the doom patch start again from scratch rather than at the 1 gb it was at bad job there,not_sarcastic
train-01444-interp2,train-01444,interpretation,2,ok so restarting my ps4 makes the doom patch start again from scratch rather than at the 1 gb it was at bad job there,not_sarcastic
train-01445-orig,train-01445,original,0,skype is a quality program,sarcastic
train-01445-interp1,train-01445,interpretation,1,skype is not a quality program,not_sarcastic
train-01445-interp2,train-01445,interpretation,2,skype is a substandard program,not_sarcastic
train-01446-orig,train-01446,original,0,i love this great autumn weather in may it's great lov it so much,sarcastic
train-01446-interp1,train-01446,interpretation,1,a selfobsessed human perfectly knows how to fool oneself D,not_sarcastic
train-01446-interp2,train-01446,interpretation,2,a selfobsessed human doesn't understand how he's fooling oneself,not_sarcastic
train-01447-orig,train-01447,original,0,woo hoo world astronomy day someone tell me my fortune,sarcastic
train-01447-interp1,train-01447,interpretation,1,woo hoo world astronomy day someone tell me my fortune,not_sarcastic
train-01447-interp2,train-01447,interpretation,2,woo hoo world astronomy day someone tell me my misfortune,not_sarcastic
train-01448-orig,train-01448,original,0,yes facebook i'd love to see posts from a year ago today,sarcastic
train-01448-interp1,train-01448,interpretation,1,yes facebook i'd hate to see posts from a year ago today,not_sarcastic
train-01448-interp2,train-01448,interpretation,2,yes facebook i'd hate to see posts from a year ago today,not_sarcastic
train-01449-orig,train-01449,original,0,carrasco followed me then unfollowed me so fuck carlos he's a broke leg bitch anyways a real man would of been back by now,sarcastic
train-01449-interp1,train-01449,interpretation,1,carrasco followed me then unfollowed me so fuck carlos he's a broke leg bitch anyways just painful he left,not_sarcastic
train-01449-interp2,train-01449,interpretation,2,carrasco followed me then unfollowed me so fuck carlos he's a broke leg bitch anyways yuck he is not even back,not_sarcastic
train-01450-orig,train-01450,original,0,nice to see the russian washington capitals players scoring for russia,sarcastic
train-01450-interp1,train-01450,interpretation,1,not happy to see the russian washington capitals players scoring for russia,not_sarcastic
train-01450-interp2,train-01450,interpretation,2,bad to see the russian washington capitals players scoring for russia,not_sarcastic
train-01451-orig,train-01451,original,0,me dad evrybdy around uses an iphonedad results r out son ? me but i just love samsung dad its such a wonderful phone,sarcastic
train-01451-interp1,train-01451,interpretation,1,me dad evrybdy around uses an iphonedad results r out son ? me but i just love samsung dad its such a wonderful phone,not_sarcastic
train-01451-interp2,train-01451,interpretation,2,me dad evrybdy around uses an iphone dad results r out son ? me but i hate samsung dad its such a ugly phone,not_sarcastic
train-01452-orig,train-01452,original,0,dad to daughter what kind of boys do you likedaughter i like pink color boys,sarcastic
train-01452-interp1,train-01452,interpretation,1,dad to daughter what kind of boys do you likedaughter i don't like boys,not_sarcastic
train-01452-interp2,train-01452,interpretation,2,dad to daughter what kind of boys do you like daughter i hate pink color boys,not_sarcastic
train-01453-orig,train-01453,original,0,so aled jones was in the cathedral in my home time last night and i missed him whaaat,sarcastic
train-01453-interp1,train-01453,interpretation,1,so aled jones was in the cathedral in my home time last night but i don't missed him,not_sarcastic
train-01453-interp2,train-01453,interpretation,2,so aled jones wasn't in the cathedral in my home time last night i didn't see him,not_sarcastic
train-01454-orig,train-01454,original,0,who held a party is hyunkyoung and she shk stylist well maybe hk very close with sjk so she could invite him to come to her party,sarcastic
train-01454-interp1,train-01454,interpretation,1,who held a party is hyunkyoung and she shk stylist well maybe hk very close with sjk so she could invite him to come to her party,not_sarcastic
train-01454-interp2,train-01454,interpretation,2,who held a party is hyunkyoung and she shk stylist no hk very far apart with sjk so she couldn't invite him to come to her party,not_sarcastic
train-01455-orig,train-01455,original,0,thanks louis,sarcastic
train-01455-interp1,train-01455,interpretation,1,fuck louis,not_sarcastic
train-01455-interp2,train-01455,interpretation,2,damn louis,not_sarcastic
train-01456-orig,train-01456,original,0,beautiful day for the grand prix,sarcastic
train-01456-interp1,train-01456,interpretation,1,awful day for the grand prix,not_sarcastic
train-01456-interp2,train-01456,interpretation,2,ugly day for the grand prix,not_sarcastic
train-01457-orig,train-01457,original,0,here people are finding soulmates amp i can't even find a good torrent for barbershop the next cut,sarcastic
train-01457-interp1,train-01457,interpretation,1,here people are finding soulmates amp i can't even find a good torrent for barbershop the next cut,not_sarcastic
train-01457-interp2,train-01457,interpretation,2,here people are finding soulmates amp i only can find a bad torrent for barbershop,not_sarcastic
train-01458-orig,train-01458,original,0,nothing like a 30 track practice to loosen up those muscles and get some big pr's today,sarcastic
train-01458-interp1,train-01458,interpretation,1,nothing like a 30 track practice to loosen up those muscles and get some big pr's today,not_sarcastic
train-01458-interp2,train-01458,interpretation,2,nothing bad like a 30 track practice to loosen up those muscles and get some bad pr's today,not_sarcastic
train-01459-orig,train-01459,original,0,here people are finding soulmates and i can't even find a proper torrent for captain america civil war,sarcastic
train-01459-interp1,train-01459,interpretation,1,here people are finding soulmates and i can't even find a proper torrent for captain america civil war,not_sarcastic
train-01459-interp2,train-01459,interpretation,2,here people are finding soulmates and i'm only finding a horrible torrent for captain america civil war,not_sarcastic
train-01460-orig,train-01460,original,0,a piece of advice add colors to your life not to yourtelevision subscription pack,sarcastic
train-01460-interp1,train-01460,interpretation,1,a piece of advice give ur life more attention and stop wasting time on fancy life style,not_sarcastic
train-01460-interp2,train-01460,interpretation,2,a piece of advice you're harming your life by overspending on television subscription pack,not_sarcastic
train-01461-orig,train-01461,original,0,nails look like shithair looks like shitskin looks like shiti feel like shitthanks ed aren't you supposed to make me pretty ?,sarcastic
train-01461-interp1,train-01461,interpretation,1,nails look like shithair looks like shitskin looks like shiti feel like shitthanks ed aren't you supposed to make me pretty ?,not_sarcastic
train-01461-interp2,train-01461,interpretation,2,nails look like shithair looks like shitskin looks like shiti feel like shit damn ed you're amking me ugly,not_sarcastic
train-01462-orig,train-01462,original,0,lady okay how do you want this to be dealt with ? me oh you know accordingly,sarcastic
train-01462-interp1,train-01462,interpretation,1,lady okay how do you want this to be dealt with ? me you should knw better,not_sarcastic
train-01462-interp2,train-01462,interpretation,2,lady okay how do you want this to be dealt with ? me don't pretend you don't know,not_sarcastic
train-01463-orig,train-01463,original,0,i gotta put after sentence to transmit intent ? imho gtfo stfu,sarcastic
train-01463-interp1,train-01463,interpretation,1,i don't need to put after sentence to transmit intent ? imho gtfo stfu,not_sarcastic
train-01463-interp2,train-01463,interpretation,2,i gotta put after sentence to transmit intent ?,not_sarcastic
train-01464-orig,train-01464,original,0,i can't wait to get off work at 7 am just to come right back at 4 pm atleast i'll get a couple hours of sleep,sarcastic
train-01464-interp1,train-01464,interpretation,1,i don't want to get off work at 7 am just to come right back at 4 pm because i won't get a couple hours of sleep,not_sarcastic
train-01464-interp2,train-01464,interpretation,2,hate getting off work at 7 am just to come right back at 4 pm i won't get enough hours of sleep,not_sarcastic
train-01465-orig,train-01465,original,0,people who posts all alone in a crowded room r those who attends all the parties functions even though they are invited or not,sarcastic
train-01465-interp1,train-01465,interpretation,1,people who posts all alone in a crowded room r those who attends all the parties functions even though they are invited or not,not_sarcastic
train-01465-interp2,train-01465,interpretation,2,people who post all alone in a crowded room are those who attend no the parties functions,not_sarcastic
train-01466-orig,train-01466,original,0,no bond is stronger than 2 people who hate the same person,sarcastic
train-01466-interp1,train-01466,interpretation,1,no bond is stronger than 2 people who love the same person,not_sarcastic
train-01466-interp2,train-01466,interpretation,2,no bond is weaker than 2 people who love the same person,not_sarcastic
train-01467-orig,train-01467,original,0,the first 20 years of life are like free trial of a game next 60 are like pay to play further,sarcastic
train-01467-interp1,train-01467,interpretation,1,the first 20 years of life are controlled the next 60 years u cal the shots,not_sarcastic
train-01467-interp2,train-01467,interpretation,2,the first 20 years of life are enjoyable and stress free next 60 are hardearned and difficult,not_sarcastic
train-01468-orig,train-01468,original,0,love isn't blindit's retarded,sarcastic
train-01468-interp1,train-01468,interpretation,1,love isn't blind it's smart,not_sarcastic
train-01468-interp2,train-01468,interpretation,2,love is blind it's retarded,not_sarcastic
train-01469-orig,train-01469,original,0,oh i love twitter youtube internet drama i really do nothing like going back to the worst part of your school experience,sarcastic
train-01469-interp1,train-01469,interpretation,1,oh i hate twitter youtube internet drama i really do it's going back to the worst part of your school experience,not_sarcastic
train-01469-interp2,train-01469,interpretation,2,oh i hate twitter youtube internet drama nothing bad like going back to the worst part of your school experience,not_sarcastic
train-01470-orig,train-01470,original,0,what a treat alarm goes off at 730 am rather than 545 am,sarcastic
train-01470-interp1,train-01470,interpretation,1,what a scenario alarm goes off at 730 am rather than 545 am,not_sarcastic
train-01470-interp2,train-01470,interpretation,2,what a disservice alarm goes up at 730 am rather than 545 am,not_sarcastic
train-01471-orig,train-01471,original,0,cloke must be getting paid 8 times more than most other players on the ground and keeps missing goals worth every cent you'd say,sarcastic
train-01471-interp1,train-01471,interpretation,1,cloke must be well paid than the other players on the ground but he keep finding the way back of the net most times,not_sarcastic
train-01471-interp2,train-01471,interpretation,2,cloke must be getting paid 8 times more than most other players on the ground and keeps missing goals he's not worth his pay at all,not_sarcastic
train-01472-orig,train-01472,original,0,bazine kansas just wow,sarcastic
train-01472-interp1,train-01472,interpretation,1,bazine kansas just wow,not_sarcastic
train-01472-interp2,train-01472,interpretation,2,bazine kansas ugh,not_sarcastic
train-01473-orig,train-01473,original,0,lmfao your funny,sarcastic
train-01473-interp1,train-01473,interpretation,1,you are not funny,not_sarcastic
train-01473-interp2,train-01473,interpretation,2,lmfao your disgusting,not_sarcastic
train-01474-orig,train-01474,original,0,y'all made my night,sarcastic
train-01474-interp1,train-01474,interpretation,1,you all ruined the night for me fuck off,not_sarcastic
train-01474-interp2,train-01474,interpretation,2,y'all spoiled my night,not_sarcastic
train-01475-orig,train-01475,original,0,empire ctf is the absolute best,sarcastic
train-01475-interp1,train-01475,interpretation,1,empire ctf is not the best,not_sarcastic
train-01475-interp2,train-01475,interpretation,2,empire ctf is the absolute worst,not_sarcastic
train-01476-orig,train-01476,original,0,i can already tell that it's going to be a great summer living at home,sarcastic
train-01476-interp1,train-01476,interpretation,1,i can already tell that it's going to be a boring summer living at home,not_sarcastic
train-01476-interp2,train-01476,interpretation,2,i can already tell that it's going to be a bummer summer living at home,not_sarcastic
train-01477-orig,train-01477,original,0,can't wait to go into work tomorrow and see my schedule for next week lol this should be fun,sarcastic
train-01477-interp1,train-01477,interpretation,1,looking forward to go to work tomorrow and see my schedule for next week know it will be tedious week,not_sarcastic
train-01477-interp2,train-01477,interpretation,2,wish i won't go into work tomorrow and see my schedule for next week lol this should be boring,not_sarcastic
train-01478-orig,train-01478,original,0,ooh exciting,sarcastic
train-01478-interp1,train-01478,interpretation,1,ooh no so annoying,not_sarcastic
train-01478-interp2,train-01478,interpretation,2,ugh boring,not_sarcastic
train-01479-orig,train-01479,original,0,bolts have a good penalty kill im glad they have callahan to help them out too,sarcastic
train-01479-interp1,train-01479,interpretation,1,bolts have a bad penalty kill im glad they have callahan to help them out too,not_sarcastic
train-01479-interp2,train-01479,interpretation,2,bolts have a bad penalty kill im unhappy they have callahan to disadvantage them out too,not_sarcastic
train-01480-orig,train-01480,original,0,do you have pitcher who needs a win ? or a batter in a slump ? how about a team that needs a morale boost ? bring us to town,sarcastic
train-01480-interp1,train-01480,interpretation,1,do you have pitcher who needs a win ? or a batter in a slump ? how about a team that needs a morale boost ? bring us to town,not_sarcastic
train-01480-interp2,train-01480,interpretation,2,do you have pitcher who doesn't care losing ? or a batter in a slump ? how about a team that cares not about being demoralized ? bring us to town and we'll beat them,not_sarcastic
train-01481-orig,train-01481,original,0,two minutes for that ? great job refs thankfully dumoulin is good,sarcastic
train-01481-interp1,train-01481,interpretation,1,two minutes for that ? too bad refs thankful dumoulin is good,not_sarcastic
train-01481-interp2,train-01481,interpretation,2,two minutes for that ? poor job refs thankfully dumoulin is good,not_sarcastic
train-01482-orig,train-01482,original,0,brian boyle redirects like no other human alive,sarcastic
train-01482-interp1,train-01482,interpretation,1,brain boyle is so static like no other person,not_sarcastic
train-01482-interp2,train-01482,interpretation,2,brian boyle redirects in a manner disvaluing his opponets,not_sarcastic
train-01483-orig,train-01483,original,0,omg i forgot brian boyle was the best,sarcastic
train-01483-interp1,train-01483,interpretation,1,omg i forgot brian boyle was the worst,not_sarcastic
train-01483-interp2,train-01483,interpretation,2,omg i forgot brian boyle was the worst,not_sarcastic
train-01484-orig,train-01484,original,0,brb writing a left pad api and copywriting it,sarcastic
train-01484-interp1,train-01484,interpretation,1,brb writing a left pad api and copywriting it,not_sarcastic
train-01484-interp2,train-01484,interpretation,2,bye writing a left pad api and copywriting it,not_sarcastic
train-01485-orig,train-01485,original,0,holy hell brian boyle is the best player ever,sarcastic
train-01485-interp1,train-01485,interpretation,1,holy hell brian boyle is the worst player ever,not_sarcastic
train-01485-interp2,train-01485,interpretation,2,holy hell brian boyle is the worst player ever,not_sarcastic
train-01486-orig,train-01486,original,0,i'm always a big fan of people who take photos of people animals in desperate situations before dealing with the problem,sarcastic
train-01486-interp1,train-01486,interpretation,1,i'm not a big fan of people who take photos of people animals in desperate situations before dealing with the problem,not_sarcastic
train-01486-interp2,train-01486,interpretation,2,i'm always a big enemy of people who take photos of people animals in desperate situations before dealing with the problem,not_sarcastic
train-01487-orig,train-01487,original,0,some people are just rays of sunshine on here,sarcastic
train-01487-interp1,train-01487,interpretation,1,some people are a blip on the fun here,not_sarcastic
train-01487-interp2,train-01487,interpretation,2,some people are just shadows of darkness on here,not_sarcastic
train-01488-orig,train-01488,original,0,may it go on record that i've always loved drouin amp my five minute convo the draft combine was enough 2 tell me he'd be a star,sarcastic
train-01488-interp1,train-01488,interpretation,1,may it go on record that i've always loved drouin amp my five minute convo the draft combine was enough 2 tell me he'd be a star,not_sarcastic
train-01488-interp2,train-01488,interpretation,2,may it go on record that i've always hated drouin amp my five minute convo the draft combine was enough 2 tell me he'd be a failure,not_sarcastic
train-01489-orig,train-01489,original,0,observation every 1 on train peacefully taking turns using same bathrooms w o incident stay tuned order could be lost any moment,sarcastic
train-01489-interp1,train-01489,interpretation,1,observation every 1 on train peacefully taking turns using same bathrooms w o incident stay tuned order could be lost any moment,not_sarcastic
train-01489-interp2,train-01489,interpretation,2,observation every 1 on train peacefully taking turns using same bathrooms with many incidents stay tuned order could be lost any moment,not_sarcastic
train-01490-orig,train-01490,original,0,make sense the least thing you can do,sarcastic
train-01490-interp1,train-01490,interpretation,1,make sense the best thing you can do,not_sarcastic
train-01490-interp2,train-01490,interpretation,2,make nonsense the least thing you can do,not_sarcastic
train-01491-orig,train-01491,original,0,i love the urgency we re playing with,sarcastic
train-01491-interp1,train-01491,interpretation,1,i hate the urgency we re playing with,not_sarcastic
train-01491-interp2,train-01491,interpretation,2,i hate the urgency we're playing with,not_sarcastic
train-01492-orig,train-01492,original,0,gasp oh no you made a b this semester this will haunt you for all eternity,sarcastic
train-01492-interp1,train-01492,interpretation,1,gasp waoo you made a b this semester this will help you a long way,not_sarcastic
train-01492-interp2,train-01492,interpretation,2,gasp oh no you made a fail this semester this will haunt you for all eternity,not_sarcastic
train-01493-orig,train-01493,original,0,what a sweet and fun day,sarcastic
train-01493-interp1,train-01493,interpretation,1,what a sad and boring day,not_sarcastic
train-01493-interp2,train-01493,interpretation,2,what an agonizing and boring day,not_sarcastic
train-01494-orig,train-01494,original,0,hockey time snacks ready 40 degrees below normal temps outside until sunday hate when february takes this long to warm up,sarcastic
train-01494-interp1,train-01494,interpretation,1,hockey time snacks ready 40 degrees below normal temps outside until sunday love when february takes this long to warm up,not_sarcastic
train-01494-interp2,train-01494,interpretation,2,hockey time snacks ready 40 degrees below normal temps outside until sunday hate when february takes this long to warm up,not_sarcastic
train-01495-orig,train-01495,original,0,did you know that you can do sky diving without a parachute but only once ?,sarcastic
train-01495-interp1,train-01495,interpretation,1,did you know that you can do sky diving without a parachute but only once ?,not_sarcastic
train-01495-interp2,train-01495,interpretation,2,did you know that if you do sky diving without a parachute you'll die ?,not_sarcastic
train-01496-orig,train-01496,original,0,your obvious silence is very reassuring,sarcastic
train-01496-interp1,train-01496,interpretation,1,your obvious silence is not very reassuring,not_sarcastic
train-01496-interp2,train-01496,interpretation,2,your obvious silence is not very reassuring,not_sarcastic
train-01497-orig,train-01497,original,0,your face reminds me of a road kill's arse hole certainly not on my list of things to kiss,sarcastic
train-01497-interp1,train-01497,interpretation,1,you are beautiful and i want to kiss you,not_sarcastic
train-01497-interp2,train-01497,interpretation,2,you are beautiful and i want to kiss you,not_sarcastic
train-01498-orig,train-01498,original,0,you d be in good shape if you ran as much as your mouth,sarcastic
train-01498-interp1,train-01498,interpretation,1,you talk too much and are out of shape,not_sarcastic
train-01498-interp2,train-01498,interpretation,2,you talk too much and are out of shape,not_sarcastic
train-01499-orig,train-01499,original,0,you're your conservative side is showing,sarcastic
train-01499-interp1,train-01499,interpretation,1,you're your conservative side is not showing,not_sarcastic
train-01499-interp2,train-01499,interpretation,2,thanks for being liberal,not_sarcastic
train-01500-orig,train-01500,original,0,you're telling me the man who made the horrible godzilla remake also reportedly made a terrible star wars movie ? ? utter shock,sarcastic
train-01500-interp1,train-01500,interpretation,1,you're telling me the man who made the horrible godzilla remake also reportedly made a terrible star wars movie ? ? i'm not surprised,not_sarcastic
train-01500-interp2,train-01500,interpretation,2,i'm not shocked that this bad director made a bad movie,not_sarcastic
train-01501-orig,train-01501,original,0,you will do blackburn good like how you did with the dynamo owen,sarcastic
train-01501-interp1,train-01501,interpretation,1,owen you will mess up dynamo like you did with blackburn,not_sarcastic
train-01501-interp2,train-01501,interpretation,2,i have little hope of your success,not_sarcastic
train-01502-orig,train-01502,original,0,you make me feel sooo important,sarcastic
train-01502-interp1,train-01502,interpretation,1,you make me feel unimportant,not_sarcastic
train-01502-interp2,train-01502,interpretation,2,you make me feel soooo unimportant,not_sarcastic
train-01503-orig,train-01503,original,0,you know if we all carried guns with us all the time we would be so much more safe,sarcastic
train-01503-interp1,train-01503,interpretation,1,we would not be safer carrying guns,not_sarcastic
train-01503-interp2,train-01503,interpretation,2,all of us carrying guns will make no one safe,not_sarcastic
train-01504-orig,train-01504,original,0,you know you're too sarcastic when your girlfriend says you're too sarcastic and you reply oh really ? are you sure ?,sarcastic
train-01504-interp1,train-01504,interpretation,1,you know you're too sarcastic when your girlfriend says you're too sarcastic and you reply oh really ? are you sure ?,not_sarcastic
train-01504-interp2,train-01504,interpretation,2,you know you're too sarcastic when your girlfriend says you're too sarcastic and you reply oh really ? are you sure ?,not_sarcastic
train-01505-orig,train-01505,original,0,you know what will make us safer ? if we can only pass new stronger common sense laws against terrorism that'll do it,sarcastic
train-01505-interp1,train-01505,interpretation,1,laws won't stop terrorism,not_sarcastic
train-01505-interp2,train-01505,interpretation,2,terrorist don't care about laws,not_sarcastic
train-01506-orig,train-01506,original,0,you know society is stupid when people have to put when being sarcastic,sarcastic
train-01506-interp1,train-01506,interpretation,1,you know society is stupid when people have to put when being sarcastic,not_sarcastic
train-01506-interp2,train-01506,interpretation,2,you know society is stupid when people have to put when being sarcastic,not_sarcastic
train-01507-orig,train-01507,original,0,you know it's a good day when your parents invite family over on the one day you use to focus on stuff that needs to be done,sarcastic
train-01507-interp1,train-01507,interpretation,1,i don't like having company when i have to get things accomplished,not_sarcastic
train-01507-interp2,train-01507,interpretation,2,you know it's a horrible day when your parents do this,not_sarcastic
train-01508-orig,train-01508,original,0,you know i just love when people lie about me i also love when customers yell at me life is great,sarcastic
train-01508-interp1,train-01508,interpretation,1,i don't like it when people lie or yell at me,not_sarcastic
train-01508-interp2,train-01508,interpretation,2,i'm having a bad day i hate being yelled at and lied to,not_sarcastic
train-01509-orig,train-01509,original,0,you guys are funny,sarcastic
train-01509-interp1,train-01509,interpretation,1,you guys are not funny,not_sarcastic
train-01509-interp2,train-01509,interpretation,2,you guys are not funny,not_sarcastic
train-01510-orig,train-01510,original,0,you can be a patriot until you aren't slavic,sarcastic
train-01510-interp1,train-01510,interpretation,1,you can be a patriot until you aren't slavic,not_sarcastic
train-01510-interp2,train-01510,interpretation,2,you can be a patriot when ever,not_sarcastic
train-01511-orig,train-01511,original,0,you call yourself a photographer because you own a dslr i open a pen i am author,sarcastic
train-01511-interp1,train-01511,interpretation,1,having a camera doesn't make you a photographer,not_sarcastic
train-01511-interp2,train-01511,interpretation,2,owning an professional object does not make you a professional,not_sarcastic
train-01512-orig,train-01512,original,0,you become a photographer because you owned a dslr i own a pen i am writer,sarcastic
train-01512-interp1,train-01512,interpretation,1,owning a camera doesn't make you a photographer,not_sarcastic
train-01512-interp2,train-01512,interpretation,2,none of these items make you a pro working hard to perfect the craft does,not_sarcastic
train-01513-orig,train-01513,original,0,yes somehow the problem is the guns not the batshit insane ppl who are allowed to have guns,sarcastic
train-01513-interp1,train-01513,interpretation,1,it's the crazy people not guns that are to blame,not_sarcastic
train-01513-interp2,train-01513,interpretation,2,crazy people should not have access to guns,not_sarcastic
train-01514-orig,train-01514,original,0,yes please pull up next to me blasting tacky loud music amp hit on me while i'm pumping gas i'm so intrigued,sarcastic
train-01514-interp1,train-01514,interpretation,1,you are obnoxious don't hit on me,not_sarcastic
train-01514-interp2,train-01514,interpretation,2,turn your music down,not_sarcastic
train-01515-orig,train-01515,original,0,yes my friends let us band together to be furious about the homophobia of the spn and 1 oo noms no seriously let s,sarcastic
train-01515-interp1,train-01515,interpretation,1,don't be mad about homophobia,not_sarcastic
train-01515-interp2,train-01515,interpretation,2,yes my friends let us band together to be furious about the homophobia of the spn and 1 oo noms no seriously let s,not_sarcastic
train-01516-orig,train-01516,original,0,yes 1 yo i love staying up until 11 pm while you decide to mess around amp not sleep can't wait to see what tomorrow brings momlife,sarcastic
train-01516-interp1,train-01516,interpretation,1,not excited about my 1 year old staying up late,not_sarcastic
train-01516-interp2,train-01516,interpretation,2,go to sleep,not_sarcastic
train-01517-orig,train-01517,original,0,yes 1 person carrying could of changed the outcome when shots are fired in a dark chaos filled club you'll know who to shoot,sarcastic
train-01517-interp1,train-01517,interpretation,1,you wouldn't know who to shoot in a dark club,not_sarcastic
train-01517-interp2,train-01517,interpretation,2,it wouldn't have changed anything except maybe make more casualties,not_sarcastic
train-01518-orig,train-01518,original,0,yes this panel on itv right now are clearly ' undecided ',sarcastic
train-01518-interp1,train-01518,interpretation,1,the panel on itv has already made up their mind,not_sarcastic
train-01518-interp2,train-01518,interpretation,2,the panel on itv has made their choice,not_sarcastic
train-01519-orig,train-01519,original,0,yes phone i wanted to type an ' and then stop halfway thru a word i need a new phone ffs,sarcastic
train-01519-interp1,train-01519,interpretation,1,no phone i didn't want to stop in the middle of a word,not_sarcastic
train-01519-interp2,train-01519,interpretation,2,no phone i didn't want to type that,not_sarcastic
train-01520-orig,train-01520,original,0,yes i'm a woman and yes my knowledge on the subject may be a little greater than yours weird right ?,sarcastic
train-01520-interp1,train-01520,interpretation,1,it's not strange that a women knows more than a man about something,not_sarcastic
train-01520-interp2,train-01520,interpretation,2,it shouldn't be a surprise that i'm smarter than you because i'm a woman,not_sarcastic
train-01521-orig,train-01521,original,0,yes i would love a lesson on communism individual who only has reference through the word commie and has never read marx engels,sarcastic
train-01521-interp1,train-01521,interpretation,1,i don't want to learn about communism,not_sarcastic
train-01521-interp2,train-01521,interpretation,2,i have read marx engels and i wouldn't like a lesson about communism,not_sarcastic
train-01522-orig,train-01522,original,0,yes actually turkey's don't count as animals,sarcastic
train-01522-interp1,train-01522,interpretation,1,turkeys are animals,not_sarcastic
train-01522-interp2,train-01522,interpretation,2,turkeys are animals too,not_sarcastic
train-01523-orig,train-01523,original,0,yep college basketball is way better,sarcastic
train-01523-interp1,train-01523,interpretation,1,college basketball is not better,not_sarcastic
train-01523-interp2,train-01523,interpretation,2,college basketball is no better than pro,not_sarcastic
train-01524-orig,train-01524,original,0,yep i love going out in public covered in dirt and sweat,sarcastic
train-01524-interp1,train-01524,interpretation,1,i don't like going out in public while dirty,not_sarcastic
train-01524-interp2,train-01524,interpretation,2,i don't like going out in public looking gross,not_sarcastic
train-01525-orig,train-01525,original,0,yeah this messi guy is gonna be good that barcelona team should sign him,sarcastic
train-01525-interp1,train-01525,interpretation,1,yeah this messi guy is gonna be good that barcelona team should sign him,not_sarcastic
train-01525-interp2,train-01525,interpretation,2,messi is great and barcelona already signed him,not_sarcastic
train-01526-orig,train-01526,original,0,yeah it's definitely going to rain my ankle hurts and doesn't want me to move it i love old injuries,sarcastic
train-01526-interp1,train-01526,interpretation,1,yeah it's definitely going to rain my ankle hurts and doesn't want me to move it i hate old injuries,not_sarcastic
train-01526-interp2,train-01526,interpretation,2,i don't like my old injuries hurting,not_sarcastic
train-01527-orig,train-01527,original,0,yeah he's not the mvp,sarcastic
train-01527-interp1,train-01527,interpretation,1,he's the mvp,not_sarcastic
train-01527-interp2,train-01527,interpretation,2,he's the mvp,not_sarcastic
train-01528-orig,train-01528,original,0,yeah curry isn't a leader just a shooter,sarcastic
train-01528-interp1,train-01528,interpretation,1,curry is a leader,not_sarcastic
train-01528-interp2,train-01528,interpretation,2,curry is a leader and a shooter,not_sarcastic
train-01529-orig,train-01529,original,0,yeah yeah you're already great can i go now ?,sarcastic
train-01529-interp1,train-01529,interpretation,1,you're not great,not_sarcastic
train-01529-interp2,train-01529,interpretation,2,i'm done with this conversation because i don't think you're great,not_sarcastic
train-01530-orig,train-01530,original,0,yeah yeah i became a fucking pet nutritionist so i could hang up a certificate on the wall thanks,sarcastic
train-01530-interp1,train-01530,interpretation,1,i didn't become a pet nutritionist to just hang something on the wall,not_sarcastic
train-01530-interp2,train-01530,interpretation,2,i'm about the work not the certificate,not_sarcastic
train-01531-orig,train-01531,original,0,yeah that all makes sense,sarcastic
train-01531-interp1,train-01531,interpretation,1,that doesn't make sense,not_sarcastic
train-01531-interp2,train-01531,interpretation,2,yeah it doesn't make sense at all,not_sarcastic
train-01532-orig,train-01532,original,0,yeah i totally see why you're right in this situation,sarcastic
train-01532-interp1,train-01532,interpretation,1,i don't see why you think you are right at all,not_sarcastic
train-01532-interp2,train-01532,interpretation,2,i don't see why you think you are right at all,not_sarcastic
train-01533-orig,train-01533,original,0,yay rosenthal,sarcastic
train-01533-interp1,train-01533,interpretation,1,boo rosenthal,not_sarcastic
train-01533-interp2,train-01533,interpretation,2,god damn it rosenthal,not_sarcastic
train-01534-orig,train-01534,original,0,yay my bill is due,sarcastic
train-01534-interp1,train-01534,interpretation,1,boo my bill is due,not_sarcastic
train-01534-interp2,train-01534,interpretation,2,oh crap my bill is due,not_sarcastic
train-01535-orig,train-01535,original,0,yay great way to start my day,sarcastic
train-01535-interp1,train-01535,interpretation,1,bad way to start my day,not_sarcastic
train-01535-interp2,train-01535,interpretation,2,something bad happened,not_sarcastic
train-01536-orig,train-01536,original,0,yay we get to board our third plane today fun,sarcastic
train-01536-interp1,train-01536,interpretation,1,ugh this is our third plane today,not_sarcastic
train-01536-interp2,train-01536,interpretation,2,i'm not a fan of traveling,not_sarcastic
train-01537-orig,train-01537,original,0,yay playoffs,sarcastic
train-01537-interp1,train-01537,interpretation,1,i don't care about the playoffs,not_sarcastic
train-01537-interp2,train-01537,interpretation,2,playoffs can suck it,not_sarcastic
train-01538-orig,train-01538,original,0,yay more rain,sarcastic
train-01538-interp1,train-01538,interpretation,1,boo more rain,not_sarcastic
train-01538-interp2,train-01538,interpretation,2,no more rain,not_sarcastic
train-01539-orig,train-01539,original,0,yay more kings landing,sarcastic
train-01539-interp1,train-01539,interpretation,1,boo more king's landing,not_sarcastic
train-01539-interp2,train-01539,interpretation,2,i hate kings landing,not_sarcastic
train-01540-orig,train-01540,original,0,yay ignorance,sarcastic
train-01540-interp1,train-01540,interpretation,1,boo ignorance,not_sarcastic
train-01540-interp2,train-01540,interpretation,2,ignorance sucks,not_sarcastic
train-01541-orig,train-01541,original,0,yay i love it when my parents ridicule me,sarcastic
train-01541-interp1,train-01541,interpretation,1,i don't like it when my parents ridicule me,not_sarcastic
train-01541-interp2,train-01541,interpretation,2,i hate it when my parents ridicule me,not_sarcastic
train-01542-orig,train-01542,original,0,yay i get to mess with time warner's customer service again can't wait,sarcastic
train-01542-interp1,train-01542,interpretation,1,i'm not excited about dealing with customer service,not_sarcastic
train-01542-interp2,train-01542,interpretation,2,its disappointing that i have to deal with time warner's bad customer service because my service is down,not_sarcastic
train-01543-orig,train-01543,original,0,yay i can go to sleep for 5 mins before i get up for college,sarcastic
train-01543-interp1,train-01543,interpretation,1,i'm not going to get any sleep,not_sarcastic
train-01543-interp2,train-01543,interpretation,2,i have had no sleep,not_sarcastic
train-01544-orig,train-01544,original,0,yay fun night so exciting,sarcastic
train-01544-interp1,train-01544,interpretation,1,no fun tonight not exciting,not_sarcastic
train-01544-interp2,train-01544,interpretation,2,horrible night bored,not_sarcastic
train-01545-orig,train-01545,original,0,yay for being sick,sarcastic
train-01545-interp1,train-01545,interpretation,1,being sick is no fun,not_sarcastic
train-01545-interp2,train-01545,interpretation,2,being sick sucks,not_sarcastic
train-01546-orig,train-01546,original,0,yaaaasssss i can't wait for cena 2 come back tonight just so wwe can shove him back down our throats,sarcastic
train-01546-interp1,train-01546,interpretation,1,i'm not excited that cena is coming back,not_sarcastic
train-01546-interp2,train-01546,interpretation,2,i don't want cena back,not_sarcastic
train-01547-orig,train-01547,original,0,wow this is going to be an awesome weekend,sarcastic
train-01547-interp1,train-01547,interpretation,1,this weekend is going to suck,not_sarcastic
train-01547-interp2,train-01547,interpretation,2,this weekend is going to make me want to kill myself,not_sarcastic
train-01548-orig,train-01548,original,0,wow emilia clarke's part in this episode must have been so difficult and time consuming,sarcastic
train-01548-interp1,train-01548,interpretation,1,emilia clark's scene must have been easy,not_sarcastic
train-01548-interp2,train-01548,interpretation,2,must have been the best and easiest part of filming,not_sarcastic
train-01549-orig,train-01549,original,0,wow you are so inspirational,sarcastic
train-01549-interp1,train-01549,interpretation,1,you are not insipirational,not_sarcastic
train-01549-interp2,train-01549,interpretation,2,you are not inspirational at all,not_sarcastic
train-01550-orig,train-01550,original,0,wow i love how the new instagram update takes all the photos and barfs them up in a random order,sarcastic
train-01550-interp1,train-01550,interpretation,1,i hate how the updates screw everything up,not_sarcastic
train-01550-interp2,train-01550,interpretation,2,i do not like instagrams new update,not_sarcastic
train-01551-orig,train-01551,original,0,wow you're so helpful thanks for all you do to make my life easier,sarcastic
train-01551-interp1,train-01551,interpretation,1,you make my life more difficult,not_sarcastic
train-01551-interp2,train-01551,interpretation,2,you are not helpful and are making my existence harder,not_sarcastic
train-01552-orig,train-01552,original,0,wow what an awesome day this indians game is only contributing to it,sarcastic
train-01552-interp1,train-01552,interpretation,1,bad day and the indians game is not helping make it better,not_sarcastic
train-01552-interp2,train-01552,interpretation,2,horrible day and this game is bad as well,not_sarcastic
train-01553-orig,train-01553,original,0,wow sudden attack of being tired too much excitement today,sarcastic
train-01553-interp1,train-01553,interpretation,1,i'm bored and tired,not_sarcastic
train-01553-interp2,train-01553,interpretation,2,super boring day and i've bored myself to sleep,not_sarcastic
train-01554-orig,train-01554,original,0,wow lax terminal 6 overwhelming me with all the power outlets sarcasm,sarcastic
train-01554-interp1,train-01554,interpretation,1,there are not enough power outlets,not_sarcastic
train-01554-interp2,train-01554,interpretation,2,there are no power outlets available at law terminal 6,not_sarcastic
train-01555-orig,train-01555,original,0,wow i've never seen draymond green get away with a blatant foul before,sarcastic
train-01555-interp1,train-01555,interpretation,1,draymond green gets away with fouls all the time,not_sarcastic
train-01555-interp2,train-01555,interpretation,2,green is always getting away with blatant fouls,not_sarcastic
train-01556-orig,train-01556,original,0,wow i love the us and im so excited for the future,sarcastic
train-01556-interp1,train-01556,interpretation,1,i don't love the us,not_sarcastic
train-01556-interp2,train-01556,interpretation,2,i hate the us and i'm scared for the future,not_sarcastic
train-01557-orig,train-01557,original,0,working with people today with this aweful sunburn is going to be fantastic,sarcastic
train-01557-interp1,train-01557,interpretation,1,working with a sunburn is not fun,not_sarcastic
train-01557-interp2,train-01557,interpretation,2,i'm sunburned and do not want to work,not_sarcastic
train-01558-orig,train-01558,original,0,working on a task that is difficult to focus on and finish this is it this is what i will do for the rest of my life the end,sarcastic
train-01558-interp1,train-01558,interpretation,1,working on a task that is difficult to focus on and finish this is it this is what i will do for the rest of my life the end,not_sarcastic
train-01558-interp2,train-01558,interpretation,2,i hate what i'm working on and i never want to do it again,not_sarcastic
train-01559-orig,train-01559,original,0,work today yeaah,sarcastic
train-01559-interp1,train-01559,interpretation,1,boo work,not_sarcastic
train-01559-interp2,train-01559,interpretation,2,work today boooo,not_sarcastic
train-01560-orig,train-01560,original,0,work from home tonight yeah this is life,sarcastic
train-01560-interp1,train-01560,interpretation,1,i don't like working from home,not_sarcastic
train-01560-interp2,train-01560,interpretation,2,i don't want to be working from home booooo,not_sarcastic
train-01561-orig,train-01561,original,0,woop i just love having shitty dreams that make me sad in real life,sarcastic
train-01561-interp1,train-01561,interpretation,1,i hate bad dreams that make me sad,not_sarcastic
train-01561-interp2,train-01561,interpretation,2,i really hate having bad dreams that make me sad,not_sarcastic
train-01562-orig,train-01562,original,0,wooot madden,sarcastic
train-01562-interp1,train-01562,interpretation,1,boo madden,not_sarcastic
train-01562-interp2,train-01562,interpretation,2,i'm not excited for the new madden game,not_sarcastic
train-01563-orig,train-01563,original,0,wondo missed a goal what a surprise,sarcastic
train-01563-interp1,train-01563,interpretation,1,wondo missed another goal,not_sarcastic
train-01563-interp2,train-01563,interpretation,2,it's not surprising that wondo missed a goal,not_sarcastic
train-01564-orig,train-01564,original,0,wonderful chrome is now doing lookaheads on ajax requests,sarcastic
train-01564-interp1,train-01564,interpretation,1,i'm not thrilled that chrome is now doing lookaheads on ajax requests,not_sarcastic
train-01564-interp2,train-01564,interpretation,2,chrome is making my work hard,not_sarcastic
train-01565-orig,train-01565,original,0,wonderful a power outage happened right as i was about to beat leventhan in odin sphere leifthrasir,sarcastic
train-01565-interp1,train-01565,interpretation,1,boo the power went out,not_sarcastic
train-01565-interp2,train-01565,interpretation,2,what a horrible time for a power outage,not_sarcastic
train-01566-orig,train-01566,original,0,wonderful play by yedlin,sarcastic
train-01566-interp1,train-01566,interpretation,1,horrible play by yedlin,not_sarcastic
train-01566-interp2,train-01566,interpretation,2,yedlin is an asshole,not_sarcastic
train-01567-orig,train-01567,original,0,women are the funniest amp sweetest creatures ever,sarcastic
train-01567-interp1,train-01567,interpretation,1,women are not the funniest and sweetest creatures,not_sarcastic
train-01567-interp2,train-01567,interpretation,2,women are unfunny and mean,not_sarcastic
train-01568-orig,train-01568,original,0,woke up to ungodly lower back pain somehow managed to make it to work today's gonna be fun,sarcastic
train-01568-interp1,train-01568,interpretation,1,due to back pain work will not be fun today,not_sarcastic
train-01568-interp2,train-01568,interpretation,2,today is going to be horrible due to my lower back pain,not_sarcastic
train-01569-orig,train-01569,original,0,within 1 month i've been watching you have you ever been slapped by someone ? we do really concern with time,sarcastic
train-01569-interp1,train-01569,interpretation,1,within 1 month i've been watching you have you ever been slapped by someone ? we do really concern with time,not_sarcastic
train-01569-interp2,train-01569,interpretation,2,within 1 month i've been watching you have you ever been slapped by someone ? we do really concern with time,not_sarcastic
train-01570-orig,train-01570,original,0,with what's going on in marseille have to applaud film 4 ' s choice of film the football factory,sarcastic
train-01570-interp1,train-01570,interpretation,1,with what's going on in marseille poor choice for film 4 ' s choice of film the football factory,not_sarcastic
train-01570-interp2,train-01570,interpretation,2,what a horrible choice of film,not_sarcastic
train-01571-orig,train-01571,original,0,with jackie bradley jr on paternity leave the red sox have called up rusney castillo he was mashing in paw with a 241 average,sarcastic
train-01571-interp1,train-01571,interpretation,1,rusney castillo is not hitting well enough in the minors to get called up,not_sarcastic
train-01571-interp2,train-01571,interpretation,2,he's not a good replacement,not_sarcastic
train-01572-orig,train-01572,original,0,wish i was a rich white male so i could never face the adequate punishment for my mistakes,sarcastic
train-01572-interp1,train-01572,interpretation,1,rich white males never face the adequate punishment for mistakes,not_sarcastic
train-01572-interp2,train-01572,interpretation,2,white men are treated better,not_sarcastic
train-01573-orig,train-01573,original,0,wish all your enemies a long life so they can see you succeed in life,sarcastic
train-01573-interp1,train-01573,interpretation,1,i hope you fail in life,not_sarcastic
train-01573-interp2,train-01573,interpretation,2,i hope my enemies would die so i could be happy,not_sarcastic
train-01574-orig,train-01574,original,0,wilmer flores small ball singles better than dingers,sarcastic
train-01574-interp1,train-01574,interpretation,1,wilmer flores small ball singles better than dingers,not_sarcastic
train-01574-interp2,train-01574,interpretation,2,wilmer flores small ball singles better than dingers,not_sarcastic
train-01575-orig,train-01575,original,0,why would they walk beltre to pitch to prince ? ? ?,sarcastic
train-01575-interp1,train-01575,interpretation,1,why would they walk beltre to pitch to prince ? ? ?,not_sarcastic
train-01575-interp2,train-01575,interpretation,2,we all know why they did it,not_sarcastic
train-01576-orig,train-01576,original,0,why is no one getting mad at the kid about falling into the gorilla enclosure it was his fault from the start,sarcastic
train-01576-interp1,train-01576,interpretation,1,it wasn't the kid's fault that he fell,not_sarcastic
train-01576-interp2,train-01576,interpretation,2,it's not the kid's fault,not_sarcastic
train-01577-orig,train-01577,original,0,why fear the lord ? the woes of the world are organic in nature,sarcastic
train-01577-interp1,train-01577,interpretation,1,why fear the lord ? the woes of the world are organic in nature,not_sarcastic
train-01577-interp2,train-01577,interpretation,2,we are destroying ourselves,not_sarcastic
train-01578-orig,train-01578,original,0,why do i feel so favored today ?,sarcastic
train-01578-interp1,train-01578,interpretation,1,i do not feel favored today,not_sarcastic
train-01578-interp2,train-01578,interpretation,2,i'm being hated or ignored,not_sarcastic
train-01579-orig,train-01579,original,0,why didn't anyone oppose when mr rahul gandhi was trolled the same politicians were laughing on his reality i mean jokes,sarcastic
train-01579-interp1,train-01579,interpretation,1,why didn't anyone oppose when mr rahul gandhi was trolled the same politicians were laughing on his reality i mean jokes,not_sarcastic
train-01579-interp2,train-01579,interpretation,2,why didn't anyone oppose when mr rahul gandhi was trolled the same politicians were laughing on his reality i mean jokes,not_sarcastic
train-01580-orig,train-01580,original,0,why did people keep unfollow me ? i'm so sad,sarcastic
train-01580-interp1,train-01580,interpretation,1,i don't care that people unfollow me,not_sarcastic
train-01580-interp2,train-01580,interpretation,2,i'm not sad to lose people on twitter,not_sarcastic
train-01581-orig,train-01581,original,0,why can't they find a white man of german scottish ancestry w orange hair to judge trump's case so that he can be treated fairly ?,sarcastic
train-01581-interp1,train-01581,interpretation,1,there is a biased approach towards trump,not_sarcastic
train-01581-interp2,train-01581,interpretation,2,they have found this man and he is,not_sarcastic
train-01582-orig,train-01582,original,0,whoa so perfect family people can envy the photo you got your intention right on point no one is as perfect as yours,sarcastic
train-01582-interp1,train-01582,interpretation,1,whoa so perfect family people can envy the photo you got your intention right on point your family is not perfect,not_sarcastic
train-01582-interp2,train-01582,interpretation,2,you're not the perfect family so shut up,not_sarcastic
train-01583-orig,train-01583,original,0,who's turn is it to get traded tomorrow ?,sarcastic
train-01583-interp1,train-01583,interpretation,1,who's turn is it to get traded tomorrow ?,not_sarcastic
train-01583-interp2,train-01583,interpretation,2,stop trading the good players,not_sarcastic
train-01584-orig,train-01584,original,0,who would have thought that the cavs play better at home,sarcastic
train-01584-interp1,train-01584,interpretation,1,the cavs obviously play better at home,not_sarcastic
train-01584-interp2,train-01584,interpretation,2,every team plays better at home,not_sarcastic
train-01585-orig,train-01585,original,0,who needs jobs ? we have robots,sarcastic
train-01585-interp1,train-01585,interpretation,1,robots are replacing workers,not_sarcastic
train-01585-interp2,train-01585,interpretation,2,robots are taking our jobs,not_sarcastic
train-01586-orig,train-01586,original,0,who needs a girlfriend when i have my bank balance to keep going down on me,sarcastic
train-01586-interp1,train-01586,interpretation,1,i need a girlfriend,not_sarcastic
train-01586-interp2,train-01586,interpretation,2,i need a girlfriend and more money,not_sarcastic
train-01587-orig,train-01587,original,0,who knew two dictators would fulfil promises,sarcastic
train-01587-interp1,train-01587,interpretation,1,dictators don't fulfill promises,not_sarcastic
train-01587-interp2,train-01587,interpretation,2,they didn't fulfil their promises,not_sarcastic
train-01588-orig,train-01588,original,0,who is ready for the next call of duty ?,sarcastic
train-01588-interp1,train-01588,interpretation,1,i'm tired of call of duty,not_sarcastic
train-01588-interp2,train-01588,interpretation,2,there are way too many call of duty games and they are all the same,not_sarcastic
train-01589-orig,train-01589,original,0,which is better birdman or teenage mutant ninja turtles out of the shadows ? tough pick,sarcastic
train-01589-interp1,train-01589,interpretation,1,both movies are terrrble,not_sarcastic
train-01589-interp2,train-01589,interpretation,2,it's not a tough pick because one is a good movie and the other isn't,not_sarcastic
train-01590-orig,train-01590,original,0,when you see somebody at the grocery store and they're like hey what are you doing here ? i'm like oh just hunting elephants,sarcastic
train-01590-interp1,train-01590,interpretation,1,it's clear that i'm shopping,not_sarcastic
train-01590-interp2,train-01590,interpretation,2,what do you think i'm doing ? i'm shopping,not_sarcastic
train-01591-orig,train-01591,original,0,when you have to use or explain that it's sarcasm shit's not working,sarcastic
train-01591-interp1,train-01591,interpretation,1,i hate explaining sarcasm,not_sarcastic
train-01591-interp2,train-01591,interpretation,2,it's hard to read sarcasm over the net,not_sarcastic
train-01592-orig,train-01592,original,0,when you have to be up in 4 hours but sleep is no where to be found great,sarcastic
train-01592-interp1,train-01592,interpretation,1,insomnia sucks,not_sarcastic
train-01592-interp2,train-01592,interpretation,2,it sucks when can't sleep and have to be up,not_sarcastic
train-01593-orig,train-01593,original,0,when you get woke up by a door creaking and your husband might wake up during a tornado i love night shift,sarcastic
train-01593-interp1,train-01593,interpretation,1,i don't like working night shift,not_sarcastic
train-01593-interp2,train-01593,interpretation,2,night shift is horrible and waking up my husband who normally sleeps through anything,not_sarcastic
train-01594-orig,train-01594,original,0,when you find a bug in your spinach but at least it's organic and pesticide free,sarcastic
train-01594-interp1,train-01594,interpretation,1,i don't like finding bugs in my food,not_sarcastic
train-01594-interp2,train-01594,interpretation,2,when you find a bug in your spinach but at least it's organic and pesticide free,not_sarcastic
train-01595-orig,train-01595,original,0,when you come to vegas and the first thing you see is something about a wedding the universe man i love it so much,sarcastic
train-01595-interp1,train-01595,interpretation,1,hate seeing things about weddings in vegas,not_sarcastic
train-01595-interp2,train-01595,interpretation,2,i hate the universe and it telling me i'm going to die alone,not_sarcastic
train-01596-orig,train-01596,original,0,when was prince last home run ? can't seem to find out on my timeline,sarcastic
train-01596-interp1,train-01596,interpretation,1,all i see about prince is his last home run,not_sarcastic
train-01596-interp2,train-01596,interpretation,2,seems to be a lot of posts about that homerun,not_sarcastic
train-01597-orig,train-01597,original,0,when to the nba refs miss calls to extend the series ya know like nhl refs do ?,sarcastic
train-01597-interp1,train-01597,interpretation,1,nhl refs miss calls a lot,not_sarcastic
train-01597-interp2,train-01597,interpretation,2,nhl refs miss calls all the time,not_sarcastic
train-01598-orig,train-01598,original,0,when someone says ' you have changed ' yes i did i was wearing jeans and now i am wearing shorts,sarcastic
train-01598-interp1,train-01598,interpretation,1,when someone says ' you have changed ' yes i did i was wearing jeans and now i am wearing shorts,not_sarcastic
train-01598-interp2,train-01598,interpretation,2,when someone says ' you have changed ' yes i did i was wearing jeans and now i am wearing shorts,not_sarcastic
train-01599-orig,train-01599,original,0,when in doubt of the global economy ? buy tsla the new safe haven,sarcastic
train-01599-interp1,train-01599,interpretation,1,don't buy tsla in hopes it will help the economy,not_sarcastic
train-01599-interp2,train-01599,interpretation,2,there is no safe haven,not_sarcastic
train-01600-orig,train-01600,original,0,when i feel this alone it's nice and comforting knowing my friends are there for me,sarcastic
train-01600-interp1,train-01600,interpretation,1,when i feel this alone i wish my friends were there for me,not_sarcastic
train-01600-interp2,train-01600,interpretation,2,no one cares for me and i'm feeling super sorry for myself,not_sarcastic
train-01601-orig,train-01601,original,0,when he tweets about u,sarcastic
train-01601-interp1,train-01601,interpretation,1,he never tweets about me,not_sarcastic
train-01601-interp2,train-01601,interpretation,2,i don't like it when they tweet about me,not_sarcastic
train-01602-orig,train-01602,original,0,what's your iq ? me i don't play that game i'm at 262 in candy crash,sarcastic
train-01602-interp1,train-01602,interpretation,1,candy crush score is more important,not_sarcastic
train-01602-interp2,train-01602,interpretation,2,i'm not interested in a brain measuring contest,not_sarcastic
train-01603-orig,train-01603,original,0,what's better than being sick the day before you have a plane trip for almost 24 hours ?,sarcastic
train-01603-interp1,train-01603,interpretation,1,it sucks being sick right before a plane ride,not_sarcastic
train-01603-interp2,train-01603,interpretation,2,anything almost anything is better than this,not_sarcastic
train-01604-orig,train-01604,original,0,what ? you don't leave liberatore in ?,sarcastic
train-01604-interp1,train-01604,interpretation,1,i know you don't leave libertore in,not_sarcastic
train-01604-interp2,train-01604,interpretation,2,liberator is doing badly and it's smart to take him out,not_sarcastic
train-01605-orig,train-01605,original,0,what to do on a wonderful friday ? work 2 30 11 oh wait that's my shift all weekend so excited,sarcastic
train-01605-interp1,train-01605,interpretation,1,i'm not excited about my shift this week,not_sarcastic
train-01605-interp2,train-01605,interpretation,2,i hate work,not_sarcastic
train-01606-orig,train-01606,original,0,what this job market needs is a 15 minimum wage that'll create more jobs,sarcastic
train-01606-interp1,train-01606,interpretation,1,a 15 minimum wage will not create more jobs,not_sarcastic
train-01606-interp2,train-01606,interpretation,2,i don't think a 15 minimum wage will fix the job market,not_sarcastic
train-01607-orig,train-01607,original,0,what could go wrong with putting the 2018 cup in russia ?,sarcastic
train-01607-interp1,train-01607,interpretation,1,putting the 2018 cup in russia is not a good idea,not_sarcastic
train-01607-interp2,train-01607,interpretation,2,2018 russia cup is going to be horrible,not_sarcastic
train-01608-orig,train-01608,original,0,what could be more appealing than chemistry tuition right after iftar ?,sarcastic
train-01608-interp1,train-01608,interpretation,1,chemistry tuition right after iftar is not appealing,not_sarcastic
train-01608-interp2,train-01608,interpretation,2,anything would be more appealing than chemistry tuition after iftar,not_sarcastic
train-01609-orig,train-01609,original,0,what a wonderful feeling,sarcastic
train-01609-interp1,train-01609,interpretation,1,not a wonderful feeling,not_sarcastic
train-01609-interp2,train-01609,interpretation,2,what a horrible feeling,not_sarcastic
train-01610-orig,train-01610,original,0,what a throw,sarcastic
train-01610-interp1,train-01610,interpretation,1,terrible throw,not_sarcastic
train-01610-interp2,train-01610,interpretation,2,that throw was rubbish,not_sarcastic
train-01611-orig,train-01611,original,0,what a pitch,sarcastic
train-01611-interp1,train-01611,interpretation,1,bad pitch,not_sarcastic
train-01611-interp2,train-01611,interpretation,2,that pitch sucked,not_sarcastic
train-01612-orig,train-01612,original,0,what a lovely summers day,sarcastic
train-01612-interp1,train-01612,interpretation,1,not a lovely summer day,not_sarcastic
train-01612-interp2,train-01612,interpretation,2,what a ugly day,not_sarcastic
train-01613-orig,train-01613,original,0,what a great way to start my tuesday,sarcastic
train-01613-interp1,train-01613,interpretation,1,bad start to my tuesday,not_sarcastic
train-01613-interp2,train-01613,interpretation,2,my tuesday is fucked,not_sarcastic
train-01614-orig,train-01614,original,0,what a great way to start my day,sarcastic
train-01614-interp1,train-01614,interpretation,1,bad start to the day,not_sarcastic
train-01614-interp2,train-01614,interpretation,2,my day sucks,not_sarcastic
train-01615-orig,train-01615,original,0,what a great way to end my night,sarcastic
train-01615-interp1,train-01615,interpretation,1,not a good way to end the night,not_sarcastic
train-01615-interp2,train-01615,interpretation,2,what a horrible way to end a night,not_sarcastic
train-01616-orig,train-01616,original,0,what a great night,sarcastic
train-01616-interp1,train-01616,interpretation,1,bad night,not_sarcastic
train-01616-interp2,train-01616,interpretation,2,a horrible night,not_sarcastic
train-01617-orig,train-01617,original,0,whaaaat ? ? best musical goes to hamilton ? ? ? i didn't see that coming,sarcastic
train-01617-interp1,train-01617,interpretation,1,no surpise hamilton won,not_sarcastic
train-01617-interp2,train-01617,interpretation,2,everyone knew that hamilton was going to win,not_sarcastic
train-01618-orig,train-01618,original,0,went to the doctor and had some shots put to my head today obviously it was a fun day,sarcastic
train-01618-interp1,train-01618,interpretation,1,went to the doctor and had some shots put to my head today obviously it was not a fun day,not_sarcastic
train-01618-interp2,train-01618,interpretation,2,it was a horrible and painful day,not_sarcastic
train-01619-orig,train-01619,original,0,welllllll that makes me feel like you really give a shit,sarcastic
train-01619-interp1,train-01619,interpretation,1,i don't think you care,not_sarcastic
train-01619-interp2,train-01619,interpretation,2,i don't think you care at all,not_sarcastic
train-01620-orig,train-01620,original,0,well sure glad that i knew my amazon prime payment was coming out today,sarcastic
train-01620-interp1,train-01620,interpretation,1,i wish i knew my amazon prime payment was coming out today,not_sarcastic
train-01620-interp2,train-01620,interpretation,2,i didn't remember that payment was coming out today and i'm bummed about having less money,not_sarcastic
train-01621-orig,train-01621,original,0,well so much for having some fun down at the pool today both pools were closed thanks rainy storm clouds,sarcastic
train-01621-interp1,train-01621,interpretation,1,the pool was closed because of the rain,not_sarcastic
train-01621-interp2,train-01621,interpretation,2,you suck rainy storm clouds for ruining my pool time fun,not_sarcastic
train-01622-orig,train-01622,original,0,well it's been a long week glad i've got work tomorrow,sarcastic
train-01622-interp1,train-01622,interpretation,1,i wish i didn't have work tomorrow,not_sarcastic
train-01622-interp2,train-01622,interpretation,2,i don't want to work i want to do the opposite of that,not_sarcastic
train-01623-orig,train-01623,original,0,well i'm glad the latest episode of dragon ball super really let us get to know a new character before pointlessly fridging them,sarcastic
train-01623-interp1,train-01623,interpretation,1,what a waste of our time,not_sarcastic
train-01623-interp2,train-01623,interpretation,2,dragon ball super ices characters before we get to know or care about them,not_sarcastic
train-01624-orig,train-01624,original,0,well he wanted to play with peace but they wanted him to play with paes,sarcastic
train-01624-interp1,train-01624,interpretation,1,well he wanted to play with peace but they wanted him to play with paes,not_sarcastic
train-01624-interp2,train-01624,interpretation,2,well he wanted to play with peace but they wanted him to play with paes,not_sarcastic
train-01625-orig,train-01625,original,0,well today is the day i get to work all day,sarcastic
train-01625-interp1,train-01625,interpretation,1,i'm not excited about work today,not_sarcastic
train-01625-interp2,train-01625,interpretation,2,i wish i didn't have to work today,not_sarcastic
train-01626-orig,train-01626,original,0,well this day has started beautifully,sarcastic
train-01626-interp1,train-01626,interpretation,1,this day has started poorly,not_sarcastic
train-01626-interp2,train-01626,interpretation,2,this day has not started well at all,not_sarcastic
train-01627-orig,train-01627,original,0,well that was a fun 35 hour drive home from orlando,sarcastic
train-01627-interp1,train-01627,interpretation,1,that drive was long and crappy,not_sarcastic
train-01627-interp2,train-01627,interpretation,2,what a rubbish drive,not_sarcastic
train-01628-orig,train-01628,original,0,well that euro opening was amazing,sarcastic
train-01628-interp1,train-01628,interpretation,1,that euro opening was terrible,not_sarcastic
train-01628-interp2,train-01628,interpretation,2,the euro opening was rubbish,not_sarcastic
train-01629-orig,train-01629,original,0,well thank christ my tweets weren't in vain really gives me validation in this dark hour,sarcastic
train-01629-interp1,train-01629,interpretation,1,my tweets do not give me any validation,not_sarcastic
train-01629-interp2,train-01629,interpretation,2,no one cares about my tweets,not_sarcastic
train-01630-orig,train-01630,original,0,well it was only 20 minutes of action,sarcastic
train-01630-interp1,train-01630,interpretation,1,well it was only 20 minutes of action,not_sarcastic
train-01630-interp2,train-01630,interpretation,2,not enough action in the movie,not_sarcastic
train-01631-orig,train-01631,original,0,well i'm now off work recovering till monday yayyy,sarcastic
train-01631-interp1,train-01631,interpretation,1,well i'm now off work recovering till monday boo,not_sarcastic
train-01631-interp2,train-01631,interpretation,2,there is not enough time to recover,not_sarcastic
train-01632-orig,train-01632,original,0,well glad this night turned out so great,sarcastic
train-01632-interp1,train-01632,interpretation,1,this night didn't turn out great,not_sarcastic
train-01632-interp2,train-01632,interpretation,2,this night turned out horrible,not_sarcastic
train-01633-orig,train-01633,original,0,well done england fans making us proud again,sarcastic
train-01633-interp1,train-01633,interpretation,1,bad job england fans no pride here,not_sarcastic
train-01633-interp2,train-01633,interpretation,2,english fans are embarrassing us all,not_sarcastic
train-01634-orig,train-01634,original,0,well aren't you a real winner,sarcastic
train-01634-interp1,train-01634,interpretation,1,you are not a winner,not_sarcastic
train-01634-interp2,train-01634,interpretation,2,you're a loser,not_sarcastic
train-01635-orig,train-01635,original,0,welcome to summer anyone burnt yet ?,sarcastic
train-01635-interp1,train-01635,interpretation,1,welcome to summer anyone burnt yet ?,not_sarcastic
train-01635-interp2,train-01635,interpretation,2,we are either all burnt or not burnt because there's been no sun,not_sarcastic
train-01636-orig,train-01636,original,0,we're flipping between the jesus channel and nascar yay my favorites,sarcastic
train-01636-interp1,train-01636,interpretation,1,we're flipping between the jesus channel and nascar not my favorites,not_sarcastic
train-01636-interp2,train-01636,interpretation,2,i don't like nascar or religious tv,not_sarcastic
train-01637-orig,train-01637,original,0,we're at a massive loss stop using scare tactics look at norway they're in total ruin aren't they ?,sarcastic
train-01637-interp1,train-01637,interpretation,1,we're at a massive loss stop using scare tactics look at norway they're in total ruin aren't they ?,not_sarcastic
train-01637-interp2,train-01637,interpretation,2,norway is doing it right and we are doing it wrong,not_sarcastic
train-01638-orig,train-01638,original,0,we won the revolution by throwing pies not by fighting in battles conventional and guerilla with muskets bayonets cannons etc,sarcastic
train-01638-interp1,train-01638,interpretation,1,we won the revolution with guns,not_sarcastic
train-01638-interp2,train-01638,interpretation,2,we won the war with guns,not_sarcastic
train-01639-orig,train-01639,original,0,we should have a law that decide which kind of underwear must use the people,sarcastic
train-01639-interp1,train-01639,interpretation,1,we don't need a law about underwear,not_sarcastic
train-01639-interp2,train-01639,interpretation,2,people should be able to wear whatever underwear they want,not_sarcastic
train-01640-orig,train-01640,original,0,we should all listen to the coach of the year jeff van gundy,sarcastic
train-01640-interp1,train-01640,interpretation,1,lets not listen to jeff vand gundy,not_sarcastic
train-01640-interp2,train-01640,interpretation,2,no one should listen to coach idiot jeff van grundy,not_sarcastic
train-01641-orig,train-01641,original,0,we need to bring change otherwise these shopkeepers will continue giving us eclairs p,sarcastic
train-01641-interp1,train-01641,interpretation,1,i'm tired of eclairs,not_sarcastic
train-01641-interp2,train-01641,interpretation,2,we need to bring change otherwise these shopkeepers will continue giving us eclairs p,not_sarcastic
train-01642-orig,train-01642,original,0,we do the tough works she gets the credit life is really fair,sarcastic
train-01642-interp1,train-01642,interpretation,1,life is not fair,not_sarcastic
train-01642-interp2,train-01642,interpretation,2,life is not fair because of this,not_sarcastic
train-01643-orig,train-01643,original,0,way to go california,sarcastic
train-01643-interp1,train-01643,interpretation,1,bad job california,not_sarcastic
train-01643-interp2,train-01643,interpretation,2,you blew it california,not_sarcastic
train-01644-orig,train-01644,original,0,way to add to the awesome day i'm having already,sarcastic
train-01644-interp1,train-01644,interpretation,1,today is not going well,not_sarcastic
train-01644-interp2,train-01644,interpretation,2,way to stack shit onto an already shitty day,not_sarcastic
train-01645-orig,train-01645,original,0,watching nightmare on elm street that johnny depp going no where in his career,sarcastic
train-01645-interp1,train-01645,interpretation,1,johnny depp started in elm street and became famous,not_sarcastic
train-01645-interp2,train-01645,interpretation,2,johnny depp only went on to become one of the biggest stars of all time,not_sarcastic
train-01646-orig,train-01646,original,0,watching a grey's anatomy in the morning really helps you start off your day uplifted and optimistic,sarcastic
train-01646-interp1,train-01646,interpretation,1,greys anatomy is depressing and serious,not_sarcastic
train-01646-interp2,train-01646,interpretation,2,that show is depressing as hell,not_sarcastic
train-01647-orig,train-01647,original,0,watched me before you and didn't cry there's a shocker,sarcastic
train-01647-interp1,train-01647,interpretation,1,the movie didn't make me cry,not_sarcastic
train-01647-interp2,train-01647,interpretation,2,i'm not surprised the i didn't cry from the movie,not_sarcastic
train-01648-orig,train-01648,original,0,watched last 3 games like oh look curry thompson hit another bad shot so impressive such great basketball how do they do it,sarcastic
train-01648-interp1,train-01648,interpretation,1,not impressed by the bad shots being made,not_sarcastic
train-01648-interp2,train-01648,interpretation,2,this game is mediocre and i'm pissed about it,not_sarcastic
train-01649-orig,train-01649,original,0,waiting on a power outage so exciting,sarcastic
train-01649-interp1,train-01649,interpretation,1,not excited about the power outage,not_sarcastic
train-01649-interp2,train-01649,interpretation,2,i'm not excited for the power outage that is going to happen,not_sarcastic
train-01650-orig,train-01650,original,0,waiting in a line to then go wait again i do love government really,sarcastic
train-01650-interp1,train-01650,interpretation,1,i do not love government,not_sarcastic
train-01650-interp2,train-01650,interpretation,2,i hate when the government makes me wait,not_sarcastic
train-01651-orig,train-01651,original,0,waiting 4 him to apologize but he doesn't know he did something wrong because you didn't tell him because he should know,sarcastic
train-01651-interp1,train-01651,interpretation,1,sometimes men are stupid and don't know you're angry at them,not_sarcastic
train-01651-interp2,train-01651,interpretation,2,i'm having a fight with my partner and i don't know what about,not_sarcastic
train-01652-orig,train-01652,original,0,wait what ? a law that says you can't bring a gun into a nightclub didn't stop a mass shooting at a nightclub ? get outta here,sarcastic
train-01652-interp1,train-01652,interpretation,1,laws don't stop gun violence,not_sarcastic
train-01652-interp2,train-01652,interpretation,2,gun laws are not going to stop gun violence,not_sarcastic
train-01653-orig,train-01653,original,0,wait did trump honor a muslim ? you mean you can be both muslim amp american ? i'm shocked,sarcastic
train-01653-interp1,train-01653,interpretation,1,wait did trump honor a muslim ? you can be both muslim american,not_sarcastic
train-01653-interp2,train-01653,interpretation,2,i'm not shocked trump is a tool,not_sarcastic
train-01654-orig,train-01654,original,0,wait i forgot it was monday why am i watching game 7 when monday night raw is on ?,sarcastic
train-01654-interp1,train-01654,interpretation,1,i'm glad i'm watching game 7,not_sarcastic
train-01654-interp2,train-01654,interpretation,2,it is an exciting game,not_sarcastic
train-01655-orig,train-01655,original,0,wait my physical therapy will cost me out of pocket 100 for fifteen minutes 15 minutes wth thanks obamacare,sarcastic
train-01655-interp1,train-01655,interpretation,1,i owe money no thank you obamacare,not_sarcastic
train-01655-interp2,train-01655,interpretation,2,i'm not happy that obamacare doesn't completely cover my medical needs,not_sarcastic
train-01656-orig,train-01656,original,0,wait that's not a block by curry ? these refs are garbage,sarcastic
train-01656-interp1,train-01656,interpretation,1,good call on curry's foul refs,not_sarcastic
train-01656-interp2,train-01656,interpretation,2,good call on curry's foul refs,not_sarcastic
train-01657-orig,train-01657,original,0,wait alice bombed with audiences and critics ? i thought disney paid off the critics,sarcastic
train-01657-interp1,train-01657,interpretation,1,it was expected that alice would be bad,not_sarcastic
train-01657-interp2,train-01657,interpretation,2,it was panned cause the film is horrible,not_sarcastic
train-01658-orig,train-01658,original,0,wahahahahaha best move by westbrook so far,sarcastic
train-01658-interp1,train-01658,interpretation,1,worst move by westbrook so far,not_sarcastic
train-01658-interp2,train-01658,interpretation,2,not the best move westbrook bad form,not_sarcastic
train-01659-orig,train-01659,original,0,vertigo is such a blastit's like being on the teacups at disney without the long lines,sarcastic
train-01659-interp1,train-01659,interpretation,1,i don't like vertigo,not_sarcastic
train-01659-interp2,train-01659,interpretation,2,vertigo is horrible and i hate it,not_sarcastic
train-01660-orig,train-01660,original,0,vendor can i help you ? me no i just waited 30 minutes to say hi,sarcastic
train-01660-interp1,train-01660,interpretation,1,yes you can help me,not_sarcastic
train-01660-interp2,train-01660,interpretation,2,yes i would like your help this is why i waiting patiently in line,not_sarcastic
train-01661-orig,train-01661,original,0,van gundy is right on the money curry must have injured himself between game 7 and tonight,sarcastic
train-01661-interp1,train-01661,interpretation,1,i don't think curry injured himself,not_sarcastic
train-01661-interp2,train-01661,interpretation,2,curry is playing very well,not_sarcastic
train-01662-orig,train-01662,original,0,vaaaaaaamos m xico not sure if i can do this sober but i will try,sarcastic
train-01662-interp1,train-01662,interpretation,1,vaaaaaaamos m xico not sure if i can do this sober but i will try,not_sarcastic
train-01662-interp2,train-01662,interpretation,2,vaaaaaaamos m xico not sure if i can do this sober but i will try,not_sarcastic
train-01663-orig,train-01663,original,0,uugggh this week seems to be never ending amp sadly not even 2 the best part of the week heavy on the,sarcastic
train-01663-interp1,train-01663,interpretation,1,this is a rough week,not_sarcastic
train-01663-interp2,train-01663,interpretation,2,uugggh this week seems to be never ending amp sadly not even 2 the best part of the week heavy on the,not_sarcastic
train-01664-orig,train-01664,original,0,using sense of humor is one of the many ways i've learned to counter rage when in doubt,sarcastic
train-01664-interp1,train-01664,interpretation,1,using sense of humor is one of the many ways i've learned to counter rage when in doubt use sarcasm,not_sarcastic
train-01664-interp2,train-01664,interpretation,2,using sense of humor is one of the many ways i've learned to counter rage when in doubt,not_sarcastic
train-01665-orig,train-01665,original,0,used septa in philly for the 1 st time not confusing at all but the conductor did call me young lady so good trip,sarcastic
train-01665-interp1,train-01665,interpretation,1,septa in philly is confusing,not_sarcastic
train-01665-interp2,train-01665,interpretation,2,septa is confusing as hell,not_sarcastic
train-01666-orig,train-01666,original,0,used a public restroom today i was terrified for my life i just knew there was a trans in there waiting to rape me,sarcastic
train-01666-interp1,train-01666,interpretation,1,i was not concerned about transgender people in the bathroom today,not_sarcastic
train-01666-interp2,train-01666,interpretation,2,trans people are not raping people in bathrooms relax ignorant people,not_sarcastic
train-01667-orig,train-01667,original,0,uruguay is playing with 10 men now i don't smell match fixing at all,sarcastic
train-01667-interp1,train-01667,interpretation,1,i smell a match fixing,not_sarcastic
train-01667-interp2,train-01667,interpretation,2,my team is losing and it has to be because of cheating,not_sarcastic
train-01668-orig,train-01668,original,0,up early yay panic at the disco,sarcastic
train-01668-interp1,train-01668,interpretation,1,boo being up early,not_sarcastic
train-01668-interp2,train-01668,interpretation,2,i'm not happy to be up this early nor that i like a shit band,not_sarcastic
train-01669-orig,train-01669,original,0,um love how the bernie vs hillary snap story's commercial is the purge makeamericapureagain 1 stworldproblems,sarcastic
train-01669-interp1,train-01669,interpretation,1,i don't like the new bernie vs hillary,not_sarcastic
train-01669-interp2,train-01669,interpretation,2,i don't love that the trailer was after this it's becoming too real,not_sarcastic
train-01670-orig,train-01670,original,0,two years ago today i went to buckingham palace amp then met up with a guy in the evening turns out he had a girlfriend ah good times,sarcastic
train-01670-interp1,train-01670,interpretation,1,two years ago today i went to buckingham palace amp then met up with a guy in the evening turns out he had a girlfriend ah good times,not_sarcastic
train-01670-interp2,train-01670,interpretation,2,two years ago today i went to buckingham palace amp then met up with a guy in the evening turns out he had a girlfriend ah good times,not_sarcastic
train-01671-orig,train-01671,original,0,two business ideas commonly meet aspiring makeup mogul amp hipster cafe owners are these still trending ? or too mainstream ?,sarcastic
train-01671-interp1,train-01671,interpretation,1,every one wants a make up buisness or a hipster caf,not_sarcastic
train-01671-interp2,train-01671,interpretation,2,two business ideas commonly meet aspiring makeup mogul amp hipster cafe owners are these still trending ? or too mainstream ?,not_sarcastic
train-01672-orig,train-01672,original,0,trying to get a carload of people together 2 go 2 mexico city wave american flags and pelt their citizens with tomatoes and eggs,sarcastic
train-01672-interp1,train-01672,interpretation,1,racism towrds mexico won't solve anything,not_sarcastic
train-01672-interp2,train-01672,interpretation,2,mexico isn't the problem,not_sarcastic
train-01673-orig,train-01673,original,0,trump just used don king as a character reference good thing don king has never exploited anyone in his career,sarcastic
train-01673-interp1,train-01673,interpretation,1,trump just used don king as a character reference don king is an exploiter of people,not_sarcastic
train-01673-interp2,train-01673,interpretation,2,don king exploited everyone and trump is exploiting him,not_sarcastic
train-01674-orig,train-01674,original,0,trump in tampa this weekend this week just keeps getting better,sarcastic
train-01674-interp1,train-01674,interpretation,1,this week keeps getting worse,not_sarcastic
train-01674-interp2,train-01674,interpretation,2,trump is in tampa this week keeps get worse,not_sarcastic
train-01675-orig,train-01675,original,0,true having sarcastic friends will make you more creative sarcasm is considered a brain stimulant,sarcastic
train-01675-interp1,train-01675,interpretation,1,true having sarcastic friends will make you more creative sarcasm is considered a brain stimulant,not_sarcastic
train-01675-interp2,train-01675,interpretation,2,i need new friends,not_sarcastic
train-01676-orig,train-01676,original,0,trendnation is the best,sarcastic
train-01676-interp1,train-01676,interpretation,1,trendnation sucks,not_sarcastic
train-01676-interp2,train-01676,interpretation,2,trendnation is the worst,not_sarcastic
train-01677-orig,train-01677,original,0,treat me like the petulant child i am,sarcastic
train-01677-interp1,train-01677,interpretation,1,i am not a petulant child,not_sarcastic
train-01677-interp2,train-01677,interpretation,2,i am not a petulant child,not_sarcastic
train-01678-orig,train-01678,original,0,traveling with no priority on a different airline is great and on top of that back row and row in front has two screaming kids,sarcastic
train-01678-interp1,train-01678,interpretation,1,these seats are terrible,not_sarcastic
train-01678-interp2,train-01678,interpretation,2,i am not having the ideal flying experience,not_sarcastic
train-01679-orig,train-01679,original,0,transgender interview you people truly amaze me,sarcastic
train-01679-interp1,train-01679,interpretation,1,i am not amazed by the transgender interview,not_sarcastic
train-01679-interp2,train-01679,interpretation,2,i'm not amazed by transgender people,not_sarcastic
train-01680-orig,train-01680,original,0,train cancellations bring out the best in human nature i'm so proud of my glasgow compadres,sarcastic
train-01680-interp1,train-01680,interpretation,1,train cancellations bring out the worst in people,not_sarcastic
train-01680-interp2,train-01680,interpretation,2,i'm disgusted by people because of the train delays,not_sarcastic
train-01681-orig,train-01681,original,0,tough life growing up a country club kid,sarcastic
train-01681-interp1,train-01681,interpretation,1,life is not tough for a country club kid,not_sarcastic
train-01681-interp2,train-01681,interpretation,2,it was a very privilege life actually,not_sarcastic
train-01682-orig,train-01682,original,0,totally saw davies shutting out the cardnils,sarcastic
train-01682-interp1,train-01682,interpretation,1,totally didn't see davies shutting out the cardnils,not_sarcastic
train-01682-interp2,train-01682,interpretation,2,i didn't see that coming at all,not_sarcastic
train-01683-orig,train-01683,original,0,top notch banter from zero mchannon yet again in my timeline i see,sarcastic
train-01683-interp1,train-01683,interpretation,1,bad banter from zero mchannon yet again in my timeline i see,not_sarcastic
train-01683-interp2,train-01683,interpretation,2,zero mchannon is talking drivel,not_sarcastic
train-01684-orig,train-01684,original,0,too much sweetness in life makes me feel diabetic and that's,sarcastic
train-01684-interp1,train-01684,interpretation,1,sweetness is a good thing,not_sarcastic
train-01684-interp2,train-01684,interpretation,2,i can't get enough of the sweetness in life,not_sarcastic
train-01685-orig,train-01685,original,0,tony schiavone is getting a regular job instead of dying of an od or setting up a gimmick table at fan fests ? that is so laughable,sarcastic
train-01685-interp1,train-01685,interpretation,1,tony schiavone is getting a regular job instead of dying of an od or setting up a gimmick table at fan fests ? that is so laughable,not_sarcastic
train-01685-interp2,train-01685,interpretation,2,it's commendable that schiavone is getting a real job instead of being sad,not_sarcastic
train-01686-orig,train-01686,original,0,tonight is gonna be fun,sarcastic
train-01686-interp1,train-01686,interpretation,1,tonight is not going to be fun,not_sarcastic
train-01686-interp2,train-01686,interpretation,2,tonight is going to be not fun,not_sarcastic
train-01687-orig,train-01687,original,0,told everybody all tyrone lue needed was an extra day to prepare,sarcastic
train-01687-interp1,train-01687,interpretation,1,tyrone lue needed more than an extra day to prepare,not_sarcastic
train-01687-interp2,train-01687,interpretation,2,lue needed way more than a day to prepare,not_sarcastic
train-01688-orig,train-01688,original,0,today's so perfect great news after news,sarcastic
train-01688-interp1,train-01688,interpretation,1,today sucks lots of bad news,not_sarcastic
train-01688-interp2,train-01688,interpretation,2,today is not a great day i've had bad news followed by more bad news,not_sarcastic
train-01689-orig,train-01689,original,0,today's just getting better and better,sarcastic
train-01689-interp1,train-01689,interpretation,1,today is not getting any better,not_sarcastic
train-01689-interp2,train-01689,interpretation,2,today is getting worse and worse,not_sarcastic
train-01690-orig,train-01690,original,0,today my uncle asked me to help him organize a surprise party for my twin sister i think he doesn t get the concept of twins,sarcastic
train-01690-interp1,train-01690,interpretation,1,today my uncle asked me to help him organize a surprise party for my twin sister i think he doesn t get the concept of twins,not_sarcastic
train-01690-interp2,train-01690,interpretation,2,my uncle doesn't understand we have a magic bond,not_sarcastic
train-01691-orig,train-01691,original,0,today just keeps getting better,sarcastic
train-01691-interp1,train-01691,interpretation,1,today keeps getting worse,not_sarcastic
train-01691-interp2,train-01691,interpretation,2,today is bad and getting worse,not_sarcastic
train-01692-orig,train-01692,original,0,today just keeps getting better and better,sarcastic
train-01692-interp1,train-01692,interpretation,1,today keeps getting worse,not_sarcastic
train-01692-interp2,train-01692,interpretation,2,today just keeps getting worse and worse,not_sarcastic
train-01693-orig,train-01693,original,0,today is so great i fucking love life,sarcastic
train-01693-interp1,train-01693,interpretation,1,today sucks i hate life,not_sarcastic
train-01693-interp2,train-01693,interpretation,2,today is bad and i fucking hate my life right now,not_sarcastic
train-01694-orig,train-01694,original,0,today is gonna be fuuuuuunnnn,sarcastic
train-01694-interp1,train-01694,interpretation,1,today is going to suck,not_sarcastic
train-01694-interp2,train-01694,interpretation,2,today is going to suck,not_sarcastic
train-01695-orig,train-01695,original,0,today is a big day just went over 300 twitter followers whoo hoo,sarcastic
train-01695-interp1,train-01695,interpretation,1,going over 300 twitter followers is not a big deal,not_sarcastic
train-01695-interp2,train-01695,interpretation,2,300 is not enough followers but thanks though,not_sarcastic
train-01696-orig,train-01696,original,0,today i learned that i cannot start my ford f350 with the key for my mustang who knew ?,sarcastic
train-01696-interp1,train-01696,interpretation,1,the wrong key won't start the wrong car,not_sarcastic
train-01696-interp2,train-01696,interpretation,2,i knew that you couldn't do that but i did it on accident,not_sarcastic
train-01697-orig,train-01697,original,0,today has been a great fucking day,sarcastic
train-01697-interp1,train-01697,interpretation,1,today has sucked ass,not_sarcastic
train-01697-interp2,train-01697,interpretation,2,today has been a fucking shit day,not_sarcastic
train-01698-orig,train-01698,original,0,to top off an already splendid day it decides to hurricane as i leave work and have to walk to my car without a jacket or anything,sarcastic
train-01698-interp1,train-01698,interpretation,1,bad day bad weather,not_sarcastic
train-01698-interp2,train-01698,interpretation,2,i've had a bad day and walking in bad weather has made it worse,not_sarcastic
train-01699-orig,train-01699,original,0,to the russian sports minister apparently breakfasts are buy one get one free at asda,sarcastic
train-01699-interp1,train-01699,interpretation,1,to the russian sports minister apparently breakfasts are buy one get one free at asda,not_sarcastic
train-01699-interp2,train-01699,interpretation,2,to the russian sports minister apparently breakfasts are buy one get one free at asda,not_sarcastic
train-01700-orig,train-01700,original,0,to the girls sitting behind me making fun of the girl practicing her skills in my cna class you're going to be a great nurse,sarcastic
train-01700-interp1,train-01700,interpretation,1,the girls making fun of the nurse aid practicing are not going to be good nurses,not_sarcastic
train-01700-interp2,train-01700,interpretation,2,you're going to be horrible nurses,not_sarcastic
train-01701-orig,train-01701,original,0,tnx megafon for everything,sarcastic
train-01701-interp1,train-01701,interpretation,1,you suck megafon,not_sarcastic
train-01701-interp2,train-01701,interpretation,2,fuck you megafon,not_sarcastic
train-01702-orig,train-01702,original,0,titles leaving netflix in june 2016 httpowllibfvj300w2g7 darn it my kids can't watch little princess anymore,sarcastic
train-01702-interp1,train-01702,interpretation,1,yay my kids can't watch little princess on netflix anymore,not_sarcastic
train-01702-interp2,train-01702,interpretation,2,i'm so sick of little princes,not_sarcastic
train-01703-orig,train-01703,original,0,tired of coughing ? why not have another cigarette ?,sarcastic
train-01703-interp1,train-01703,interpretation,1,if you are coughing stop smoking,not_sarcastic
train-01703-interp2,train-01703,interpretation,2,stop smoking and you won't cough up your entire lung,not_sarcastic
train-01704-orig,train-01704,original,0,time to umpire some adult slow pitch softball favorable calls for ten dollars twenty bucks minimum,sarcastic
train-01704-interp1,train-01704,interpretation,1,i don't take money for calls,not_sarcastic
train-01704-interp2,train-01704,interpretation,2,time to umpire some adult slow pitch softball favorable calls for ten dollars twenty bucks minimum,not_sarcastic
train-01705-orig,train-01705,original,0,time to do my favourite part of every paper proofreading ',sarcastic
train-01705-interp1,train-01705,interpretation,1,i don't like proofreading,not_sarcastic
train-01705-interp2,train-01705,interpretation,2,i hate proofreading,not_sarcastic
train-01706-orig,train-01706,original,0,tigers score 11 yesterday and 0 through 8 today i'm shocked,sarcastic
train-01706-interp1,train-01706,interpretation,1,i'm not shocked the tigers haven't scored today,not_sarcastic
train-01706-interp2,train-01706,interpretation,2,i'm not shocked at the tiger's scores,not_sarcastic
train-01707-orig,train-01707,original,0,though i feel like kane should get some merit for those set pieces,sarcastic
train-01707-interp1,train-01707,interpretation,1,kane should not get any merit for those pieces,not_sarcastic
train-01707-interp2,train-01707,interpretation,2,kane shouldn't get any merit at all,not_sarcastic
train-01708-orig,train-01708,original,0,this working till 5 am thing seems to be getting easier can't wait to do it all again tomorrow,sarcastic
train-01708-interp1,train-01708,interpretation,1,working to 5 am is hard and not getting easier,not_sarcastic
train-01708-interp2,train-01708,interpretation,2,i don't want to work till 5 am anymore especially not tomorrow,not_sarcastic
train-01709-orig,train-01709,original,0,this vietnamese restaurant is playing 90 s uncle kracker it don't get much more vietnamese than that,sarcastic
train-01709-interp1,train-01709,interpretation,1,viatnamese restaurant playing uncle kracker is not very viatnamese,not_sarcastic
train-01709-interp2,train-01709,interpretation,2,there is nothing vietnamese about uncle kracker,not_sarcastic
train-01710-orig,train-01710,original,0,this makes our children develop issues with valuing winning or success over their own livelihood and health great tradition,sarcastic
train-01710-interp1,train-01710,interpretation,1,this makes our children develop issues with valuing winning or success over their own livelihood and health not a great tradition,not_sarcastic
train-01710-interp2,train-01710,interpretation,2,this list makes up a horrible tradition,not_sarcastic
train-01711-orig,train-01711,original,0,this is my 600 th tweet and i'm just amazed i dont wanna tweet anything about it,sarcastic
train-01711-interp1,train-01711,interpretation,1,this is my 600 th tweet so i'm tweeting about it,not_sarcastic
train-01711-interp2,train-01711,interpretation,2,i'm not very humble,not_sarcastic
train-01712-orig,train-01712,original,0,this has proven to be a wonderful day to have tillman on my bench,sarcastic
train-01712-interp1,train-01712,interpretation,1,tillman should be playing,not_sarcastic
train-01712-interp2,train-01712,interpretation,2,i should have played tillman,not_sarcastic
train-01713-orig,train-01713,original,0,this has been a very cool and lucky morning for me so far can't wait to see what else happens today,sarcastic
train-01713-interp1,train-01713,interpretation,1,it has been a bad morning not excited about the rest of the day,not_sarcastic
train-01713-interp2,train-01713,interpretation,2,it has been a very uncool and unlucky morning i shudder to think what will happen next,not_sarcastic
train-01714-orig,train-01714,original,0,this guys form of flirting was giving me his turn at the stop amp then proceeding to follow me home amp we say chivalry is dead 911,sarcastic
train-01714-interp1,train-01714,interpretation,1,this guy is stalking me,not_sarcastic
train-01714-interp2,train-01714,interpretation,2,creeper is creeping he should stop,not_sarcastic
train-01715-orig,train-01715,original,0,this game is going exactly how i thought it would go,sarcastic
train-01715-interp1,train-01715,interpretation,1,this game is not going how i thought it would,not_sarcastic
train-01715-interp2,train-01715,interpretation,2,this game is not going the way i want,not_sarcastic
train-01716-orig,train-01716,original,0,this family party is suuuuper lit,sarcastic
train-01716-interp1,train-01716,interpretation,1,this family party sucks,not_sarcastic
train-01716-interp2,train-01716,interpretation,2,this family party is very boring,not_sarcastic
train-01717-orig,train-01717,original,0,this dumb bitxh literally takes joke serious wtf is wrong with her,sarcastic
train-01717-interp1,train-01717,interpretation,1,she is so dumb she never understands jokes,not_sarcastic
train-01717-interp2,train-01717,interpretation,2,this dumb bitch literally takes joke serious wtf is wrong with her,not_sarcastic
train-01718-orig,train-01718,original,0,this day just keeps getting better,sarcastic
train-01718-interp1,train-01718,interpretation,1,this day is not getting better,not_sarcastic
train-01718-interp2,train-01718,interpretation,2,things are going badly,not_sarcastic
train-01719-orig,train-01719,original,0,think i might watch itv 1 to watch that amazingly enticing game again,sarcastic
train-01719-interp1,train-01719,interpretation,1,that game was not exciting,not_sarcastic
train-01719-interp2,train-01719,interpretation,2,i will not be watching it again as it was rubbish,not_sarcastic
train-01720-orig,train-01720,original,0,things i learned today from sports when commenters blame liberals and not obama we've made progress,sarcastic
train-01720-interp1,train-01720,interpretation,1,things i learned today from sports when commenters blame liberals and not obama we've made progress,not_sarcastic
train-01720-interp2,train-01720,interpretation,2,things i learned today from sports when commenters blame liberals and not obama we've made progress,not_sarcastic
train-01721-orig,train-01721,original,0,things i have heard in the press box this afternoon at mis this is really going to spice up the racing this race is great,sarcastic
train-01721-interp1,train-01721,interpretation,1,things i have heard in the press box this afternoon at mis this is really going to spice up the racing this race is great,not_sarcastic
train-01721-interp2,train-01721,interpretation,2,things i have heard in the press box this afternoon at mis this is really going to spice up the racing this race is great,not_sarcastic
train-01722-orig,train-01722,original,0,things are just so fucking awesome,sarcastic
train-01722-interp1,train-01722,interpretation,1,things are not awesome,not_sarcastic
train-01722-interp2,train-01722,interpretation,2,things are not fucking awesome at all,not_sarcastic
train-01723-orig,train-01723,original,0,things are going poorly here in lamberton first time for everything,sarcastic
train-01723-interp1,train-01723,interpretation,1,things usually go poorly in lamberton,not_sarcastic
train-01723-interp2,train-01723,interpretation,2,it always goes poorly in lamberton,not_sarcastic
train-01724-orig,train-01724,original,0,they should make more cop cia movies where kevin hart is humorously the small scared guy that somehow manages to save the day,sarcastic
train-01724-interp1,train-01724,interpretation,1,not more kevin hart cop movies please,not_sarcastic
train-01724-interp2,train-01724,interpretation,2,kevin hart is that in every movie,not_sarcastic
train-01725-orig,train-01725,original,0,they should make guns illegal just like drugs nobody could possibly use them then,sarcastic
train-01725-interp1,train-01725,interpretation,1,laws won't stop guns or drugs,not_sarcastic
train-01725-interp2,train-01725,interpretation,2,making guns illegal won't change anything just like the war on drugs,not_sarcastic
train-01726-orig,train-01726,original,0,there's something called e3 going on that everyone keeps tweeting about it looks boring,sarcastic
train-01726-interp1,train-01726,interpretation,1,e3 looks awesome,not_sarcastic
train-01726-interp2,train-01726,interpretation,2,e3 looks amazing and i wish i was there,not_sarcastic
train-01727-orig,train-01727,original,0,there's rarely an issue without a race angle almost as though people are doing it on purpose to exploit others,sarcastic
train-01727-interp1,train-01727,interpretation,1,people are bringing up race issues to exploit others,not_sarcastic
train-01727-interp2,train-01727,interpretation,2,they are doing it purpose,not_sarcastic
train-01728-orig,train-01728,original,0,there's nothing more satisfying than going bra shopping for 2 hours and finding just one that fits right,sarcastic
train-01728-interp1,train-01728,interpretation,1,finding a bra takes a long time,not_sarcastic
train-01728-interp2,train-01728,interpretation,2,i've wasted my day with little gain,not_sarcastic
train-01729-orig,train-01729,original,0,there's a great need for a font,sarcastic
train-01729-interp1,train-01729,interpretation,1,there's a great need for a font,not_sarcastic
train-01729-interp2,train-01729,interpretation,2,there's a great need for a font,not_sarcastic
train-01730-orig,train-01730,original,0,there is so much nudity on tv shows these days it is getting out of hands it makes me shake my fist in anger,sarcastic
train-01730-interp1,train-01730,interpretation,1,i like the nudity on tv,not_sarcastic
train-01730-interp2,train-01730,interpretation,2,i love the nudity on tv wish there was more,not_sarcastic
train-01731-orig,train-01731,original,0,there is a lot of cursing and sighing coming from the plumber must be going well,sarcastic
train-01731-interp1,train-01731,interpretation,1,the cursing plumber is not a good sign,not_sarcastic
train-01731-interp2,train-01731,interpretation,2,the cursing coming from the plumber tells me it's not going well,not_sarcastic
train-01732-orig,train-01732,original,0,there are 3 types of mills in pakistan cotton millsugar millbeta tu bahir mill,sarcastic
train-01732-interp1,train-01732,interpretation,1,there are 3 types of mills in pakistan cotton millsugar millbeta tu bahir mill,not_sarcastic
train-01732-interp2,train-01732,interpretation,2,there are 3 types of mills in pakistan cotton millsugar millbeta tu bahir mill,not_sarcastic
train-01733-orig,train-01733,original,0,then a little disagreement at work can turn into an old texas drawdown,sarcastic
train-01733-interp1,train-01733,interpretation,1,then a little disagreement at work can turn into an old texas drawdown,not_sarcastic
train-01733-interp2,train-01733,interpretation,2,then a little disagreement at work can turn into an old texas drawdown,not_sarcastic
train-01734-orig,train-01734,original,0,the ultimate joy of is corrected by the a person who think you said something wrong and then they realize it was a insultdart,sarcastic
train-01734-interp1,train-01734,interpretation,1,i love being sarcastic and that people don't get it,not_sarcastic
train-01734-interp2,train-01734,interpretation,2,sarcasm is fun,not_sarcastic
train-01735-orig,train-01735,original,0,the so called holy month of bombadan starts tomorrow it's a religion of peace promise,sarcastic
train-01735-interp1,train-01735,interpretation,1,the so called holy month of bombadan starts tomorrow it's not a religion of peace promise,not_sarcastic
train-01735-interp2,train-01735,interpretation,2,i blame all of them for the actions of a few,not_sarcastic
train-01736-orig,train-01736,original,0,the seeming lack of outrage in malaysia over the killings of minorities in bangladesh by militant groups oh wait minorities,sarcastic
train-01736-interp1,train-01736,interpretation,1,no one cares about minorities,not_sarcastic
train-01736-interp2,train-01736,interpretation,2,the seeming lack of outrage in malaysia over the killings of minorities in bangladesh by militant groups oh wait minorities,not_sarcastic
train-01737-orig,train-01737,original,0,the proliferation of guns had nothing to do with the fact that 50 are dead he could have done that with a knife too smh,sarcastic
train-01737-interp1,train-01737,interpretation,1,gun access caused the orlando shooting,not_sarcastic
train-01737-interp2,train-01737,interpretation,2,there is no way he could have killed so many with a knife,not_sarcastic
train-01738-orig,train-01738,original,0,the problem with people is they dont understand and built wrong notions about u even when u have been a good man D,sarcastic
train-01738-interp1,train-01738,interpretation,1,the problem with people is they dont understand and built wrong notions about u even when u have been a good man D,not_sarcastic
train-01738-interp2,train-01738,interpretation,2,the problem with people is they dont understand and built wrong notions about u even when u have been a good man D,not_sarcastic
train-01739-orig,train-01739,original,0,the only reason engineers do mba is because they don't want engineering to be the biggest mistake of their life,sarcastic
train-01739-interp1,train-01739,interpretation,1,engineers waste time getting an mba,not_sarcastic
train-01739-interp2,train-01739,interpretation,2,that's not the reason they do it and engineering is great,not_sarcastic
train-01740-orig,train-01740,original,0,the only battle to be won here is mental illness sorry if i am fighting it on my twitter,sarcastic
train-01740-interp1,train-01740,interpretation,1,the only battle to be won here is mental illness sorry if i am fighting it on my twitter,not_sarcastic
train-01740-interp2,train-01740,interpretation,2,the only battle to be won here is mental illness sorry if i am fighting it on my twitter,not_sarcastic
train-01741-orig,train-01741,original,0,the minimal sleep i got last night and the fact that i haven't ate anything but some oatmeal today is helping my mood immensely,sarcastic
train-01741-interp1,train-01741,interpretation,1,lack of food and sleep has me grumpy,not_sarcastic
train-01741-interp2,train-01741,interpretation,2,i'm in a bad mood because i didn't sleep or eat properly,not_sarcastic
train-01742-orig,train-01742,original,0,the men of ig with sexual posts never post their face ever i wonder why,sarcastic
train-01742-interp1,train-01742,interpretation,1,the men of ig never post their faces because they are ugly,not_sarcastic
train-01742-interp2,train-01742,interpretation,2,i see some small dicks,not_sarcastic
train-01743-orig,train-01743,original,0,the largest mass shooting in us history thank god guns are allowed for self defence as they clearly helped,sarcastic
train-01743-interp1,train-01743,interpretation,1,gun access didn't stop orlando,not_sarcastic
train-01743-interp2,train-01743,interpretation,2,guns for self defence didn't help in the latest mass shootings,not_sarcastic
train-01744-orig,train-01744,original,0,the joys of having no car it's so great,sarcastic
train-01744-interp1,train-01744,interpretation,1,i don't like not having a car,not_sarcastic
train-01744-interp2,train-01744,interpretation,2,i wish i had a car,not_sarcastic
train-01745-orig,train-01745,original,0,the ifp still exists ? wow good luck for the elections guys your history will make you 1,sarcastic
train-01745-interp1,train-01745,interpretation,1,your history will not make you number 1,not_sarcastic
train-01745-interp2,train-01745,interpretation,2,you are going to lose your elections,not_sarcastic
train-01746-orig,train-01746,original,0,the highway started playing a new song from stapleton it's not parachute it's devil named music i know shocking isn't it,sarcastic
train-01746-interp1,train-01746,interpretation,1,it's not shocking they played a different song,not_sarcastic
train-01746-interp2,train-01746,interpretation,2,it's not shocking at all,not_sarcastic
train-01747-orig,train-01747,original,0,the heroic statesmanship being shown right now among republican leaders is truly awe inspiring,sarcastic
train-01747-interp1,train-01747,interpretation,1,the republicans are not inspiring,not_sarcastic
train-01747-interp2,train-01747,interpretation,2,the republicans statesman are showing a lack of heroism or dignity,not_sarcastic
train-01748-orig,train-01748,original,0,the height of testing someone's patience is staying alive and refusing to die,sarcastic
train-01748-interp1,train-01748,interpretation,1,the height of testing someone's patience is staying alive and refusing to die,not_sarcastic
train-01748-interp2,train-01748,interpretation,2,the height of testing someone's patience is staying alive and refusing to die,not_sarcastic
train-01749-orig,train-01749,original,0,the guy who discovered milk what was he doing with the cow ?,sarcastic
train-01749-interp1,train-01749,interpretation,1,the guy who discovered milk what was he doing with the cow ?,not_sarcastic
train-01749-interp2,train-01749,interpretation,2,milk is great thanks guy from history,not_sarcastic
train-01750-orig,train-01750,original,0,the good thing is that i need to finish papers and reports for the rest of the day,sarcastic
train-01750-interp1,train-01750,interpretation,1,i'm not excited about having to do papers and reports,not_sarcastic
train-01750-interp2,train-01750,interpretation,2,i hate that i need to do this studying and homework,not_sarcastic
train-01751-orig,train-01751,original,0,the giants lose pence is hurt and i'm sitting next to dodgers fans at the bar my life is complete now,sarcastic
train-01751-interp1,train-01751,interpretation,1,the giants lose pence is hurt and i'm sitting next to dodgers fans at the bar this sucks,not_sarcastic
train-01751-interp2,train-01751,interpretation,2,i am very upset with the events of the day,not_sarcastic
train-01752-orig,train-01752,original,0,the fact that i have to wake up at 4 makes me happy,sarcastic
train-01752-interp1,train-01752,interpretation,1,i'm not happy that i have to wake up at 4,not_sarcastic
train-01752-interp2,train-01752,interpretation,2,i'm not happy about the early start,not_sarcastic
train-01753-orig,train-01753,original,0,the etihad is full first time ever,sarcastic
train-01753-interp1,train-01753,interpretation,1,the etihad is full as always,not_sarcastic
train-01753-interp2,train-01753,interpretation,2,etihad is always full,not_sarcastic
train-01754-orig,train-01754,original,0,the days i end the day cussing up a storm are the best days,sarcastic
train-01754-interp1,train-01754,interpretation,1,the days i end up cussing are the worst,not_sarcastic
train-01754-interp2,train-01754,interpretation,2,i have had a very frustrating day,not_sarcastic
train-01755-orig,train-01755,original,0,the clear industrial trash bags and multiple bottles of olde english 800 hanging out of your big blue really show off your success,sarcastic
train-01755-interp1,train-01755,interpretation,1,the clear industrial trash bags and multiple bottles of olde english 800 hanging out of your big blue don't really show off your success,not_sarcastic
train-01755-interp2,train-01755,interpretation,2,you might have a drinking problem,not_sarcastic
train-01756-orig,train-01756,original,0,the braves trade jason grilli ? color me surprised,sarcastic
train-01756-interp1,train-01756,interpretation,1,no surprise the braves traded jason grilli,not_sarcastic
train-01756-interp2,train-01756,interpretation,2,it's not surprising that he got traded,not_sarcastic
train-01757-orig,train-01757,original,0,the bowflex is an overall effective worthwhile piece of equipment,sarcastic
train-01757-interp1,train-01757,interpretation,1,the bowflex is a waste of money,not_sarcastic
train-01757-interp2,train-01757,interpretation,2,the boxflex is a piece of rubbish,not_sarcastic
train-01758-orig,train-01758,original,0,the best thing about returning from a 10 day trip ? catching up on mounds of emails,sarcastic
train-01758-interp1,train-01758,interpretation,1,the worst thing about returning from a 10 day trip ? catching up on mounds of emails,not_sarcastic
train-01758-interp2,train-01758,interpretation,2,the worst part of returning from a trip is sorting through all the emails,not_sarcastic
train-01759-orig,train-01759,original,0,the answer is simply more guns when you go out partying and drinking,sarcastic
train-01759-interp1,train-01759,interpretation,1,guns are not a good idea for drunk people,not_sarcastic
train-01759-interp2,train-01759,interpretation,2,guns are not the answer to the problem,not_sarcastic
train-01760-orig,train-01760,original,0,the ab workout i'm getting from all this coughing is awesome,sarcastic
train-01760-interp1,train-01760,interpretation,1,all this coughing sucks,not_sarcastic
train-01760-interp2,train-01760,interpretation,2,i think i broke a rib from coughing and it sucks,not_sarcastic
train-01761-orig,train-01761,original,0,the 2020 dodge charger looks a lot like the dodge intrepid and we all know what a fabulous piece of machinery that was,sarcastic
train-01761-interp1,train-01761,interpretation,1,the dodge intrepid was a bad car,not_sarcastic
train-01761-interp2,train-01761,interpretation,2,that car was a piece of rubbish and this one will be too,not_sarcastic
train-01762-orig,train-01762,original,0,the 2 presidential candidates trash talking each other on twitter like a couple of jh students isn't the least bit embarrassing,sarcastic
train-01762-interp1,train-01762,interpretation,1,presidential candidates talking trash to each other is embarrasing,not_sarcastic
train-01762-interp2,train-01762,interpretation,2,it's embarrassing that presidential candidates act like children online,not_sarcastic
train-01763-orig,train-01763,original,0,the double helix the bane of my existence,sarcastic
train-01763-interp1,train-01763,interpretation,1,the double helix the bane of my existence,not_sarcastic
train-01763-interp2,train-01763,interpretation,2,someone used sarcasm against me and i didn't like it,not_sarcastic
train-01764-orig,train-01764,original,0,that's why ramsay was not seen in the latest episode of got must have been busy preparing for the soccer aid game hahah P,sarcastic
train-01764-interp1,train-01764,interpretation,1,that's why ramsay was not seen in the latest episode of got must have been busy preparing for the soccer aid game hahah P,not_sarcastic
train-01764-interp2,train-01764,interpretation,2,that's why ramsay was not seen in the latest episode of got must have been busy preparing for the soccer aid game hahah P,not_sarcastic
train-01765-orig,train-01765,original,0,that's fucking brilliant,sarcastic
train-01765-interp1,train-01765,interpretation,1,that's stupid,not_sarcastic
train-01765-interp2,train-01765,interpretation,2,that's fucking stupid,not_sarcastic
train-01766-orig,train-01766,original,0,that's a shame england,sarcastic
train-01766-interp1,train-01766,interpretation,1,that's funny england,not_sarcastic
train-01766-interp2,train-01766,interpretation,2,suck it england,not_sarcastic
train-01767-orig,train-01767,original,0,that players was clearly unconscious but he's allowed to come back and play they definitely take concussions seriously in soccer,sarcastic
train-01767-interp1,train-01767,interpretation,1,they don't take concussions seriously in soccer,not_sarcastic
train-01767-interp2,train-01767,interpretation,2,soccer does not take concussions seriously,not_sarcastic
train-01768-orig,train-01768,original,0,that man is such a foolish congratulations on your foolishness,sarcastic
train-01768-interp1,train-01768,interpretation,1,that man is not foolish,not_sarcastic
train-01768-interp2,train-01768,interpretation,2,you're an idiot,not_sarcastic
train-01769-orig,train-01769,original,0,that level of life where ur honest compliment is considered as sarcasm,sarcastic
train-01769-interp1,train-01769,interpretation,1,people think i'm always sarcastic,not_sarcastic
train-01769-interp2,train-01769,interpretation,2,i'm just trying to be nice,not_sarcastic
train-01770-orig,train-01770,original,0,that just sounds like funnnnnnnn,sarcastic
train-01770-interp1,train-01770,interpretation,1,that doesn't sound fun,not_sarcastic
train-01770-interp2,train-01770,interpretation,2,whatever that is doesn't sound like a fun time,not_sarcastic
train-01771-orig,train-01771,original,0,that game was too close for comfory,sarcastic
train-01771-interp1,train-01771,interpretation,1,that game was a blowout,not_sarcastic
train-01771-interp2,train-01771,interpretation,2,my team is getting destroyed,not_sarcastic
train-01772-orig,train-01772,original,0,that combine sure is packed,sarcastic
train-01772-interp1,train-01772,interpretation,1,that combine is not packed,not_sarcastic
train-01772-interp2,train-01772,interpretation,2,that combine is not packed at all,not_sarcastic
train-01773-orig,train-01773,original,0,thanks obama,sarcastic
train-01773-interp1,train-01773,interpretation,1,thanks for nothing obama,not_sarcastic
train-01773-interp2,train-01773,interpretation,2,i blame obama for whatever is happening to me right now,not_sarcastic
train-01774-orig,train-01774,original,0,thanks tweeps,sarcastic
train-01774-interp1,train-01774,interpretation,1,no thanks to you tweeps,not_sarcastic
train-01774-interp2,train-01774,interpretation,2,you tweeps are jerks,not_sarcastic
train-01775-orig,train-01775,original,0,thanks today you've been great so much to fix so little time,sarcastic
train-01775-interp1,train-01775,interpretation,1,you've been terrible today,not_sarcastic
train-01775-interp2,train-01775,interpretation,2,you've broken everything and your are a horrible person,not_sarcastic
train-01776-orig,train-01776,original,0,thanks to the pittsburgh zoo's instagram feed i feel great for all the rich people playing with animals tonight in their tuxedos,sarcastic
train-01776-interp1,train-01776,interpretation,1,rich people annoy me,not_sarcastic
train-01776-interp2,train-01776,interpretation,2,i hate that rich people are having fun,not_sarcastic
train-01777-orig,train-01777,original,0,thanks to the elect president philippines is again trending,sarcastic
train-01777-interp1,train-01777,interpretation,1,the phillipine president is garnering unwanted attention,not_sarcastic
train-01777-interp2,train-01777,interpretation,2,the phillipine president is getting too much unwanted attention,not_sarcastic
train-01778-orig,train-01778,original,0,thanks to everyone who unfollowed me,sarcastic
train-01778-interp1,train-01778,interpretation,1,i don't like it when people unfollow me,not_sarcastic
train-01778-interp2,train-01778,interpretation,2,i'm pretending that i don't care you unfollowed me but i do,not_sarcastic
train-01779-orig,train-01779,original,0,thanks for unfollowing me,sarcastic
train-01779-interp1,train-01779,interpretation,1,i don't like when people unfollow me,not_sarcastic
train-01779-interp2,train-01779,interpretation,2,don't unfollow me,not_sarcastic
train-01780-orig,train-01780,original,0,thanks for the unfollowing me,sarcastic
train-01780-interp1,train-01780,interpretation,1,i don't like when people unfollow me,not_sarcastic
train-01780-interp2,train-01780,interpretation,2,please don't unfollow me i need the attention,not_sarcastic
train-01781-orig,train-01781,original,0,thanks for the love couldn't live without you,sarcastic
train-01781-interp1,train-01781,interpretation,1,i could make it without you,not_sarcastic
train-01781-interp2,train-01781,interpretation,2,i'm getting no love and hate you all,not_sarcastic
train-01782-orig,train-01782,original,0,thanks for everything,sarcastic
train-01782-interp1,train-01782,interpretation,1,thanks for nothing,not_sarcastic
train-01782-interp2,train-01782,interpretation,2,thanks for nothing,not_sarcastic
train-01783-orig,train-01783,original,0,thanks for encouraging and believing in me you guys are the best ever,sarcastic
train-01783-interp1,train-01783,interpretation,1,i wish you had supported me,not_sarcastic
train-01783-interp2,train-01783,interpretation,2,no one had any faith in me,not_sarcastic
train-01784-orig,train-01784,original,0,thanks for doing such thing to the boys fans at the airport sarcasm,sarcastic
train-01784-interp1,train-01784,interpretation,1,not excited about the airport treatment of boys,not_sarcastic
train-01784-interp2,train-01784,interpretation,2,what you did to the boy's fans at the airport was deplorable,not_sarcastic
train-01785-orig,train-01785,original,0,thanks for being so considerate,sarcastic
train-01785-interp1,train-01785,interpretation,1,you're a jerk,not_sarcastic
train-01785-interp2,train-01785,interpretation,2,thanks for being inconsiderate,not_sarcastic
train-01786-orig,train-01786,original,0,thanks atbat app for keeping me up to date,sarcastic
train-01786-interp1,train-01786,interpretation,1,the atbat app didn't update the score,not_sarcastic
train-01786-interp2,train-01786,interpretation,2,at bat app is not working at all,not_sarcastic
train-01787-orig,train-01787,original,0,thanks a lot for making me feel better lol,sarcastic
train-01787-interp1,train-01787,interpretation,1,that didn't make me feel better,not_sarcastic
train-01787-interp2,train-01787,interpretation,2,you didn't make me feel better in fact you made it worse,not_sarcastic
train-01788-orig,train-01788,original,0,thankfully i moved back to a much safer city,sarcastic
train-01788-interp1,train-01788,interpretation,1,i did not move to a safer city,not_sarcastic
train-01788-interp2,train-01788,interpretation,2,i didn't move to a safer city at all,not_sarcastic
train-01789-orig,train-01789,original,0,thank you universe,sarcastic
train-01789-interp1,train-01789,interpretation,1,no thanks to you universe,not_sarcastic
train-01789-interp2,train-01789,interpretation,2,fuck you universe,not_sarcastic
train-01790-orig,train-01790,original,0,thank you to everyone that snapped me it's raining outside i didn't have eyes to see for myself,sarcastic
train-01790-interp1,train-01790,interpretation,1,i can see that it is raining for myself,not_sarcastic
train-01790-interp2,train-01790,interpretation,2,i know it's raining stop snapchatting about it raining,not_sarcastic
train-01791-orig,train-01791,original,0,thank you sbb blue tick kan saya at least i know i'm not what you looking for,sarcastic
train-01791-interp1,train-01791,interpretation,1,thank you sbb blue tick kan saya at least i know i'm not what you looking for,not_sarcastic
train-01791-interp2,train-01791,interpretation,2,thank you sbb blue tick kan saya at least i know i'm not what you looking for,not_sarcastic
train-01792-orig,train-01792,original,0,thank you philadelphia airport,sarcastic
train-01792-interp1,train-01792,interpretation,1,no thanks to you philidelphia airport,not_sarcastic
train-01792-interp2,train-01792,interpretation,2,fuck you philadelphia airport,not_sarcastic
train-01793-orig,train-01793,original,0,thank you for the help no seriously you made me feel soo much better,sarcastic
train-01793-interp1,train-01793,interpretation,1,you didn't make me feel any better with your help,not_sarcastic
train-01793-interp2,train-01793,interpretation,2,you made me feel soo much worse and didn't help me,not_sarcastic
train-01794-orig,train-01794,original,0,thank you for letting me know that sometime in the next 24 hours means between today and tomorrow i was a bit unsure there,sarcastic
train-01794-interp1,train-01794,interpretation,1,i know what 24 hours means,not_sarcastic
train-01794-interp2,train-01794,interpretation,2,i am completely aware of hour the 24 hour concept works,not_sarcastic
train-01795-orig,train-01795,original,0,thank you facebook for suggesting page after page of deceased pets it really makes my day,sarcastic
train-01795-interp1,train-01795,interpretation,1,i don't like the dead pet suggestions from facebook,not_sarcastic
train-01795-interp2,train-01795,interpretation,2,it ruins my day when facebook suggest dead pet pages,not_sarcastic
train-01796-orig,train-01796,original,0,thank u to all the ppl who constantly snapchat their entire saturday night away it helps me keep up with the new music around town,sarcastic
train-01796-interp1,train-01796,interpretation,1,i don't care about your saturday night out,not_sarcastic
train-01796-interp2,train-01796,interpretation,2,i don't care what you are listening too stop snapchatting me,not_sarcastic
train-01797-orig,train-01797,original,0,telling stories just to boost up your ego keep up the good work bro,sarcastic
train-01797-interp1,train-01797,interpretation,1,stop telling stories to boost your ego,not_sarcastic
train-01797-interp2,train-01797,interpretation,2,stop being an ass bro,not_sarcastic
train-01798-orig,train-01798,original,0,telling me to calm down when i'm mad always works its like everything i was mad about just went away because you said that,sarcastic
train-01798-interp1,train-01798,interpretation,1,telling me to calm down doesn't make me calm down,not_sarcastic
train-01798-interp2,train-01798,interpretation,2,telling me to calm down is only going to make me madder,not_sarcastic
train-01799-orig,train-01799,original,0,tell me again how the copa and the euros are on par with each other,sarcastic
train-01799-interp1,train-01799,interpretation,1,the copa and the euros are not on par with each other,not_sarcastic
train-01799-interp2,train-01799,interpretation,2,don't tell me again how they are on par with each other i'm sick of hearing it,not_sarcastic
train-01800-orig,train-01800,original,0,teenagers are the most rational beings on the planet,sarcastic
train-01800-interp1,train-01800,interpretation,1,teens are not rational,not_sarcastic
train-01800-interp2,train-01800,interpretation,2,teenagers are irrational,not_sarcastic
train-01801-orig,train-01801,original,0,technical difficulties are the best,sarcastic
train-01801-interp1,train-01801,interpretation,1,technical difficulties suck,not_sarcastic
train-01801-interp2,train-01801,interpretation,2,technical difficulties are the worst,not_sarcastic
train-01802-orig,train-01802,original,0,tailon is a fraud,sarcastic
train-01802-interp1,train-01802,interpretation,1,tailon is not a fraud,not_sarcastic
train-01802-interp2,train-01802,interpretation,2,tailon is legit,not_sarcastic
train-01803-orig,train-01803,original,0,surprising,sarcastic
train-01803-interp1,train-01803,interpretation,1,not surprising,not_sarcastic
train-01803-interp2,train-01803,interpretation,2,not surprising not at all,not_sarcastic
train-01804-orig,train-01804,original,0,surprised to see that the portway park and ride bus is an hour later tonight,sarcastic
train-01804-interp1,train-01804,interpretation,1,this bus is always late,not_sarcastic
train-01804-interp2,train-01804,interpretation,2,the bus is always late,not_sarcastic
train-01805-orig,train-01805,original,0,sure just ignore what i said it's cool,sarcastic
train-01805-interp1,train-01805,interpretation,1,don't ignore what i said,not_sarcastic
train-01805-interp2,train-01805,interpretation,2,it's not cool to ignore what i say i'm trying to help,not_sarcastic
train-01806-orig,train-01806,original,0,sure you make me feel super special,sarcastic
train-01806-interp1,train-01806,interpretation,1,you don't make me feel special,not_sarcastic
train-01806-interp2,train-01806,interpretation,2,you are not making me feel special,not_sarcastic
train-01807-orig,train-01807,original,0,summer vacation is so fun,sarcastic
train-01807-interp1,train-01807,interpretation,1,summer vacation is no fun at all,not_sarcastic
train-01807-interp2,train-01807,interpretation,2,this isn't the best summer vacation,not_sarcastic
train-01808-orig,train-01808,original,0,summer 2016 has been a blast already i am loving it so much woohoo,sarcastic
train-01808-interp1,train-01808,interpretation,1,this summer is a bummer,not_sarcastic
train-01808-interp2,train-01808,interpretation,2,i'm having a horrible summer,not_sarcastic
train-01809-orig,train-01809,original,0,summer 2016 has been a blast so far,sarcastic
train-01809-interp1,train-01809,interpretation,1,summer 2016 has not been fun,not_sarcastic
train-01809-interp2,train-01809,interpretation,2,summer 2016 has sucked,not_sarcastic
train-01810-orig,train-01810,original,0,such a surprise hamilton won absolutely no one saw that coming,sarcastic
train-01810-interp1,train-01810,interpretation,1,no surpise hamilton won,not_sarcastic
train-01810-interp2,train-01810,interpretation,2,everyone knew that hamilton was going to win,not_sarcastic
train-01811-orig,train-01811,original,0,such a great way to end a good day,sarcastic
train-01811-interp1,train-01811,interpretation,1,crappy way to end the day,not_sarcastic
train-01811-interp2,train-01811,interpretation,2,a horrible way to end a sucky day,not_sarcastic
train-01812-orig,train-01812,original,0,such a great start to my morning,sarcastic
train-01812-interp1,train-01812,interpretation,1,bad start to the day,not_sarcastic
train-01812-interp2,train-01812,interpretation,2,such a horrible start to my morning,not_sarcastic
train-01813-orig,train-01813,original,0,success is like being pregnant everyone says congratulations but nobody knows how many times you were fucked,sarcastic
train-01813-interp1,train-01813,interpretation,1,i had to work hard to get to where i am,not_sarcastic
train-01813-interp2,train-01813,interpretation,2,i had to work hard to achieve what i did with a lot of set backs,not_sarcastic
train-01814-orig,train-01814,original,0,subban has an incredible personality and has done countless amounts of charity work but how dare he copyright his nicknames,sarcastic
train-01814-interp1,train-01814,interpretation,1,subban has an incredible personality and has done countless amounts of charity work but how dare he copyright his nicknames,not_sarcastic
train-01814-interp2,train-01814,interpretation,2,subban can do what he wants he's awesome,not_sarcastic
train-01815-orig,train-01815,original,0,storm day is so lit right now,sarcastic
train-01815-interp1,train-01815,interpretation,1,storm day sucks,not_sarcastic
train-01815-interp2,train-01815,interpretation,2,this storm day sucks,not_sarcastic
train-01816-orig,train-01816,original,0,stop being prepaid and give me a minute,sarcastic
train-01816-interp1,train-01816,interpretation,1,stop talking to me with predefined time,not_sarcastic
train-01816-interp2,train-01816,interpretation,2,stop being prepaid and give me a minute,not_sarcastic
train-01817-orig,train-01817,original,0,stone cold coffee yum,sarcastic
train-01817-interp1,train-01817,interpretation,1,cold coffee is not good,not_sarcastic
train-01817-interp2,train-01817,interpretation,2,cold coffee is disgusting,not_sarcastic
train-01818-orig,train-01818,original,0,stomach pain and throwing up all day is a great way to spend my day,sarcastic
train-01818-interp1,train-01818,interpretation,1,being sick is no fun,not_sarcastic
train-01818-interp2,train-01818,interpretation,2,i'm sick and having a horrible day,not_sarcastic
train-01819-orig,train-01819,original,0,stocks rise as investors continue to cheer the dovish monetary policy stance of the lady fed chairpersonthingy googl good night,sarcastic
train-01819-interp1,train-01819,interpretation,1,stocks rise as investors continue to cheer the dovish monetary policy stance of the lady fed chairpersonthingy googl good night,not_sarcastic
train-01819-interp2,train-01819,interpretation,2,i don't understand the stock market,not_sarcastic
train-01820-orig,train-01820,original,0,stephenie o'brien is such a good request taker literally talked someone into requesting what she wanted to hear,sarcastic
train-01820-interp1,train-01820,interpretation,1,stephanie o ' brien is not a good request taker,not_sarcastic
train-01820-interp2,train-01820,interpretation,2,o'brien is really bad at taking requests,not_sarcastic
train-01821-orig,train-01821,original,0,stellar pp by the pens,sarcastic
train-01821-interp1,train-01821,interpretation,1,that was a horrible power play by the penguins,not_sarcastic
train-01821-interp2,train-01821,interpretation,2,the pens blew it,not_sarcastic
train-01822-orig,train-01822,original,0,staying up till 2 30 was a brilliant idea very productive,sarcastic
train-01822-interp1,train-01822,interpretation,1,bad idea staying up late not very productive,not_sarcastic
train-01822-interp2,train-01822,interpretation,2,it was not smart of productive for me to stay up so late,not_sarcastic
train-01823-orig,train-01823,original,0,staying at my boyfriend's i didn't dare use his shampoo it's for men i mean what if i accidentally used it amp grew a beard ?,sarcastic
train-01823-interp1,train-01823,interpretation,1,staying at my boyfriend's i didn't dare use his shampoo it's for men i mean what if i accidentally used it amp grew a beard ?,not_sarcastic
train-01823-interp2,train-01823,interpretation,2,staying at my boyfriend's i didn't dare use his shampoo it's for men i mean what if i accidentally used it amp grew a beard ?,not_sarcastic
train-01824-orig,train-01824,original,0,stat ultrasound ? awesome,sarcastic
train-01824-interp1,train-01824,interpretation,1,stat ultrasound is not a good thing,not_sarcastic
train-01824-interp2,train-01824,interpretation,2,this sucks and i want to go home,not_sarcastic
train-01825-orig,train-01825,original,0,starbucks rm15 it's worth it iced milo rm2 50 wtf its freaking expensive nowadays kids too funny sometimes,sarcastic
train-01825-interp1,train-01825,interpretation,1,starbucks is expensive,not_sarcastic
train-01825-interp2,train-01825,interpretation,2,these customers are stupid,not_sarcastic
train-01826-orig,train-01826,original,0,spike lee weighs about 27 pounds,sarcastic
train-01826-interp1,train-01826,interpretation,1,spike lee is thin,not_sarcastic
train-01826-interp2,train-01826,interpretation,2,spike is skinny as hell,not_sarcastic
train-01827-orig,train-01827,original,0,spent the entire morning teaching a sprite zombie to act like one my future suuure is bright,sarcastic
train-01827-interp1,train-01827,interpretation,1,spent the entire morning teaching a sprite zombie to act like one my future sucks,not_sarcastic
train-01827-interp2,train-01827,interpretation,2,these mediocre tasks are draining me,not_sarcastic
train-01828-orig,train-01828,original,0,spending the next two hours at walmart while i get new tires put on is so much fun,sarcastic
train-01828-interp1,train-01828,interpretation,1,spending the next 2 hours at walmart will not be fun,not_sarcastic
train-01828-interp2,train-01828,interpretation,2,fun would be doing something else than what i'm doing now getting tires,not_sarcastic
train-01829-orig,train-01829,original,0,spelled broth brotch today is a good day,sarcastic
train-01829-interp1,train-01829,interpretation,1,spelled broth brotch today is a bad day,not_sarcastic
train-01829-interp2,train-01829,interpretation,2,spelled broth brotch today will be a bad day,not_sarcastic
train-01830-orig,train-01830,original,0,speaking of siblings my mother informed me that my little brother got fired today color me shocked,sarcastic
train-01830-interp1,train-01830,interpretation,1,no big surprise my brother was fired,not_sarcastic
train-01830-interp2,train-01830,interpretation,2,i'm not shocked my brother got fired he's a loser,not_sarcastic
train-01831-orig,train-01831,original,0,speaking in front of a large crowd today so much fun,sarcastic
train-01831-interp1,train-01831,interpretation,1,not excited about public speaking today,not_sarcastic
train-01831-interp2,train-01831,interpretation,2,i hate talking in front of crowds,not_sarcastic
train-01832-orig,train-01832,original,0,somewhere b w chocolate hein kya uncle ? ? to chocolate wala hein kya ? ? we all grew up,sarcastic
train-01832-interp1,train-01832,interpretation,1,somewhere b w chocolate hein kya uncle ? ? to chocolate wala hein kya ? ? we all grew up,not_sarcastic
train-01832-interp2,train-01832,interpretation,2,somewhere b w chocolate hein kya uncle ? ? to chocolate wala hein kya ? ? we all grew up,not_sarcastic
train-01833-orig,train-01833,original,0,sometimes i wonder how many of the bots following me are truly interested in my game,sarcastic
train-01833-interp1,train-01833,interpretation,1,sometimes i wonder how many of the bots following me are truly interested in my game,not_sarcastic
train-01833-interp2,train-01833,interpretation,2,sometimes i wonder how many of the bots following me are truly interested in my game,not_sarcastic
train-01834-orig,train-01834,original,0,something about being in a predominately non 000 crowd of ppl rapping aloud nxgga in lyrics angers me i could be overreacting,sarcastic
train-01834-interp1,train-01834,interpretation,1,ppl shouldn't rap along nxgga in lyrics,not_sarcastic
train-01834-interp2,train-01834,interpretation,2,i'm not overreacting some people are horrible,not_sarcastic
train-01835-orig,train-01835,original,0,someone like ur post,sarcastic
train-01835-interp1,train-01835,interpretation,1,no one likes your post,not_sarcastic
train-01835-interp2,train-01835,interpretation,2,no one like ur post,not_sarcastic
train-01836-orig,train-01836,original,0,someone just told me they're voting for trump for religious reasons oh yeah because he's so religious and moral please,sarcastic
train-01836-interp1,train-01836,interpretation,1,trump is not religious or moral,not_sarcastic
train-01836-interp2,train-01836,interpretation,2,trump pretends to be religious and is immoral,not_sarcastic
train-01837-orig,train-01837,original,0,some seniors please invite me to your wedding despite saying that we aren't close i would love to attend your wedding,sarcastic
train-01837-interp1,train-01837,interpretation,1,i don't want to come to your wedding,not_sarcastic
train-01837-interp2,train-01837,interpretation,2,i have no intention of coming to your wedding we didn't even know each other that well,not_sarcastic
train-01838-orig,train-01838,original,0,solid closeout d by chef curry that's called,sarcastic
train-01838-interp1,train-01838,interpretation,1,bad defense by curry,not_sarcastic
train-01838-interp2,train-01838,interpretation,2,horrible close out,not_sarcastic
train-01839-orig,train-01839,original,0,social media didn't work for obama at all,sarcastic
train-01839-interp1,train-01839,interpretation,1,social media worked well for obama,not_sarcastic
train-01839-interp2,train-01839,interpretation,2,obama rocked social media,not_sarcastic
train-01840-orig,train-01840,original,0,so the window shattered on the truck i'm not even sure how that happened but that was a lovely twist to the day,sarcastic
train-01840-interp1,train-01840,interpretation,1,so the window shattered on the truck i'm not even sure how that happened but that was a crappy twist to the day,not_sarcastic
train-01840-interp2,train-01840,interpretation,2,it was the worst part of my day,not_sarcastic
train-01841-orig,train-01841,original,0,so you're telling me that if i don't tweet something for awhile everyone gets a notification of my tweet ? that's cool i guess,sarcastic
train-01841-interp1,train-01841,interpretation,1,so you're telling me that if i don't tweet something for awhile everyone gets a notification of my tweet ? that's weird,not_sarcastic
train-01841-interp2,train-01841,interpretation,2,that's not cool,not_sarcastic
train-01842-orig,train-01842,original,0,so when are we going to vote to leave the uk so britain can be great again darn welsh people coming over here taking our jobs,sarcastic
train-01842-interp1,train-01842,interpretation,1,we shouldn't vote to leave the uk,not_sarcastic
train-01842-interp2,train-01842,interpretation,2,the welsh are not ruining england just like mexicans are not ruining the us,not_sarcastic
train-01843-orig,train-01843,original,0,so tired of trips to the hospital so i'm just gonna die at home from now on in case anyone gets concerned lol,sarcastic
train-01843-interp1,train-01843,interpretation,1,i don't like hospital visits,not_sarcastic
train-01843-interp2,train-01843,interpretation,2,i am not dying just feel like it and fishing for comments,not_sarcastic
train-01844-orig,train-01844,original,0,so thrilled to have class lab from 9 am 4 pm tomorrow,sarcastic
train-01844-interp1,train-01844,interpretation,1,not excited about lab tomorrow,not_sarcastic
train-01844-interp2,train-01844,interpretation,2,i'm not thrilled to have class all day tomorrow,not_sarcastic
train-01845-orig,train-01845,original,0,so this kid has to stay in until saturday she's cooperated so well the entire pregnancy i'm sure this will be a breeze,sarcastic
train-01845-interp1,train-01845,interpretation,1,this kid has not cooperated the entire pregnancy this will not be easy,not_sarcastic
train-01845-interp2,train-01845,interpretation,2,this pregnancy has been horrible and i want this parasite out,not_sarcastic
train-01846-orig,train-01846,original,0,so the shooter had a job thought that was the problem,sarcastic
train-01846-interp1,train-01846,interpretation,1,whether of not the shooter had a job is not the problem,not_sarcastic
train-01846-interp2,train-01846,interpretation,2,so the shooter had a job i knew that wasn't the problem,not_sarcastic
train-01847-orig,train-01847,original,0,so the prof spent 15 minutes arguing with this person which is wonderful use of class time,sarcastic
train-01847-interp1,train-01847,interpretation,1,the teacher arguing with a student was a waste of time,not_sarcastic
train-01847-interp2,train-01847,interpretation,2,arguing with a student is a horrible use of class time,not_sarcastic
train-01848-orig,train-01848,original,0,so sketch wants 100 a year no backward compat for files same bugs and support for the promise of more secret features right on,sarcastic
train-01848-interp1,train-01848,interpretation,1,not excited about the new sketch update,not_sarcastic
train-01848-interp2,train-01848,interpretation,2,those features for the cost are not justified,not_sarcastic
train-01849-orig,train-01849,original,0,so paddelboarding is the new thing i sure can't wait to be hip and adventurous when i do it once an post it on instagram,sarcastic
train-01849-interp1,train-01849,interpretation,1,i am not excited about paddleboarding,not_sarcastic
train-01849-interp2,train-01849,interpretation,2,i have no interest in paddle boarding or pretending that i do it often for the sake of social media,not_sarcastic
train-01850-orig,train-01850,original,0,so my morning has been all about catching trains so i won't be late best way to workout whew,sarcastic
train-01850-interp1,train-01850,interpretation,1,worst way to workout is catching trains,not_sarcastic
train-01850-interp2,train-01850,interpretation,2,i am exhausted and unhappy about all the running i did to catch the trains,not_sarcastic
train-01851-orig,train-01851,original,0,so my allergies decide to show their faces this evening again great stuff,sarcastic
train-01851-interp1,train-01851,interpretation,1,i don't like having allergies,not_sarcastic
train-01851-interp2,train-01851,interpretation,2,it's not fun to have allergies,not_sarcastic
train-01852-orig,train-01852,original,0,so meryl spoofed drumpf last night can't wait for him to chime in amp take credit for shattering the glass ceiling amp her 3 oscars,sarcastic
train-01852-interp1,train-01852,interpretation,1,i don't look forward to trump feuding with meryl,not_sarcastic
train-01852-interp2,train-01852,interpretation,2,so meryl spoofed drumpf last night can't wait for him to chime in amp take credit for shattering the glass ceiling amp her 3 oscars,not_sarcastic
train-01853-orig,train-01853,original,0,so many people taking and using my pictures for themselves don't mention it,sarcastic
train-01853-interp1,train-01853,interpretation,1,so many people taking and using my pictures for themselves don't mention it,not_sarcastic
train-01853-interp2,train-01853,interpretation,2,i wish some people would give me credit for my photos,not_sarcastic
train-01854-orig,train-01854,original,0,so mad right now don't look at me don't touch me just don't great way to get ready for bed,sarcastic
train-01854-interp1,train-01854,interpretation,1,i'm in a bad mood not a great way to get ready for bed,not_sarcastic
train-01854-interp2,train-01854,interpretation,2,i'm in a bad mood bad way to get ready for bed,not_sarcastic
train-01855-orig,train-01855,original,0,so is a soda tax no longer regressive if it includes diet ? need clarification,sarcastic
train-01855-interp1,train-01855,interpretation,1,why is there a soda tax ?,not_sarcastic
train-01855-interp2,train-01855,interpretation,2,this doesn't require clarification,not_sarcastic
train-01856-orig,train-01856,original,0,so i put on a baseball game with my favorite baseball player to teach him guess who's the grown up now ?,sarcastic
train-01856-interp1,train-01856,interpretation,1,a baseball game with my favorite baseball player didn't teach him,not_sarcastic
train-01856-interp2,train-01856,interpretation,2,wasn't the most mature way of handling it,not_sarcastic
train-01857-orig,train-01857,original,0,so i just got pulled over this morning for speeding i was compliant and polite and he let me go why ? was it my skin color ?,sarcastic
train-01857-interp1,train-01857,interpretation,1,my race got me out of a ticket,not_sarcastic
train-01857-interp2,train-01857,interpretation,2,i think all cops are racist,not_sarcastic
train-01858-orig,train-01858,original,0,so i guess you could say i'm feeling great about myself,sarcastic
train-01858-interp1,train-01858,interpretation,1,i'm not feeling great about myself,not_sarcastic
train-01858-interp2,train-01858,interpretation,2,i'm not liking myself right now,not_sarcastic
train-01859-orig,train-01859,original,0,so i guess we should expect to see our game about the 7 th inning yeah that's about right oh maybe it'll be on secn alt,sarcastic
train-01859-interp1,train-01859,interpretation,1,so i guess we should expect to see our game about the 7 th inning yeah that's about right oh maybe it'll be on secn alt,not_sarcastic
train-01859-interp2,train-01859,interpretation,2,our team is not playing well,not_sarcastic
train-01860-orig,train-01860,original,0,so glad the ice cream truck came down my street and its 55 outside,sarcastic
train-01860-interp1,train-01860,interpretation,1,i don't like that the ice cream truck came down my street,not_sarcastic
train-01860-interp2,train-01860,interpretation,2,i'm not happy about the ice cream truck coming down my street at an early hour,not_sarcastic
train-01861-orig,train-01861,original,0,so glad the beltway super geniuses amp talk tv radio spared the gop from a walker or rubio nomination,sarcastic
train-01861-interp1,train-01861,interpretation,1,i wish walker or rubio were nominated,not_sarcastic
train-01861-interp2,train-01861,interpretation,2,they won't stop talking about it,not_sarcastic
train-01862-orig,train-01862,original,0,so glad i have so many friends and i'm not on the couch at 9 on the sunday of a long weekend,sarcastic
train-01862-interp1,train-01862,interpretation,1,i wish i had more friends,not_sarcastic
train-01862-interp2,train-01862,interpretation,2,i don't any friends i'm feeling lonely and that i'm wasting a long weekend,not_sarcastic
train-01863-orig,train-01863,original,0,so glad i got here on time for you to be 15 minutes late awesome,sarcastic
train-01863-interp1,train-01863,interpretation,1,not excited that you were late,not_sarcastic
train-01863-interp2,train-01863,interpretation,2,i'm not happy about your tardiness,not_sarcastic
train-01864-orig,train-01864,original,0,so glad everyone had a good weekend i hate you all,sarcastic
train-01864-interp1,train-01864,interpretation,1,i don t care that you had a good weekend,not_sarcastic
train-01864-interp2,train-01864,interpretation,2,i'm not glad you had a good weekend because i'm horrible,not_sarcastic
train-01865-orig,train-01865,original,0,so find the study that sounds best to you,sarcastic
train-01865-interp1,train-01865,interpretation,1,no study sounds best to me,not_sarcastic
train-01865-interp2,train-01865,interpretation,2,that's not how science works,not_sarcastic
train-01866-orig,train-01866,original,0,so far summer has been lame af,sarcastic
train-01866-interp1,train-01866,interpretation,1,summer has been awesome,not_sarcastic
train-01866-interp2,train-01866,interpretation,2,this summer has been awesome,not_sarcastic
train-01867-orig,train-01867,original,0,so 2016 is the year that reshoots is a story amp said movie is horrible sure it's not like reshoots are a normal thing,sarcastic
train-01867-interp1,train-01867,interpretation,1,re shoots are normal,not_sarcastic
train-01867-interp2,train-01867,interpretation,2,reshoots happen all the time for all different types of reasons,not_sarcastic
train-01868-orig,train-01868,original,0,snagged my cardigan this morning and just found snag in my new dress could today get any better ?,sarcastic
train-01868-interp1,train-01868,interpretation,1,snagged my cardigan this morning and just found snag in my new dress could today get any worse,not_sarcastic
train-01868-interp2,train-01868,interpretation,2,i'm having a real bad day,not_sarcastic
train-01869-orig,train-01869,original,0,sleeping with disappointment what a nice thing to dream about,sarcastic
train-01869-interp1,train-01869,interpretation,1,i don't like being dissapointed,not_sarcastic
train-01869-interp2,train-01869,interpretation,2,the worst thing to dream about is dissapointment,not_sarcastic
train-01870-orig,train-01870,original,0,sleep evades me this week just keeps getting better,sarcastic
train-01870-interp1,train-01870,interpretation,1,i can't sleep bad week,not_sarcastic
train-01870-interp2,train-01870,interpretation,2,insomnia is ruining my week,not_sarcastic
train-01871-orig,train-01871,original,0,skyvolt dies and jillow is now a thing great way to start the week,sarcastic
train-01871-interp1,train-01871,interpretation,1,not a great way to start the week,not_sarcastic
train-01871-interp2,train-01871,interpretation,2,horrible way to start the week,not_sarcastic
train-01872-orig,train-01872,original,0,six more years of college yay,sarcastic
train-01872-interp1,train-01872,interpretation,1,boo 6 more years of college,not_sarcastic
train-01872-interp2,train-01872,interpretation,2,six more years of college fuck,not_sarcastic
train-01873-orig,train-01873,original,0,sisterinlaw to my brother you should get a drink the alcohol makes you more tolerable,sarcastic
train-01873-interp1,train-01873,interpretation,1,sisterinlaw to my brother you should get a drink the alcohol makes you more tolerable,not_sarcastic
train-01873-interp2,train-01873,interpretation,2,alcohol makes you a dick,not_sarcastic
train-01874-orig,train-01874,original,0,sir please stop offering me candy it is creepy i like my candy experience to be from the back of an unmarked white van,sarcastic
train-01874-interp1,train-01874,interpretation,1,i don't take candy from strangers,not_sarcastic
train-01874-interp2,train-01874,interpretation,2,i don't like the scenarios but i like candy,not_sarcastic
train-01875-orig,train-01875,original,0,single person's notifications,sarcastic
train-01875-interp1,train-01875,interpretation,1,single person's notifications,not_sarcastic
train-01875-interp2,train-01875,interpretation,2,single person's notifications,not_sarcastic
train-01876-orig,train-01876,original,0,since the world hasn't exploded over a moto z w no 35 jack i'm looking forward to levelheaded reporting on the iphone in sept,sarcastic
train-01876-interp1,train-01876,interpretation,1,there will not be level headed reporting on the new iphone,not_sarcastic
train-01876-interp2,train-01876,interpretation,2,people go nuts for anything apple but not any other device,not_sarcastic
train-01877-orig,train-01877,original,0,sincas x lycett wouldnt have sent me into mourning could have still had a pretty strong ruck but at least we have jetta right,sarcastic
train-01877-interp1,train-01877,interpretation,1,i'm not excited we still have jetta,not_sarcastic
train-01877-interp2,train-01877,interpretation,2,this game is going to end badly,not_sarcastic
train-01878-orig,train-01878,original,0,silly rest of the world use fahrenheit like the rest of us,sarcastic
train-01878-interp1,train-01878,interpretation,1,no one else uses farenheit but us,not_sarcastic
train-01878-interp2,train-01878,interpretation,2,very few countries use fahrenheit but we refuse to advance,not_sarcastic
train-01879-orig,train-01879,original,0,silence is golden duct tape is silver,sarcastic
train-01879-interp1,train-01879,interpretation,1,silence is golden duct tape is silver,not_sarcastic
train-01879-interp2,train-01879,interpretation,2,silence is golden duct tape is silver,not_sarcastic
train-01880-orig,train-01880,original,0,shoutout to the poamoho fam for the birthday wishes,sarcastic
train-01880-interp1,train-01880,interpretation,1,why didn't you wish me happy birthday ?,not_sarcastic
train-01880-interp2,train-01880,interpretation,2,they forgot my birthday or are just being dicks,not_sarcastic
train-01881-orig,train-01881,original,0,shoutout to the pastors on my fb tl using the shooting in orlando as a way to condemn everyone to hell,sarcastic
train-01881-interp1,train-01881,interpretation,1,shame on pastors for using orlando to condemn others,not_sarcastic
train-01881-interp2,train-01881,interpretation,2,i find it disgusting that people are using a tragedy to promote their own hatred,not_sarcastic
train-01882-orig,train-01882,original,0,shoutout to my mom for making the house constantly smell like a mixture of a billion beauty products it's the best,sarcastic
train-01882-interp1,train-01882,interpretation,1,mom i don't like the way it smells in here,not_sarcastic
train-01882-interp2,train-01882,interpretation,2,mom uses way too much perfume and i hate it,not_sarcastic
train-01883-orig,train-01883,original,0,shout out to the mcdonald's for giving me bad food and making me sick right before work in two hours,sarcastic
train-01883-interp1,train-01883,interpretation,1,i wish mcdonalds hadn't sold me bad good and gotten me sick,not_sarcastic
train-01883-interp2,train-01883,interpretation,2,i hate your mcdonalds for making me sick,not_sarcastic
train-01884-orig,train-01884,original,0,shout out to my brother for hitting that factory reset button thank you,sarcastic
train-01884-interp1,train-01884,interpretation,1,my brother hit the reset button boo,not_sarcastic
train-01884-interp2,train-01884,interpretation,2,my brother the idiot jerk ruined my device,not_sarcastic
train-01885-orig,train-01885,original,0,should be a fun week,sarcastic
train-01885-interp1,train-01885,interpretation,1,should be a crappy week,not_sarcastic
train-01885-interp2,train-01885,interpretation,2,should be a horrible week,not_sarcastic
train-01886-orig,train-01886,original,0,short on empathy and patience today should be a great day,sarcastic
train-01886-interp1,train-01886,interpretation,1,today is not going to be good,not_sarcastic
train-01886-interp2,train-01886,interpretation,2,i'm cranky and it's going to be a bad day,not_sarcastic
train-01887-orig,train-01887,original,0,shocked bill ripken taking manny's side in the ventura vs machado pissing match,sarcastic
train-01887-interp1,train-01887,interpretation,1,not shocked bill ripken took manny's side,not_sarcastic
train-01887-interp2,train-01887,interpretation,2,bill ripken always plays favourites between ventura and machado,not_sarcastic
train-01888-orig,train-01888,original,0,she said bonjour which is funny cuz i didn't know she speaks japanese,sarcastic
train-01888-interp1,train-01888,interpretation,1,i didn't know she spoke french,not_sarcastic
train-01888-interp2,train-01888,interpretation,2,i'm aware that bonjour is french but i'm making a joke,not_sarcastic
train-01889-orig,train-01889,original,0,she likes the kids he likes the process,sarcastic
train-01889-interp1,train-01889,interpretation,1,she wantes kids and he wants to have sex,not_sarcastic
train-01889-interp2,train-01889,interpretation,2,she likes the kids he likes the process,not_sarcastic
train-01890-orig,train-01890,original,0,she got that wrong there's no failing economies in europe europe is prosperous that's why many want us to stay in,sarcastic
train-01890-interp1,train-01890,interpretation,1,europe's economy is not doing well,not_sarcastic
train-01890-interp2,train-01890,interpretation,2,europe's economy is in the toilet and we need to fix it,not_sarcastic
train-01891-orig,train-01891,original,0,sharing a bedroom with two snorers is a blessing,sarcastic
train-01891-interp1,train-01891,interpretation,1,sleeping in the same room as snorers is not cool,not_sarcastic
train-01891-interp2,train-01891,interpretation,2,can't sleep too much snoring,not_sarcastic
train-01892-orig,train-01892,original,0,shame someone hasn't invented tranquilizer darts or that gorilla would still be alive,sarcastic
train-01892-interp1,train-01892,interpretation,1,they could have tranquilized the gorilla,not_sarcastic
train-01892-interp2,train-01892,interpretation,2,tranq darts have been invented and they should have used them,not_sarcastic
train-01893-orig,train-01893,original,0,seriously i can't wait to be 70 kg,sarcastic
train-01893-interp1,train-01893,interpretation,1,i don't want to be 70 kg,not_sarcastic
train-01893-interp2,train-01893,interpretation,2,i don't want to be 70 kg,not_sarcastic
train-01894-orig,train-01894,original,0,seriously schultz could win the cup mact and klowe obviously saw this potential he is the difference you're welcome pens,sarcastic
train-01894-interp1,train-01894,interpretation,1,seriously schultz could win the cup mact and klowe obviously saw this potential he is the difference you're welcome pens,not_sarcastic
train-01894-interp2,train-01894,interpretation,2,fuck you pens schultz can win and they didn't see any potential,not_sarcastic
train-01895-orig,train-01895,original,0,selenators are so nice wow,sarcastic
train-01895-interp1,train-01895,interpretation,1,selenators are not nice,not_sarcastic
train-01895-interp2,train-01895,interpretation,2,selenators are horrible,not_sarcastic
train-01896-orig,train-01896,original,0,seeing the angry birds movie with my kids this should be fun,sarcastic
train-01896-interp1,train-01896,interpretation,1,i'm not looking forward to the movie,not_sarcastic
train-01896-interp2,train-01896,interpretation,2,this movie is going to be terrible,not_sarcastic
train-01897-orig,train-01897,original,0,season 1 winter is coming season 6 winter is coming global warmingkeep waiting,sarcastic
train-01897-interp1,train-01897,interpretation,1,season 1 winter is coming season 6 winter is coming global warmingkeep waiting,not_sarcastic
train-01897-interp2,train-01897,interpretation,2,season 1 winter is coming season 6 winter is coming global warmingkeep waiting,not_sarcastic
train-01898-orig,train-01898,original,0,school doctor and work what a great day,sarcastic
train-01898-interp1,train-01898,interpretation,1,school doctor and work what a bad day,not_sarcastic
train-01898-interp2,train-01898,interpretation,2,i have had a day without joy,not_sarcastic
train-01899-orig,train-01899,original,0,running around the city with my head cut off trying to make it to last minute castings is my favorite activity,sarcastic
train-01899-interp1,train-01899,interpretation,1,running around the city with my head cut off trying to make it to last minute castings is not my favorite activity,not_sarcastic
train-01899-interp2,train-01899,interpretation,2,i hate tunning around the city with my head cut off trying to make it to last minute castings,not_sarcastic
train-01900-orig,train-01900,original,0,run time is fun time,sarcastic
train-01900-interp1,train-01900,interpretation,1,run time is no fun,not_sarcastic
train-01900-interp2,train-01900,interpretation,2,run time is pain and discomfort time,not_sarcastic
train-01901-orig,train-01901,original,0,run the race in the fog as long as it's dry uber safe,sarcastic
train-01901-interp1,train-01901,interpretation,1,run the race in the fog as long as it's dry not safe,not_sarcastic
train-01901-interp2,train-01901,interpretation,2,it is not safe to run this race in the fog,not_sarcastic
train-01902-orig,train-01902,original,0,royals are scoring way too many runs this series,sarcastic
train-01902-interp1,train-01902,interpretation,1,royal are not scoring enough runs this series,not_sarcastic
train-01902-interp2,train-01902,interpretation,2,royals really need to score,not_sarcastic
train-01903-orig,train-01903,original,0,robbie savage s commentary is extremely neutral,sarcastic
train-01903-interp1,train-01903,interpretation,1,robbie savage is not a neutral commentator,not_sarcastic
train-01903-interp2,train-01903,interpretation,2,robbie's commentary is extremely biased,not_sarcastic
train-01904-orig,train-01904,original,0,rip stephen keshi one of the best musician nigeria has ever produced way better than wizkid olamideand davido,sarcastic
train-01904-interp1,train-01904,interpretation,1,stephen keshi was not a good musical artist,not_sarcastic
train-01904-interp2,train-01904,interpretation,2,stephen keshi was not a good musical artist,not_sarcastic
train-01905-orig,train-01905,original,0,right so i live in the state with both the highest unemployment rate and worst credit in the nation yay,sarcastic
train-01905-interp1,train-01905,interpretation,1,i live in a crappy state,not_sarcastic
train-01905-interp2,train-01905,interpretation,2,i live in a horrible place,not_sarcastic
train-01906-orig,train-01906,original,0,richmond is so diverse,sarcastic
train-01906-interp1,train-01906,interpretation,1,richmond is not diverse,not_sarcastic
train-01906-interp2,train-01906,interpretation,2,richmond is not diverse,not_sarcastic
train-01907-orig,train-01907,original,0,rex ryan claims he'll beat the patriots this year never heard that one before,sarcastic
train-01907-interp1,train-01907,interpretation,1,rex ryan always claims he will beat the patriots,not_sarcastic
train-01907-interp2,train-01907,interpretation,2,everyone says that rex and they are wrong,not_sarcastic
train-01908-orig,train-01908,original,0,removing earpiercing resonant frequencies from the 1 2 khz range is fun,sarcastic
train-01908-interp1,train-01908,interpretation,1,removing earpiercing resonant frequencies from the 1 2 khz range is not fun,not_sarcastic
train-01908-interp2,train-01908,interpretation,2,removing earpiercing resonant frequencies from the 1 2 khz range is not fun,not_sarcastic
train-01909-orig,train-01909,original,0,remember if everyone in the pulse nightclub had been allowed to carry guns none of this would ever have happened,sarcastic
train-01909-interp1,train-01909,interpretation,1,guns in a club would not have stopped the shooting,not_sarcastic
train-01909-interp2,train-01909,interpretation,2,it wouldn't have changed anything except maybe make more casualties,not_sarcastic
train-01910-orig,train-01910,original,0,remember when ambrose was us champ for like 8 months and defended it twice that was awesome,sarcastic
train-01910-interp1,train-01910,interpretation,1,remember when ambrose was us champ for like 8 months and defended it twice that sucked,not_sarcastic
train-01910-interp2,train-01910,interpretation,2,ambrose's us title run was dumb,not_sarcastic
train-01911-orig,train-01911,original,0,relationship is always between two but there are some ' screwedup heads ' who do not know how to count,sarcastic
train-01911-interp1,train-01911,interpretation,1,relationships are for two people,not_sarcastic
train-01911-interp2,train-01911,interpretation,2,people need to mind their own business when it comes to my relationship,not_sarcastic
train-01912-orig,train-01912,original,0,really shocked that umd couldn't close out on the men's lax championship,sarcastic
train-01912-interp1,train-01912,interpretation,1,no surprise that umd lost,not_sarcastic
train-01912-interp2,train-01912,interpretation,2,not shocked about umds failure at all,not_sarcastic
train-01913-orig,train-01913,original,0,really looking forward to going to asda,sarcastic
train-01913-interp1,train-01913,interpretation,1,not looking forwarrd to going to asda,not_sarcastic
train-01913-interp2,train-01913,interpretation,2,not looking forward to going to asda at all,not_sarcastic
train-01914-orig,train-01914,original,0,really looking forward to all the jehovah's witness coming to tims today,sarcastic
train-01914-interp1,train-01914,interpretation,1,i'm not looking forward to jehovas witnesses today,not_sarcastic
train-01914-interp2,train-01914,interpretation,2,i'm not looking forward to dealing with jehovah's witnesses,not_sarcastic
train-01915-orig,train-01915,original,0,really glad we got exactly 0 answers about the brand split tonight i was really hoping the random speculation would continue,sarcastic
train-01915-interp1,train-01915,interpretation,1,i want some answers about the brand split,not_sarcastic
train-01915-interp2,train-01915,interpretation,2,i really wanted answers on the brand split,not_sarcastic
train-01916-orig,train-01916,original,0,probs cause he thinks i'm oh so sexy,sarcastic
train-01916-interp1,train-01916,interpretation,1,he doesn't think i'm sexy,not_sarcastic
train-01916-interp2,train-01916,interpretation,2,i think he thinks i'm gross,not_sarcastic
train-01917-orig,train-01917,original,0,probably all the exercising and work i did today,sarcastic
train-01917-interp1,train-01917,interpretation,1,i didn't exercise or work today,not_sarcastic
train-01917-interp2,train-01917,interpretation,2,i didn't do anything active today,not_sarcastic
train-01918-orig,train-01918,original,0,pretty sure im done having kids im done going thru this cannot wait to sit in an office for 3 hours,sarcastic
train-01918-interp1,train-01918,interpretation,1,not looking forward to sitting in an office for 3 hours,not_sarcastic
train-01918-interp2,train-01918,interpretation,2,i'm not happy with my life,not_sarcastic
train-01919-orig,train-01919,original,0,pretty people am i beautifulme sure as hell you areugly people am i prettyme everyone is beautiful we are all gods children,sarcastic
train-01919-interp1,train-01919,interpretation,1,pretty people am i beautifulme sure as hell you areugly people am i prettyme everyone is beautiful we are all gods children,not_sarcastic
train-01919-interp2,train-01919,interpretation,2,pretty people am i beautifulme sure as hell you areugly people am i prettyme everyone is beautiful we are all gods children,not_sarcastic
train-01920-orig,train-01920,original,0,pretty good data the last few days,sarcastic
train-01920-interp1,train-01920,interpretation,1,bad data the last few days,not_sarcastic
train-01920-interp2,train-01920,interpretation,2,we got some horrible data,not_sarcastic
train-01921-orig,train-01921,original,0,pp for the penguins i wonder how this plays out ?,sarcastic
train-01921-interp1,train-01921,interpretation,1,pp for the penguins isn't going to end well,not_sarcastic
train-01921-interp2,train-01921,interpretation,2,i know how this works out and i'm not happy,not_sarcastic
train-01922-orig,train-01922,original,0,possibly the most exciting game i've ever seen with england fuck this going to bed,sarcastic
train-01922-interp1,train-01922,interpretation,1,this game is the worst,not_sarcastic
train-01922-interp2,train-01922,interpretation,2,this is the most boring game ever,not_sarcastic
train-01923-orig,train-01923,original,0,poop down 1 0 game is over,sarcastic
train-01923-interp1,train-01923,interpretation,1,unhappy about the game's result,not_sarcastic
train-01923-interp2,train-01923,interpretation,2,the game is not over never give up,not_sarcastic
train-01924-orig,train-01924,original,0,plus i third wheeled hard today and yesterday so this whole weekend has been great,sarcastic
train-01924-interp1,train-01924,interpretation,1,i've been a third wheel all weekend it hasn't been great,not_sarcastic
train-01924-interp2,train-01924,interpretation,2,this weekend has been horrible,not_sarcastic
train-01925-orig,train-01925,original,0,please don't take our guns away it's clearly working for us,sarcastic
train-01925-interp1,train-01925,interpretation,1,guns are not working for us,not_sarcastic
train-01925-interp2,train-01925,interpretation,2,guns are not working for us please feel free to take them,not_sarcastic
train-01926-orig,train-01926,original,0,please don't say embolo will start where that leave origi ? oh emolo starts so does origi coutinho firmino sturridge i get it,sarcastic
train-01926-interp1,train-01926,interpretation,1,please don't say embolo will start where that leave origi ? oh emolo starts so does origi coutinho firmino sturridge i get it,not_sarcastic
train-01926-interp2,train-01926,interpretation,2,embolo should start and origi should leave for good,not_sarcastic
train-01927-orig,train-01927,original,0,phwew i was worried hamilton wouldn't win for having best songwriter,sarcastic
train-01927-interp1,train-01927,interpretation,1,no surpise hamilton won,not_sarcastic
train-01927-interp2,train-01927,interpretation,2,i wasn't worried hamilton wasn't going to win it was a foregone conclusion,not_sarcastic
train-01928-orig,train-01928,original,0,pg county what a surprise,sarcastic
train-01928-interp1,train-01928,interpretation,1,pg county no surprise there,not_sarcastic
train-01928-interp2,train-01928,interpretation,2,it's not a surprise that it's pg county,not_sarcastic
train-01929-orig,train-01929,original,0,people with bad deeds drink tea in a hospital ward called casual tea,sarcastic
train-01929-interp1,train-01929,interpretation,1,people with bad deeds drink tea in a hospital ward called casual tea,not_sarcastic
train-01929-interp2,train-01929,interpretation,2,people with bad deeds drink tea in a hospital ward called casual tea,not_sarcastic
train-01930-orig,train-01930,original,0,people who writes you as ew or uew tell me about the great difference you brought to the world,sarcastic
train-01930-interp1,train-01930,interpretation,1,people who writes you as ew or uew tell me about the great difference you brought to the world,not_sarcastic
train-01930-interp2,train-01930,interpretation,2,people who writes you as ew or uew tell me about the great difference you brought to the world,not_sarcastic
train-01931-orig,train-01931,original,0,people who call before 10 am are my favorite kind of people,sarcastic
train-01931-interp1,train-01931,interpretation,1,i don't like calls before 10 am,not_sarcastic
train-01931-interp2,train-01931,interpretation,2,anyone who calls me before 10 is scum and i hate them,not_sarcastic
train-01932-orig,train-01932,original,0,people waving mexican flags attacking a woman is surely doing to help the clinton cause,sarcastic
train-01932-interp1,train-01932,interpretation,1,those people waving mexican flags have nothing to do with the clinton campaign,not_sarcastic
train-01932-interp2,train-01932,interpretation,2,that's not going to help clinton at all,not_sarcastic
train-01933-orig,train-01933,original,0,people talkin ' bout is jon snow alive or how was this years bbma and i'm here like i could really do something with a burger,sarcastic
train-01933-interp1,train-01933,interpretation,1,people talkin ' bout is jon snow alive or how was this years bbma and i'm here like i could really do something with a burger,not_sarcastic
train-01933-interp2,train-01933,interpretation,2,i don't care about game of thrones,not_sarcastic
train-01934-orig,train-01934,original,0,penguins really worked hard for those goals,sarcastic
train-01934-interp1,train-01934,interpretation,1,penguins didn't work hard to score,not_sarcastic
train-01934-interp2,train-01934,interpretation,2,penguins were gifted those goals,not_sarcastic
train-01935-orig,train-01935,original,0,pen is mightier than the sword it's true coz captions like haters gonna hate damage our brains more than any sword ever can,sarcastic
train-01935-interp1,train-01935,interpretation,1,pen is mightier than the sword it's true coz captions like haters gonna hate damage our brains more than any sword ever can,not_sarcastic
train-01935-interp2,train-01935,interpretation,2,pen is mightier than the sword it's true coz captions like haters gonna hate damage our brains more than any sword ever can,not_sarcastic
train-01936-orig,train-01936,original,0,party hard this friday,sarcastic
train-01936-interp1,train-01936,interpretation,1,didn't party hard this friday,not_sarcastic
train-01936-interp2,train-01936,interpretation,2,i'm going to bed early this friday,not_sarcastic
train-01937-orig,train-01937,original,0,part time job full time gainz,sarcastic
train-01937-interp1,train-01937,interpretation,1,part time job doesn't give full time pay,not_sarcastic
train-01937-interp2,train-01937,interpretation,2,i'm not making much money,not_sarcastic
train-01938-orig,train-01938,original,0,parents just picked up and decided to go golf in arizona for the weekend awesome good for them,sarcastic
train-01938-interp1,train-01938,interpretation,1,parents just picked up and decided to go golf in arizona for the weekend i wish i could go too,not_sarcastic
train-01938-interp2,train-01938,interpretation,2,my parents suck and i'm not happy about being left behind,not_sarcastic
train-01939-orig,train-01939,original,0,our neighbour from bavaria decided at fucking 5 30 am to mow the lawn i guess he's jetlagged or something,sarcastic
train-01939-interp1,train-01939,interpretation,1,our neighbour from bavaria decided at fucking 5 30 am to mow the lawn i guess he's jetlagged or something,not_sarcastic
train-01939-interp2,train-01939,interpretation,2,don't mow your lawn at 5 30 am jerk,not_sarcastic
train-01940-orig,train-01940,original,0,other than enforcing quotas that's worked well the anc wants adverts to be ' good for society ',sarcastic
train-01940-interp1,train-01940,interpretation,1,enforcing quotas has not worked,not_sarcastic
train-01940-interp2,train-01940,interpretation,2,that didn't work well,not_sarcastic
train-01941-orig,train-01941,original,0,ooh a card game,sarcastic
train-01941-interp1,train-01941,interpretation,1,boo a card game,not_sarcastic
train-01941-interp2,train-01941,interpretation,2,i'm not excited for a card game,not_sarcastic
train-01942-orig,train-01942,original,0,one rh for the night fresh from factory hahaha ang lamig super,sarcastic
train-01942-interp1,train-01942,interpretation,1,it's super cold so not fresh from the factory,not_sarcastic
train-01942-interp2,train-01942,interpretation,2,one rh for the night fresh from factory hahaha ang lamig super,not_sarcastic
train-01943-orig,train-01943,original,0,one of my favourite pick up line is wow you have good form for a girl,sarcastic
train-01943-interp1,train-01943,interpretation,1,i don't like sexist pick up lines,not_sarcastic
train-01943-interp2,train-01943,interpretation,2,this is a horrible pick up line don't use it,not_sarcastic
train-01944-orig,train-01944,original,0,one more shoutout to psvrgamer for being one of those people who just want to grow their own channels and not support others,sarcastic
train-01944-interp1,train-01944,interpretation,1,thanks for not supporting other people's channels,not_sarcastic
train-01944-interp2,train-01944,interpretation,2,thank you psvrgamer for supporting others and not being only self serving,not_sarcastic
train-01945-orig,train-01945,original,0,on your way out the door for work is a great time to find out all the umbrellas are missing including yours,sarcastic
train-01945-interp1,train-01945,interpretation,1,on your way out the door for work is a bad time to find out all the umbrellas are missing including yours,not_sarcastic
train-01945-interp2,train-01945,interpretation,2,it's bad to find that your umbrellas gone when you try to go home,not_sarcastic
train-01946-orig,train-01946,original,0,on the way to lowe's for pantry shelving yay,sarcastic
train-01946-interp1,train-01946,interpretation,1,not excited to get pantry shelving today,not_sarcastic
train-01946-interp2,train-01946,interpretation,2,my day is not very exciting,not_sarcastic
train-01947-orig,train-01947,original,0,on that note i'm an email machine today very productive,sarcastic
train-01947-interp1,train-01947,interpretation,1,i'm not being productive today,not_sarcastic
train-01947-interp2,train-01947,interpretation,2,too many emails is making it hard to get anything done,not_sarcastic
train-01948-orig,train-01948,original,0,on bus to city cus i missed last bus home from mq perks of living in a hole yay,sarcastic
train-01948-interp1,train-01948,interpretation,1,not excited to have missed the bus,not_sarcastic
train-01948-interp2,train-01948,interpretation,2,i hate living here where i miss the last bus,not_sarcastic
train-01949-orig,train-01949,original,0,omg rain 0,sarcastic
train-01949-interp1,train-01949,interpretation,1,we knew it was going to rain,not_sarcastic
train-01949-interp2,train-01949,interpretation,2,more rain,not_sarcastic
train-01950-orig,train-01950,original,0,omg kylie jenner is like so perfect she's such a great role model,sarcastic
train-01950-interp1,train-01950,interpretation,1,kylie jenner is a bad role model,not_sarcastic
train-01950-interp2,train-01950,interpretation,2,kylie jenner is a horrible person and should not be a role model for anyone,not_sarcastic
train-01951-orig,train-01951,original,0,omg i am so excited for the euro's,sarcastic
train-01951-interp1,train-01951,interpretation,1,i am not excited for the euros,not_sarcastic
train-01951-interp2,train-01951,interpretation,2,i'm not excited for the euros,not_sarcastic
train-01952-orig,train-01952,original,0,omg 0 is perez going to win ? ? ? D,sarcastic
train-01952-interp1,train-01952,interpretation,1,we knew perez was going to win,not_sarcastic
train-01952-interp2,train-01952,interpretation,2,no duh perez is going to win,not_sarcastic
train-01953-orig,train-01953,original,0,okay great way to start my day great just great thanks a lot included,sarcastic
train-01953-interp1,train-01953,interpretation,1,bad start to the day,not_sarcastic
train-01953-interp2,train-01953,interpretation,2,not ok horrible way to start my day this sucks fuck you,not_sarcastic
train-01954-orig,train-01954,original,0,ok blame it on the terrorists the fact that there's absolutely no gun control has nothing to do with what happened in orlando,sarcastic
train-01954-interp1,train-01954,interpretation,1,lack of gun control is why orlando happened,not_sarcastic
train-01954-interp2,train-01954,interpretation,2,gun control could have stopped this tragedy,not_sarcastic
train-01955-orig,train-01955,original,0,oil sugar and caffeine brilliant sean i love your diet tonight,sarcastic
train-01955-interp1,train-01955,interpretation,1,oil sugar and caffeine bad sean i hate your diet tonight,not_sarcastic
train-01955-interp2,train-01955,interpretation,2,oil sugar and caffeine dammit sean i hate your diet tonight,not_sarcastic
train-01956-orig,train-01956,original,0,ohnoes verlisify fans that live on his every word have me all figured out whatever shall i do ?,sarcastic
train-01956-interp1,train-01956,interpretation,1,verlisify fans don't have me figured out,not_sarcastic
train-01956-interp2,train-01956,interpretation,2,verlisify fans don't have me figured out,not_sarcastic
train-01957-orig,train-01957,original,0,ohhhh atlanta how i love your traffic,sarcastic
train-01957-interp1,train-01957,interpretation,1,i hate atlanta traffic,not_sarcastic
train-01957-interp2,train-01957,interpretation,2,i hate atlanta traffic,not_sarcastic
train-01958-orig,train-01958,original,0,oh my favorite time of year fireworks outside the window,sarcastic
train-01958-interp1,train-01958,interpretation,1,i don't like fireworks outside the window,not_sarcastic
train-01958-interp2,train-01958,interpretation,2,not my favourite time of the year,not_sarcastic
train-01959-orig,train-01959,original,0,oh you wouldn't date a bisexual guy because bi isn't a real sexuality to you ? what a loss for all bi guys that is,sarcastic
train-01959-interp1,train-01959,interpretation,1,you not dating a bi guy is not a big loss for them,not_sarcastic
train-01959-interp2,train-01959,interpretation,2,bi guys are not losing from you not dating them,not_sarcastic
train-01960-orig,train-01960,original,0,oh yey football,sarcastic
train-01960-interp1,train-01960,interpretation,1,boo football,not_sarcastic
train-01960-interp2,train-01960,interpretation,2,fuck football,not_sarcastic
train-01961-orig,train-01961,original,0,oh yay triple digit heat,sarcastic
train-01961-interp1,train-01961,interpretation,1,boo triple digit heat,not_sarcastic
train-01961-interp2,train-01961,interpretation,2,it's too hot,not_sarcastic
train-01962-orig,train-01962,original,0,oh yay another wonderful panic attack,sarcastic
train-01962-interp1,train-01962,interpretation,1,bummer a panic attack,not_sarcastic
train-01962-interp2,train-01962,interpretation,2,i do not want another panic attack,not_sarcastic
train-01963-orig,train-01963,original,0,oh yah drugs are so cool keep bragging about doing them on social media,sarcastic
train-01963-interp1,train-01963,interpretation,1,drugs are not cool quit posting them on social media,not_sarcastic
train-01963-interp2,train-01963,interpretation,2,drugs aren't cool stop bragging about them on social media,not_sarcastic
train-01964-orig,train-01964,original,0,oh the girls are so excited the showcase is in 15 mins they all can't wait,sarcastic
train-01964-interp1,train-01964,interpretation,1,the girls are not excited the showcase is in 15 mins they are bored,not_sarcastic
train-01964-interp2,train-01964,interpretation,2,the girls are not excited for the showcase at all,not_sarcastic
train-01965-orig,train-01965,original,0,oh thank god paul ryan finally embraced the donald i have been waiting with baited breath,sarcastic
train-01965-interp1,train-01965,interpretation,1,no one cares that paul ryan endorsed trump,not_sarcastic
train-01965-interp2,train-01965,interpretation,2,i don't care that paul ryan endorsed trump,not_sarcastic
train-01966-orig,train-01966,original,0,oh shit okay well amber heard was arrested for domestic violence seven years ago guess we gotta go home now,sarcastic
train-01966-interp1,train-01966,interpretation,1,oh shit okay well amber heard was arrested for domestic violence seven years ago guess we gotta go home now,not_sarcastic
train-01966-interp2,train-01966,interpretation,2,who cares about the past we are talking about the present,not_sarcastic
train-01967-orig,train-01967,original,0,oh noes i called someone on being condescending and privileged on the internet and now they're mad that never happens,sarcastic
train-01967-interp1,train-01967,interpretation,1,i called someone on being condescending and privileged on the internet and now they're mad that always happens,not_sarcastic
train-01967-interp2,train-01967,interpretation,2,i called someone on being condescending and privileged on the internet and now they're mad this always happens,not_sarcastic
train-01968-orig,train-01968,original,0,oh no someone blocked me because i had differing opinions from them about an anime waaa,sarcastic
train-01968-interp1,train-01968,interpretation,1,i don't care that someone blocked me because of my differing opinion,not_sarcastic
train-01968-interp2,train-01968,interpretation,2,i don't care that someone blocked me because of my differing opinion about anime,not_sarcastic
train-01969-orig,train-01969,original,0,oh no teacher women slept with a 13 year old boy im sure cant wait to see feminism side with the victim and defend this poor boy,sarcastic
train-01969-interp1,train-01969,interpretation,1,i bet feminists won't side with the victim,not_sarcastic
train-01969-interp2,train-01969,interpretation,2,if it was a male teacher there would be hell to pay,not_sarcastic
train-01970-orig,train-01970,original,0,oh its the ipl final woohoo,sarcastic
train-01970-interp1,train-01970,interpretation,1,i don't care about the ipl final,not_sarcastic
train-01970-interp2,train-01970,interpretation,2,i don't care that the ipl final is on,not_sarcastic
train-01971-orig,train-01971,original,0,oh in the newsroom young reporter looking at an editor's roledex how do fit that into your iphone ?,sarcastic
train-01971-interp1,train-01971,interpretation,1,oh in the newsroom young reporter looking at an editor's roledex how do fit that into your iphone ?,not_sarcastic
train-01971-interp2,train-01971,interpretation,2,oh in the newsroom young reporter looking at an editor's roledex how do fit that into your iphone ?,not_sarcastic
train-01972-orig,train-01972,original,0,oh i love waking up at 6 am cuz of a nightmare about my psycho ex good times,sarcastic
train-01972-interp1,train-01972,interpretation,1,i hate waking up from a nightmare about my ex,not_sarcastic
train-01972-interp2,train-01972,interpretation,2,i am not enjoying these nightmares about the ex at all,not_sarcastic
train-01973-orig,train-01973,original,0,oh i love it when depression is like hey so you wanna go to that party ? how about instead you can't even leave your apartment ?,sarcastic
train-01973-interp1,train-01973,interpretation,1,i hate depression,not_sarcastic
train-01973-interp2,train-01973,interpretation,2,i hate my depression,not_sarcastic
train-01974-orig,train-01974,original,0,oh i do hope the neighbours are going to have these parties after every england match,sarcastic
train-01974-interp1,train-01974,interpretation,1,i don't like my neighbors having parties after each england match,not_sarcastic
train-01974-interp2,train-01974,interpretation,2,i do not hope the neighbours have parties like this for every england match,not_sarcastic
train-01975-orig,train-01975,original,0,oh how i love going to work,sarcastic
train-01975-interp1,train-01975,interpretation,1,i hate going to work,not_sarcastic
train-01975-interp2,train-01975,interpretation,2,i hate my job,not_sarcastic
train-01976-orig,train-01976,original,0,oh how i love drunks,sarcastic
train-01976-interp1,train-01976,interpretation,1,i don't like drunks,not_sarcastic
train-01976-interp2,train-01976,interpretation,2,oh how i hate drunks,not_sarcastic
train-01977-orig,train-01977,original,0,oh great i see a couple you can't root for those teams quarrel blowing up my tl great way to spend a saturday,sarcastic
train-01977-interp1,train-01977,interpretation,1,oh great i see a couple you can't root for those teams quarrel blowing up my tl bad way to spend a saturday,not_sarcastic
train-01977-interp2,train-01977,interpretation,2,sports is ruining my social media experience,not_sarcastic
train-01978-orig,train-01978,original,0,oh great a new novel by jonathan safran foer,sarcastic
train-01978-interp1,train-01978,interpretation,1,boo a new novel by jonathan safran foer,not_sarcastic
train-01978-interp2,train-01978,interpretation,2,not another novel by jonathan safran foer,not_sarcastic
train-01979-orig,train-01979,original,0,oh goodie rain,sarcastic
train-01979-interp1,train-01979,interpretation,1,boo rain,not_sarcastic
train-01979-interp2,train-01979,interpretation,2,noooooo rain,not_sarcastic
train-01980-orig,train-01980,original,0,oh good wisdom tooth agony just in time for the weekend,sarcastic
train-01980-interp1,train-01980,interpretation,1,i'm not happy i have tooth pain on the weekend,not_sarcastic
train-01980-interp2,train-01980,interpretation,2,god damn wisdom tooth pain won't let me enjoy the weekend,not_sarcastic
train-01981-orig,train-01981,original,0,oh good the neighbours has hung out her washing so it will shortly rain which is good because we really need it,sarcastic
train-01981-interp1,train-01981,interpretation,1,we don't need any more rain,not_sarcastic
train-01981-interp2,train-01981,interpretation,2,we've had enough rain,not_sarcastic
train-01982-orig,train-01982,original,0,oh boy a sidney crosby retrospective oh look lemieux highlights too this is fun,sarcastic
train-01982-interp1,train-01982,interpretation,1,oh boy a sidney crosby retrospective oh look lemieux highlights too this sucks,not_sarcastic
train-01982-interp2,train-01982,interpretation,2,i'm not a fan of this retrospect,not_sarcastic
train-01983-orig,train-01983,original,0,of course size matters no one wants a small pizza i repeat no one,sarcastic
train-01983-interp1,train-01983,interpretation,1,of course size matters no one wants a small pizza i repeat no one,not_sarcastic
train-01983-interp2,train-01983,interpretation,2,of course size matters no one wants a small pizza i repeat no one,not_sarcastic
train-01984-orig,train-01984,original,0,obviously the only way to stop that shooting would have been if half the club goers were armed,sarcastic
train-01984-interp1,train-01984,interpretation,1,guns in a club would not have stopped the shooting,not_sarcastic
train-01984-interp2,train-01984,interpretation,2,being armed is not the solution to the problem,not_sarcastic
train-01985-orig,train-01985,original,0,obviously sandy hook was a false flag that's why no one has been able to buy or defend themselves with an ar 15 since,sarcastic
train-01985-interp1,train-01985,interpretation,1,people have bought ar15s since sandy hook,not_sarcastic
train-01985-interp2,train-01985,interpretation,2,sandy hook changed nothing you could still buy the gun,not_sarcastic
train-01986-orig,train-01986,original,0,obama endorsed his secretary of state for president ? no fucking way,sarcastic
train-01986-interp1,train-01986,interpretation,1,of course obama endorsed hillary,not_sarcastic
train-01986-interp2,train-01986,interpretation,2,of course obama endorsed her she was in his cabinet,not_sarcastic
train-01987-orig,train-01987,original,0,obama and madonna on jimmy fallon tonight sounds like a must see,sarcastic
train-01987-interp1,train-01987,interpretation,1,madonna and obama on jimmy fallon tonight and i don t care,not_sarcastic
train-01987-interp2,train-01987,interpretation,2,obama and madonna on jimmy fallon tonight not going to watch it that sounds horrible,not_sarcastic
train-01988-orig,train-01988,original,0,nvm i'm getting mary jo thx for the help,sarcastic
train-01988-interp1,train-01988,interpretation,1,thanks for nothing,not_sarcastic
train-01988-interp2,train-01988,interpretation,2,you were not helpful,not_sarcastic
train-01989-orig,train-01989,original,0,nuclear weapons are you serious ? seems like those will be in stock too i am so happy will my unwanted arsenal,sarcastic
train-01989-interp1,train-01989,interpretation,1,i'm not happy about weapon availability,not_sarcastic
train-01989-interp2,train-01989,interpretation,2,i'm not happy about the weapons situation,not_sarcastic
train-01990-orig,train-01990,original,0,nuclear bombs don't kill people people kill people everyone should have nuclear bombs in their homes to protect themselves,sarcastic
train-01990-interp1,train-01990,interpretation,1,nuclear weapons are not needed to defend yourself,not_sarcastic
train-01990-interp2,train-01990,interpretation,2,no one should have nuclear bombs or guns,not_sarcastic
train-01991-orig,train-01991,original,0,noway changing the rules right before the convention wouldn't expose their rigged system never,sarcastic
train-01991-interp1,train-01991,interpretation,1,changing the rules before the convention would show that the system is rigged,not_sarcastic
train-01991-interp2,train-01991,interpretation,2,the rigged system is exposed by last minute rule changes,not_sarcastic
train-01992-orig,train-01992,original,0,now they're forcing me to eat steak and prawns how unfortunate,sarcastic
train-01992-interp1,train-01992,interpretation,1,yay i get to have steak and prawns,not_sarcastic
train-01992-interp2,train-01992,interpretation,2,i am loving having steak and prawns,not_sarcastic
train-01993-orig,train-01993,original,0,nothing wont happen lol ha buying weapons is legal go buy yourself a grenade today,sarcastic
train-01993-interp1,train-01993,interpretation,1,nothing wont happen lol ha buying weapons is legal go buy yourself a grenade today,not_sarcastic
train-01993-interp2,train-01993,interpretation,2,don't buy a grenade weapons are bad,not_sarcastic
train-01994-orig,train-01994,original,0,nothing like people talking about their kids romances and travel misadventures to help pass the morning,sarcastic
train-01994-interp1,train-01994,interpretation,1,i don't like hearing about other people's kids romances and adventures,not_sarcastic
train-01994-interp2,train-01994,interpretation,2,i don't care about your kids or your travel stories,not_sarcastic
train-01995-orig,train-01995,original,0,nothing like getting made fun of to boost my self esteem,sarcastic
train-01995-interp1,train-01995,interpretation,1,getting made fun of doesn't boost my self esteem,not_sarcastic
train-01995-interp2,train-01995,interpretation,2,this does nothing for my self esteem,not_sarcastic
train-01996-orig,train-01996,original,0,nothing like getting called into work early,sarcastic
train-01996-interp1,train-01996,interpretation,1,i don't like getting called into work early,not_sarcastic
train-01996-interp2,train-01996,interpretation,2,day is ruined got called into work early,not_sarcastic
train-01997-orig,train-01997,original,0,nothing like a moving screen to get curry going thanks for continuing to not call it,sarcastic
train-01997-interp1,train-01997,interpretation,1,you should call fouls refs,not_sarcastic
train-01997-interp2,train-01997,interpretation,2,call the moving screen,not_sarcastic
train-01998-orig,train-01998,original,0,nothing is more terrifying than pronouns in the workplace,sarcastic
train-01998-interp1,train-01998,interpretation,1,pronouns in the workplace are not scary,not_sarcastic
train-01998-interp2,train-01998,interpretation,2,pc culture is making working hard,not_sarcastic
train-01999-orig,train-01999,original,0,nothing i love more then coming home to clean something i deep cleaned two days ago,sarcastic
train-01999-interp1,train-01999,interpretation,1,not excited about cleaning something i already cleaned,not_sarcastic
train-01999-interp2,train-01999,interpretation,2,i don't like cleaning things i've already cleaned,not_sarcastic
train-02000-orig,train-02000,original,0,nothing i enjoy more than sitting at the dmv after work,sarcastic
train-02000-interp1,train-02000,interpretation,1,i don't like sitting at the dmv after work,not_sarcastic
train-02000-interp2,train-02000,interpretation,2,i hate sitting in the dmv after work,not_sarcastic
train-02001-orig,train-02001,original,0,not that i'm afraid of heights i'm afraid of falling same difference lmao level 100,sarcastic
train-02001-interp1,train-02001,interpretation,1,i'm afraid of heights,not_sarcastic
train-02001-interp2,train-02001,interpretation,2,i'm afraid of heigts,not_sarcastic
train-02002-orig,train-02002,original,0,normal person's notifications,sarcastic
train-02002-interp1,train-02002,interpretation,1,normal person's notifications,not_sarcastic
train-02002-interp2,train-02002,interpretation,2,normal person's notifications,not_sarcastic
train-02003-orig,train-02003,original,0,nooo megarich ppl w light speed communications wouldn't conspire to take over the world,sarcastic
train-02003-interp1,train-02003,interpretation,1,mega rich people are conspiring to take over the world,not_sarcastic
train-02003-interp2,train-02003,interpretation,2,mega rich people are conspiring to take over the world,not_sarcastic
train-02004-orig,train-02004,original,0,nole playing 2 nd tomorrow that means he will finish his match on thursday,sarcastic
train-02004-interp1,train-02004,interpretation,1,nole takes a long time to play,not_sarcastic
train-02004-interp2,train-02004,interpretation,2,he takes forever to play,not_sarcastic
train-02005-orig,train-02005,original,0,no spotify i would not like a break to listen to an ad for 30 minutes of uninterrupted music,sarcastic
train-02005-interp1,train-02005,interpretation,1,no spotify i would not like a break to listen to an ad for 30 minutes of uninterrupted music,not_sarcastic
train-02005-interp2,train-02005,interpretation,2,i'm fine with listening to one ad for all the free music,not_sarcastic
train-02006-orig,train-02006,original,0,no one does it better than me,sarcastic
train-02006-interp1,train-02006,interpretation,1,everyone does it better than me,not_sarcastic
train-02006-interp2,train-02006,interpretation,2,i made a big mistake,not_sarcastic
train-02007-orig,train-02007,original,0,no decent sleep this week plus i ve got a whole lot of laundry and it feels sooooo good,sarcastic
train-02007-interp1,train-02007,interpretation,1,no decent sleep this week plus i ve got a whole lot of laundry and it sucks,not_sarcastic
train-02007-interp2,train-02007,interpretation,2,i'm tired i have laundry to do and i'm not happy about any of it,not_sarcastic
train-02008-orig,train-02008,original,0,no but seriously could today get any better ? ? ?,sarcastic
train-02008-interp1,train-02008,interpretation,1,today is getting worse,not_sarcastic
train-02008-interp2,train-02008,interpretation,2,today has been a bad day,not_sarcastic
train-02009-orig,train-02009,original,0,nicholls state is a noon game hahaha are you serious ? uga hosting a cupcake at high noon color me surprised,sarcastic
train-02009-interp1,train-02009,interpretation,1,i am not surprised the bad game is on early,not_sarcastic
train-02009-interp2,train-02009,interpretation,2,i am not surprised by the scheduling of this game,not_sarcastic
train-02010-orig,train-02010,original,0,nice to see crooked and goofy standing up for free speech,sarcastic
train-02010-interp1,train-02010,interpretation,1,they are not standing up for free speech,not_sarcastic
train-02010-interp2,train-02010,interpretation,2,nice to see crooked and goofy standing up for free speech,not_sarcastic
train-02011-orig,train-02011,original,0,nice to see all the condolences from the usual war mongers and hate preachers yay,sarcastic
train-02011-interp1,train-02011,interpretation,1,all the condolences are not genuine,not_sarcastic
train-02011-interp2,train-02011,interpretation,2,aweful to see all the condolences from the usual war mongers and hate preachers bummer,not_sarcastic
train-02012-orig,train-02012,original,0,nice to know people are there when you need them,sarcastic
train-02012-interp1,train-02012,interpretation,1,i wish people were there when you needed them,not_sarcastic
train-02012-interp2,train-02012,interpretation,2,people are not there when you need them,not_sarcastic
train-02013-orig,train-02013,original,0,nice day to work outside,sarcastic
train-02013-interp1,train-02013,interpretation,1,not a nice day to work outside,not_sarcastic
train-02013-interp2,train-02013,interpretation,2,bad day to work outside,not_sarcastic
train-02014-orig,train-02014,original,0,nice crowd in miami,sarcastic
train-02014-interp1,train-02014,interpretation,1,bad crowd in miami,not_sarcastic
train-02014-interp2,train-02014,interpretation,2,the miami crowd is terrible,not_sarcastic
train-02015-orig,train-02015,original,0,nice cross into the box by yedlin,sarcastic
train-02015-interp1,train-02015,interpretation,1,bad cross into the box by yedlin,not_sarcastic
train-02015-interp2,train-02015,interpretation,2,that cross by yedlin was terrible,not_sarcastic
train-02016-orig,train-02016,original,0,nice chinstrap,sarcastic
train-02016-interp1,train-02016,interpretation,1,that chinstrap sucks,not_sarcastic
train-02016-interp2,train-02016,interpretation,2,that chinstrap looks stupid,not_sarcastic
train-02017-orig,train-02017,original,0,nice cheer,sarcastic
train-02017-interp1,train-02017,interpretation,1,bad cheer,not_sarcastic
train-02017-interp2,train-02017,interpretation,2,that cheer sucked,not_sarcastic
train-02018-orig,train-02018,original,0,never mind this soccer aid crap on my tv where's the england game,sarcastic
train-02018-interp1,train-02018,interpretation,1,never mind this soccer aid crap on my tv where's the england game,not_sarcastic
train-02018-interp2,train-02018,interpretation,2,i am enjoying this soccer but i want the england game,not_sarcastic
train-02019-orig,train-02019,original,0,never had better support on qfx damn,sarcastic
train-02019-interp1,train-02019,interpretation,1,horrible support on qfx,not_sarcastic
train-02019-interp2,train-02019,interpretation,2,support on qfx is always terrible,not_sarcastic
train-02020-orig,train-02020,original,0,never forget only public school educated ex banker nigel farage can save you from the establishment,sarcastic
train-02020-interp1,train-02020,interpretation,1,nigel farage cannot save you from the establishment,not_sarcastic
train-02020-interp2,train-02020,interpretation,2,nigel farage is a idiot that can't save you,not_sarcastic
train-02021-orig,train-02021,original,0,netflix raised the rates by 2 bucks cancel my subscription,sarcastic
train-02021-interp1,train-02021,interpretation,1,netflix raised their subscription by 2 bucks get over it,not_sarcastic
train-02021-interp2,train-02021,interpretation,2,i'm not going to cancel my subscription over two dollars,not_sarcastic
train-02022-orig,train-02022,original,0,nelson mandela muhammad ali steve jobs all gone i wonder who is going to inspire us zain malik or justin bieber,sarcastic
train-02022-interp1,train-02022,interpretation,1,zain malik or justin bieber are not inspiring,not_sarcastic
train-02022-interp2,train-02022,interpretation,2,zain and justin are a joke stop making stupid people famous,not_sarcastic
train-02023-orig,train-02023,original,0,nearing tesco oh yay,sarcastic
train-02023-interp1,train-02023,interpretation,1,nearing tesco boo,not_sarcastic
train-02023-interp2,train-02023,interpretation,2,i'm not excited to be near tesco,not_sarcastic
train-02024-orig,train-02024,original,0,nah it's cool someone's using my account to pay for stuff but no we can just wait till tomorrow morning it's not a big deal,sarcastic
train-02024-interp1,train-02024,interpretation,1,it's a big deal that someone is using my account to pay for stuff,not_sarcastic
train-02024-interp2,train-02024,interpretation,2,it's not cool and a big deal that someone used me account,not_sarcastic
train-02025-orig,train-02025,original,0,my writing lately has been so chipper and cheery,sarcastic
train-02025-interp1,train-02025,interpretation,1,my writing has been dark lately,not_sarcastic
train-02025-interp2,train-02025,interpretation,2,i've been writing some dark and depressing things,not_sarcastic
train-02026-orig,train-02026,original,0,my twitter feed is 75 advertisements so that's cool,sarcastic
train-02026-interp1,train-02026,interpretation,1,i don't like all the ads on twitter,not_sarcastic
train-02026-interp2,train-02026,interpretation,2,there are way too many ads on facebook and it's pissing me off,not_sarcastic
train-02027-orig,train-02027,original,0,my training plan says hill repeats for today but im running 1 foot above sea level darn,sarcastic
train-02027-interp1,train-02027,interpretation,1,my training plan says hill repeats for today but im running 1 foot above sea level,not_sarcastic
train-02027-interp2,train-02027,interpretation,2,i'll take the easier exercise,not_sarcastic
train-02028-orig,train-02028,original,0,my therapist says i should be a comedian good to know my pain is funny,sarcastic
train-02028-interp1,train-02028,interpretation,1,my emotional pain is not funny,not_sarcastic
train-02028-interp2,train-02028,interpretation,2,i don't think my therapist is taking me seriously,not_sarcastic
train-02029-orig,train-02029,original,0,my superpower is to make a girl online to offline 2 minutes after i text her hi,sarcastic
train-02029-interp1,train-02029,interpretation,1,girls don't like me,not_sarcastic
train-02029-interp2,train-02029,interpretation,2,this is not my superpower but it tends to happen a lot,not_sarcastic
train-02030-orig,train-02030,original,0,my roommate is such a charming dude yes bitch at me about things that you yourself do reminds me of the great person you are,sarcastic
train-02030-interp1,train-02030,interpretation,1,my roomate is not a good guy,not_sarcastic
train-02030-interp2,train-02030,interpretation,2,my roommate is a piece of shit,not_sarcastic
train-02031-orig,train-02031,original,0,my phone literally just decided to never turn on again rip the genius bar is my favorite place in the world,sarcastic
train-02031-interp1,train-02031,interpretation,1,i hate the genius bar,not_sarcastic
train-02031-interp2,train-02031,interpretation,2,i hate the genius bar stupid broken phone,not_sarcastic
train-02032-orig,train-02032,original,0,my only hope today is that we manage 2 find some way 2 argue moronically w one another rather than ya know confront the problem,sarcastic
train-02032-interp1,train-02032,interpretation,1,we need to confront the problem,not_sarcastic
train-02032-interp2,train-02032,interpretation,2,my only hope today is that we manage 2 find some way 2 confront the problem,not_sarcastic
train-02033-orig,train-02033,original,0,my mom is the best on making me feel so much better about myself,sarcastic
train-02033-interp1,train-02033,interpretation,1,my mom doesn't make me feel better about myself,not_sarcastic
train-02033-interp2,train-02033,interpretation,2,my mom is the best at making me feel the worst,not_sarcastic
train-02034-orig,train-02034,original,0,my mom is gonna love our teams name for walleyball,sarcastic
train-02034-interp1,train-02034,interpretation,1,my mom is not going to like the team name,not_sarcastic
train-02034-interp2,train-02034,interpretation,2,my mom is going to be very upset at the inappropriate name i have chosen for me team,not_sarcastic
train-02035-orig,train-02035,original,0,my messages are acting up twitter keeps crashing man that's my life gone right there,sarcastic
train-02035-interp1,train-02035,interpretation,1,twitter is down who cares ?,not_sarcastic
train-02035-interp2,train-02035,interpretation,2,my life sucks because twitter isn't working,not_sarcastic
train-02036-orig,train-02036,original,0,my luck is amazing i just wanna say it i don't think it's ever been this great,sarcastic
train-02036-interp1,train-02036,interpretation,1,my luck stinks,not_sarcastic
train-02036-interp2,train-02036,interpretation,2,i'm having the worst luck like usual,not_sarcastic
train-02037-orig,train-02037,original,0,my life's just fucking great,sarcastic
train-02037-interp1,train-02037,interpretation,1,my life sucks,not_sarcastic
train-02037-interp2,train-02037,interpretation,2,my life is not fucking great,not_sarcastic
train-02038-orig,train-02038,original,0,my life has become nothing but me playing chrono trigger and rythme heaven i'm getting so much work done wow i'm so productive,sarcastic
train-02038-interp1,train-02038,interpretation,1,i am not being productive playing video games,not_sarcastic
train-02038-interp2,train-02038,interpretation,2,i'm not very productive because i keep wasting my time playing games,not_sarcastic
train-02039-orig,train-02039,original,0,my life couldnt get any better,sarcastic
train-02039-interp1,train-02039,interpretation,1,my life could be better,not_sarcastic
train-02039-interp2,train-02039,interpretation,2,i'm having a shit time,not_sarcastic
train-02040-orig,train-02040,original,0,my gf is really good at playing hide and seek i have not found her yet,sarcastic
train-02040-interp1,train-02040,interpretation,1,i don't have a girlfriend,not_sarcastic
train-02040-interp2,train-02040,interpretation,2,my gf is really good at playing hide and seek i have not found her yet,not_sarcastic
train-02041-orig,train-02041,original,0,my first day on the job fresh out of college and having to use my knowledge of how to find the missing side length of a triangle,sarcastic
train-02041-interp1,train-02041,interpretation,1,first day on the job and i don't have to use geometry,not_sarcastic
train-02041-interp2,train-02041,interpretation,2,my job is not up to my skill set,not_sarcastic
train-02042-orig,train-02042,original,0,my favorite thing to do on my days off clean the oil grease out of my uniforms,sarcastic
train-02042-interp1,train-02042,interpretation,1,i don't like cleaning my uniforms when i'm off work,not_sarcastic
train-02042-interp2,train-02042,interpretation,2,my least favourite activity but it needs to be done,not_sarcastic
train-02043-orig,train-02043,original,0,my favorite thing about living in a big city is all the on way streets they make driving so much easier and uncomplicated,sarcastic
train-02043-interp1,train-02043,interpretation,1,i don't like one way streets,not_sarcastic
train-02043-interp2,train-02043,interpretation,2,driving is a nightmare when you live in the city,not_sarcastic
train-02044-orig,train-02044,original,0,my favorite part of kids bday parties are when they blow the candles out amp you hear the saliva being expelled all over the cake,sarcastic
train-02044-interp1,train-02044,interpretation,1,i don't like kids bday parties when they blow the candles out amp you hear the saliva being expelled all over the cake,not_sarcastic
train-02044-interp2,train-02044,interpretation,2,could this kid not spit all over something i'm about to eat,not_sarcastic
train-02045-orig,train-02045,original,0,my favorite harry potter character was the sorting hat his job was to learn peoples secrets and then judge them,sarcastic
train-02045-interp1,train-02045,interpretation,1,my favorite harry potter character was the sorting hat his job was to learn peoples secrets and then judge them,not_sarcastic
train-02045-interp2,train-02045,interpretation,2,my favorite harry potter character was the sorting hat his job was to learn peoples secrets and then judge them,not_sarcastic
train-02046-orig,train-02046,original,0,my fat boss said if it doesn't start with salad i don't eat it in all about health lol,sarcastic
train-02046-interp1,train-02046,interpretation,1,my fat boss said if it doesn't start with salad i don't eat it in all about health lol,not_sarcastic
train-02046-interp2,train-02046,interpretation,2,she wouldn't be fat if she only ate salad must be deep fried salad,not_sarcastic
train-02047-orig,train-02047,original,0,my family is being so supportive today and making me feel great,sarcastic
train-02047-interp1,train-02047,interpretation,1,my family is not being supportive today,not_sarcastic
train-02047-interp2,train-02047,interpretation,2,my family is making me feel horrible by not being supportive,not_sarcastic
train-02048-orig,train-02048,original,0,my face stuck in a book is a sure sign i want to talk,sarcastic
train-02048-interp1,train-02048,interpretation,1,if i'm reading then i do not want to talk,not_sarcastic
train-02048-interp2,train-02048,interpretation,2,i'm reading don't talk to me,not_sarcastic
train-02049-orig,train-02049,original,0,my childhood friends have gone into some brilliant personality and i'm still here making jokes on social media they're still fools,sarcastic
train-02049-interp1,train-02049,interpretation,1,my childhood friends have gone into some brilliant personality and i'm still here making jokes on social media they're still fools,not_sarcastic
train-02049-interp2,train-02049,interpretation,2,my childhood friends have gone into some brilliant personality and i'm still here making jokes on social media they're still fools,not_sarcastic
train-02050-orig,train-02050,original,0,my brother will be ok,sarcastic
train-02050-interp1,train-02050,interpretation,1,my brother will not be ok,not_sarcastic
train-02050-interp2,train-02050,interpretation,2,my brother will not be ok,not_sarcastic
train-02051-orig,train-02051,original,0,my is spilling over but some still don't notice it good morning guys,sarcastic
train-02051-interp1,train-02051,interpretation,1,my is spilling over but some still don't notice it good morning guys,not_sarcastic
train-02051-interp2,train-02051,interpretation,2,some people are not taking the hint that i don't like them,not_sarcastic
train-02052-orig,train-02052,original,0,my is always misunderstood oh well,sarcastic
train-02052-interp1,train-02052,interpretation,1,my is always misunderstood oh well,not_sarcastic
train-02052-interp2,train-02052,interpretation,2,i am misunderstood,not_sarcastic
train-02053-orig,train-02053,original,0,mr hodgson with wilshire in the squad for the euros i believe england will be the greatest team at the tournament,sarcastic
train-02053-interp1,train-02053,interpretation,1,england will not be good in the tournament,not_sarcastic
train-02053-interp2,train-02053,interpretation,2,england is the worse team in the tournament,not_sarcastic
train-02054-orig,train-02054,original,0,moylan so great so strong in last line defence again,sarcastic
train-02054-interp1,train-02054,interpretation,1,moylan is not a great defensive player,not_sarcastic
train-02054-interp2,train-02054,interpretation,2,moylan is horrible and is weak as the last line of defence,not_sarcastic
train-02055-orig,train-02055,original,0,more rain for summer 2016 yay,sarcastic
train-02055-interp1,train-02055,interpretation,1,boo more rain,not_sarcastic
train-02055-interp2,train-02055,interpretation,2,i'm sick of the rain,not_sarcastic
train-02056-orig,train-02056,original,0,mookie betts really needs to improve his offense,sarcastic
train-02056-interp1,train-02056,interpretation,1,mookie betts is a good offensive player,not_sarcastic
train-02056-interp2,train-02056,interpretation,2,his offense is awesome,not_sarcastic
train-02057-orig,train-02057,original,0,monday is like that youtube ad that we cannot skip,sarcastic
train-02057-interp1,train-02057,interpretation,1,i hate monday and wish we could skip it,not_sarcastic
train-02057-interp2,train-02057,interpretation,2,monday is like that youtube ad that we cannot skip,not_sarcastic
train-02058-orig,train-02058,original,0,mlb draft is in a few days where's all the mock drafts ?,sarcastic
train-02058-interp1,train-02058,interpretation,1,there are a lot of mock drafts right before the mlb draft,not_sarcastic
train-02058-interp2,train-02058,interpretation,2,too many people talking about draft sick of it,not_sarcastic
train-02059-orig,train-02059,original,0,mirrors can t talk lucky for you they can t laugh either,sarcastic
train-02059-interp1,train-02059,interpretation,1,mirrors can t talk lucky for you they can t laugh either,not_sarcastic
train-02059-interp2,train-02059,interpretation,2,mirrors can t talk lucky for you they can t laugh either,not_sarcastic
train-02060-orig,train-02060,original,0,migraines are the best,sarcastic
train-02060-interp1,train-02060,interpretation,1,migraines suck,not_sarcastic
train-02060-interp2,train-02060,interpretation,2,migraines are the worst,not_sarcastic
train-02061-orig,train-02061,original,0,mh month over 100 awareness achieved right ?,sarcastic
train-02061-interp1,train-02061,interpretation,1,awareness campaigns do not make everyone aware of something,not_sarcastic
train-02061-interp2,train-02061,interpretation,2,people are still clueless,not_sarcastic
train-02062-orig,train-02062,original,0,mexico gets a favorable game changing call in a major tournament ? that is shocking,sarcastic
train-02062-interp1,train-02062,interpretation,1,mexico gets a favorable game changing call in a major tournament ? that is not shocking,not_sarcastic
train-02062-interp2,train-02062,interpretation,2,i think the mexican team is cheating,not_sarcastic
train-02063-orig,train-02063,original,0,means i need to start packing and if you know me well enough you know how much i love to pack,sarcastic
train-02063-interp1,train-02063,interpretation,1,i hate packing,not_sarcastic
train-02063-interp2,train-02063,interpretation,2,i really hate to pack,not_sarcastic
train-02064-orig,train-02064,original,0,me what's the person's name who studies water ? marc steve ?,sarcastic
train-02064-interp1,train-02064,interpretation,1,me what's the person's name who studies water ? marc steve ?,not_sarcastic
train-02064-interp2,train-02064,interpretation,2,it's not steve,not_sarcastic
train-02065-orig,train-02065,original,0,me to the hubs 2 bikes are complimentary at the resort hubs woohoo,sarcastic
train-02065-interp1,train-02065,interpretation,1,me to the hubs 2 bikes are complimentary at the resort hubs woohoo,not_sarcastic
train-02065-interp2,train-02065,interpretation,2,me to the hubs 2 bikes are complimentary at the resort hubs woohoo,not_sarcastic
train-02066-orig,train-02066,original,0,me pretending to listen should be enough for you,sarcastic
train-02066-interp1,train-02066,interpretation,1,i'm not listening to you,not_sarcastic
train-02066-interp2,train-02066,interpretation,2,me pretending to listen should be enough for you,not_sarcastic
train-02067-orig,train-02067,original,0,me do you wanna come over and eat what my mom made ? she what'd she make ? me me,sarcastic
train-02067-interp1,train-02067,interpretation,1,me do you wanna come over and eat what my mom made ? she what'd she make ? me me,not_sarcastic
train-02067-interp2,train-02067,interpretation,2,me do you wanna come over and eat what my mom made ? she what'd she make ? me me,not_sarcastic
train-02068-orig,train-02068,original,0,me i'm going for a shower oh ' women's football on tv you'll miss it'me tell them i'll play 2 nd half,sarcastic
train-02068-interp1,train-02068,interpretation,1,me i'm going for a shower oh ' women's football on tv you'll miss it'me i won't miss it,not_sarcastic
train-02068-interp2,train-02068,interpretation,2,me i'm going for a shower oh ' women's football on tv you'll miss it'me tell them i'll play 2 nd half,not_sarcastic
train-02069-orig,train-02069,original,0,maybe ms will launch their new system with this new dead rising because that worked great last time,sarcastic
train-02069-interp1,train-02069,interpretation,1,the last ms system launch with a dead rising game did not go well,not_sarcastic
train-02069-interp2,train-02069,interpretation,2,it blew up in their faces,not_sarcastic
train-02070-orig,train-02070,original,0,maybe if we tell people brain is an app they'll start using it,sarcastic
train-02070-interp1,train-02070,interpretation,1,people need to think once in a while,not_sarcastic
train-02070-interp2,train-02070,interpretation,2,they won't use their brains they're stupid,not_sarcastic
train-02071-orig,train-02071,original,0,maybe i should have added a hashtag for that,sarcastic
train-02071-interp1,train-02071,interpretation,1,maybe i should have added a hashtag for that,not_sarcastic
train-02071-interp2,train-02071,interpretation,2,maybe i should have added a hashtag for that,not_sarcastic
train-02072-orig,train-02072,original,0,maybe he should play team like germany or spain,sarcastic
train-02072-interp1,train-02072,interpretation,1,maybe he should not play team like germany or spain,not_sarcastic
train-02072-interp2,train-02072,interpretation,2,he shouldn't play for those teams,not_sarcastic
train-02073-orig,train-02073,original,0,maybe baylor has room for him after msu kicks him out,sarcastic
train-02073-interp1,train-02073,interpretation,1,maybe baylor has room for him after msu kicks him out,not_sarcastic
train-02073-interp2,train-02073,interpretation,2,they are not going to kick him out,not_sarcastic
train-02074-orig,train-02074,original,0,match today away in kildare should be fun,sarcastic
train-02074-interp1,train-02074,interpretation,1,match today away in kildare won't be fun,not_sarcastic
train-02074-interp2,train-02074,interpretation,2,the match is going to be horrible,not_sarcastic
train-02075-orig,train-02075,original,0,mastermind just keeps getting better,sarcastic
train-02075-interp1,train-02075,interpretation,1,mastermind is getting worse,not_sarcastic
train-02075-interp2,train-02075,interpretation,2,mastermind just got worse,not_sarcastic
train-02076-orig,train-02076,original,0,marty brenneman is very impressed with todd frazier's power numbers despite his 220 ba just like he was when dunn played,sarcastic
train-02076-interp1,train-02076,interpretation,1,marty brenneman is very impressed with todd frazier's power numbers despite his 220 ba just like he was when dunn played,not_sarcastic
train-02076-interp2,train-02076,interpretation,2,brenneman is not impressed with you at all,not_sarcastic
train-02077-orig,train-02077,original,0,marco reus not in germany squad the 23 they've chosen must be immense and surely destined for greatness,sarcastic
train-02077-interp1,train-02077,interpretation,1,they should have picked marco reus,not_sarcastic
train-02077-interp2,train-02077,interpretation,2,they made a mistake in not selecting reus,not_sarcastic
train-02078-orig,train-02078,original,0,man just wait until you see how mad the bernie supporters are next year when the primary rules haven't changed at all,sarcastic
train-02078-interp1,train-02078,interpretation,1,the bernie supporters will not be mad next year when the primary rules will not change at all,not_sarcastic
train-02078-interp2,train-02078,interpretation,2,bernie supporters are going to be made that the primary rules will not be changed by the next election in four years,not_sarcastic
train-02079-orig,train-02079,original,0,man i love getting calls after i've gone to bed because a customer is throwing a fit that they can't order a large tray at 9 50 pm,sarcastic
train-02079-interp1,train-02079,interpretation,1,i hate getting work calls at home,not_sarcastic
train-02079-interp2,train-02079,interpretation,2,i hate getting calls from customers after hours,not_sarcastic
train-02080-orig,train-02080,original,0,man don't you just love life,sarcastic
train-02080-interp1,train-02080,interpretation,1,life sucks,not_sarcastic
train-02080-interp2,train-02080,interpretation,2,man don't you just hate life,not_sarcastic
train-02081-orig,train-02081,original,0,man was this worth the wait,sarcastic
train-02081-interp1,train-02081,interpretation,1,this was not worth the wait,not_sarcastic
train-02081-interp2,train-02081,interpretation,2,not worth the wait at all,not_sarcastic
train-02082-orig,train-02082,original,0,malaysians nowadays are just too much caring for each other how cute,sarcastic
train-02082-interp1,train-02082,interpretation,1,malaysians are not caring toward one another,not_sarcastic
train-02082-interp2,train-02082,interpretation,2,they are not caring to each other at all,not_sarcastic
train-02083-orig,train-02083,original,0,make sure to buy your guns everyone especially explosives you never know when you will need it,sarcastic
train-02083-interp1,train-02083,interpretation,1,you don't need weapons,not_sarcastic
train-02083-interp2,train-02083,interpretation,2,don't buy guns that would be bad,not_sarcastic
train-02084-orig,train-02084,original,0,madden has a new commentary team ? revolutionary,sarcastic
train-02084-interp1,train-02084,interpretation,1,who cares that madden has a new commentary team,not_sarcastic
train-02084-interp2,train-02084,interpretation,2,the only change to the game is the commentary team ? that's not special,not_sarcastic
train-02085-orig,train-02085,original,0,maci starts randomly singing a song from tangled and i just stare in awe at how amazing she is at everything,sarcastic
train-02085-interp1,train-02085,interpretation,1,maci starts randomly singing a song from tangled and i just stare in awe at how not amazing she is at everything,not_sarcastic
train-02085-interp2,train-02085,interpretation,2,i'm sick of maci singing that song,not_sarcastic
train-02086-orig,train-02086,original,0,machado v ventura making baseball fun again,sarcastic
train-02086-interp1,train-02086,interpretation,1,machado v ventura is not fun to watch,not_sarcastic
train-02086-interp2,train-02086,interpretation,2,machado v venture is making baseball terrible,not_sarcastic
train-02087-orig,train-02087,original,0,lrt holy shit shocking unforeseen i'm baffled as to why,sarcastic
train-02087-interp1,train-02087,interpretation,1,not shocking at all,not_sarcastic
train-02087-interp2,train-02087,interpretation,2,i'm not shocked saw it coming and not baffled as to why this event happened,not_sarcastic
train-02088-orig,train-02088,original,0,lrt next the lapd will tell us he was simply at the wrong place at the wrong time,sarcastic
train-02088-interp1,train-02088,interpretation,1,lrt next the lapd will tell us he was simply at the wrong place at the wrong time,not_sarcastic
train-02088-interp2,train-02088,interpretation,2,lrt next the lapd will tell us he was simply at the wrong place at the wrong time,not_sarcastic
train-02089-orig,train-02089,original,0,loving late night twittering immediately being thrown into online political conversation by people who entered my life by jokes,sarcastic
train-02089-interp1,train-02089,interpretation,1,stupid late night twittering immediately being thrown into online political conversation by people who entered my life by jokes,not_sarcastic
train-02089-interp2,train-02089,interpretation,2,i really shouldn't tweet late at night cause my followers suck me into horrible political discussions,not_sarcastic
train-02090-orig,train-02090,original,0,loving everything so much right now,sarcastic
train-02090-interp1,train-02090,interpretation,1,not loving anything right now,not_sarcastic
train-02090-interp2,train-02090,interpretation,2,hating everything right now,not_sarcastic
train-02091-orig,train-02091,original,0,lovely i'm being spied on on my social medias the best,sarcastic
train-02091-interp1,train-02091,interpretation,1,not excited about being spied on by social media,not_sarcastic
train-02091-interp2,train-02091,interpretation,2,it's the worst to have my privacy violated on social media,not_sarcastic
train-02092-orig,train-02092,original,0,love when i sign a petition for something i believe in amp suddenly find out i'm subscribed to multiple politician's emailing lists,sarcastic
train-02092-interp1,train-02092,interpretation,1,i don't like the bait and switch tactic,not_sarcastic
train-02092-interp2,train-02092,interpretation,2,petition sites are horrible,not_sarcastic
train-02093-orig,train-02093,original,0,love those night flights to europe clt lhr,sarcastic
train-02093-interp1,train-02093,interpretation,1,i don't like night flights to europe,not_sarcastic
train-02093-interp2,train-02093,interpretation,2,night flights are the worst,not_sarcastic
train-02094-orig,train-02094,original,0,love this feeling,sarcastic
train-02094-interp1,train-02094,interpretation,1,hate this feeling,not_sarcastic
train-02094-interp2,train-02094,interpretation,2,hate this feeling,not_sarcastic
train-02095-orig,train-02095,original,0,love the fact sky go plays it's adverts but not the shows on android beta n release,sarcastic
train-02095-interp1,train-02095,interpretation,1,i don't like that they don't play shows on the beta app,not_sarcastic
train-02095-interp2,train-02095,interpretation,2,i hate that i can watch the sky go ads but not the shows on my device,not_sarcastic
train-02096-orig,train-02096,original,0,love the airport just love the airport love love love,sarcastic
train-02096-interp1,train-02096,interpretation,1,i hate the airport,not_sarcastic
train-02096-interp2,train-02096,interpretation,2,hate the airport just hate the airport hate hate hate,not_sarcastic
train-02097-orig,train-02097,original,0,love that the refs r making their presence known,sarcastic
train-02097-interp1,train-02097,interpretation,1,the refs need to show up,not_sarcastic
train-02097-interp2,train-02097,interpretation,2,where the hell are the refs ?,not_sarcastic
train-02098-orig,train-02098,original,0,love that i get to work 6 hours on my day off,sarcastic
train-02098-interp1,train-02098,interpretation,1,not excited to work on my day off,not_sarcastic
train-02098-interp2,train-02098,interpretation,2,hate that i have to work on my usual day off,not_sarcastic
train-02099-orig,train-02099,original,0,love seeing our athletes riding scooters while texting snap chatting twittering while not wearing a helmet fills me with joy,sarcastic
train-02099-interp1,train-02099,interpretation,1,not happy about athletes not being safe,not_sarcastic
train-02099-interp2,train-02099,interpretation,2,the athletes should set a better example for others and not act so dangerously,not_sarcastic
train-02100-orig,train-02100,original,0,love my fans xoxo,sarcastic
train-02100-interp1,train-02100,interpretation,1,i do not love my fans,not_sarcastic
train-02100-interp2,train-02100,interpretation,2,i hate my haters,not_sarcastic
train-02101-orig,train-02101,original,0,love it when the people you've carried now have the strength to climb over you and leave you behind to never look back,sarcastic
train-02101-interp1,train-02101,interpretation,1,people you help out should keep you in mind when they do better in life,not_sarcastic
train-02101-interp2,train-02101,interpretation,2,hate it when the people you've carried now have the strength to climb over you and leave you behind to never look back,not_sarcastic
train-02102-orig,train-02102,original,0,love how the dogs in my street bark all night and all day yeah i just love it so much it's so pleasant,sarcastic
train-02102-interp1,train-02102,interpretation,1,i hate that the dogs on my street bark all day and night,not_sarcastic
train-02102-interp2,train-02102,interpretation,2,i don't like the unpleasant sound of dogs on my street barking all night,not_sarcastic
train-02103-orig,train-02103,original,0,love how someone just copies my tweets and deletes the source of the pics,sarcastic
train-02103-interp1,train-02103,interpretation,1,i don't like when people delete the source after i post something,not_sarcastic
train-02103-interp2,train-02103,interpretation,2,i hate plagiarists,not_sarcastic
train-02104-orig,train-02104,original,0,love friday nights,sarcastic
train-02104-interp1,train-02104,interpretation,1,i don't like friday nights,not_sarcastic
train-02104-interp2,train-02104,interpretation,2,i'm having a bad friday night,not_sarcastic
train-02105-orig,train-02105,original,0,love coming back from a week in the field on a friday and still being at work,sarcastic
train-02105-interp1,train-02105,interpretation,1,i don't like coming back from the field and having to work,not_sarcastic
train-02105-interp2,train-02105,interpretation,2,hate all of this,not_sarcastic
train-02106-orig,train-02106,original,0,lounging in schaumburg today yay,sarcastic
train-02106-interp1,train-02106,interpretation,1,lounging in schaumburg today bummer,not_sarcastic
train-02106-interp2,train-02106,interpretation,2,i don't want to be here,not_sarcastic
train-02107-orig,train-02107,original,0,lots to clean up here hooray,sarcastic
train-02107-interp1,train-02107,interpretation,1,not excited to clean,not_sarcastic
train-02107-interp2,train-02107,interpretation,2,i'm not thrilled with the amount of cleaning i have to do,not_sarcastic
train-02108-orig,train-02108,original,0,lorry drivers are really nice people they put a decorative sign on car for free t t,sarcastic
train-02108-interp1,train-02108,interpretation,1,lorry drivers are not nice people,not_sarcastic
train-02108-interp2,train-02108,interpretation,2,lorry drivers are dicks and damaged my car,not_sarcastic
train-02109-orig,train-02109,original,0,looks like it's back to basics wash like a caveman eat like a caveman awesome,sarcastic
train-02109-interp1,train-02109,interpretation,1,it is not cool that people are acting like cave men,not_sarcastic
train-02109-interp2,train-02109,interpretation,2,my current living situation is not ideal,not_sarcastic
train-02110-orig,train-02110,original,0,looking forward to another day of waiting tomorrow yipee,sarcastic
train-02110-interp1,train-02110,interpretation,1,not looking forward to waiting tomorrow,not_sarcastic
train-02110-interp2,train-02110,interpretation,2,not looking forward to another day of waiting,not_sarcastic
train-02111-orig,train-02111,original,0,looking forward to all of the think pieces on ali,sarcastic
train-02111-interp1,train-02111,interpretation,1,not looking forward to the think pieces on ali,not_sarcastic
train-02111-interp2,train-02111,interpretation,2,i'm sick of all the ali coverage,not_sarcastic
train-02112-orig,train-02112,original,0,looking forward to a long day of editing tomorrow,sarcastic
train-02112-interp1,train-02112,interpretation,1,not looking forward to a long day of editing tomorrow,not_sarcastic
train-02112-interp2,train-02112,interpretation,2,i am not looking forward to editing all day tomorrow,not_sarcastic
train-02113-orig,train-02113,original,0,lol this is fucking awesome,sarcastic
train-02113-interp1,train-02113,interpretation,1,this sucks,not_sarcastic
train-02113-interp2,train-02113,interpretation,2,this is not fucking awesome,not_sarcastic
train-02114-orig,train-02114,original,0,literally 1 person has been texting me since i've been in california i'm so cared for,sarcastic
train-02114-interp1,train-02114,interpretation,1,literally 1 person has been texting me since i've been in california no one cares,not_sarcastic
train-02114-interp2,train-02114,interpretation,2,no one cares for me since i moved to california,not_sarcastic
train-02115-orig,train-02115,original,0,listening to music while building a prize wheel for work my life is a riveting whirl of adventure the adrenaline the spontaneity,sarcastic
train-02115-interp1,train-02115,interpretation,1,listening to music while building a prize wheel for work my life is not a riveting whirl of adventure the adrenaline the spontaneity,not_sarcastic
train-02115-interp2,train-02115,interpretation,2,my life is so very boring right now,not_sarcastic
train-02116-orig,train-02116,original,0,listening to kenny loggins tear it up in around pooh corner,sarcastic
train-02116-interp1,train-02116,interpretation,1,kenny loggins sucks,not_sarcastic
train-02116-interp2,train-02116,interpretation,2,i really wish this existed but it does not,not_sarcastic
train-02117-orig,train-02117,original,0,listening to an infomercial of a guy preaching about god really got me feeling the lord,sarcastic
train-02117-interp1,train-02117,interpretation,1,the informercial does not have me feeling the lord,not_sarcastic
train-02117-interp2,train-02117,interpretation,2,i'm not spiritual and this guy is horrible,not_sarcastic
train-02118-orig,train-02118,original,0,listenersvsspeaker method ? my arse i'm gonna get cancer from all this soon,sarcastic
train-02118-interp1,train-02118,interpretation,1,listenersvsspeaker method is horrible,not_sarcastic
train-02118-interp2,train-02118,interpretation,2,this is a horrible way to spend my time,not_sarcastic
train-02119-orig,train-02119,original,0,life just keeps on getting better may not have as much time to dedicate to 4 jf on weekends for a while,sarcastic
train-02119-interp1,train-02119,interpretation,1,life is not getting better,not_sarcastic
train-02119-interp2,train-02119,interpretation,2,i'm having a tough time,not_sarcastic
train-02120-orig,train-02120,original,0,life is all about perspective the sinking of the titanic was a miracle to the lobsters in the ship's kitchen,sarcastic
train-02120-interp1,train-02120,interpretation,1,life is all about perspective the sinking of the titanic was a miracle to the lobsters in the ship's kitchen,not_sarcastic
train-02120-interp2,train-02120,interpretation,2,life is all about perspective the sinking of the titanic was a miracle to the lobsters in the ship's kitchen,not_sarcastic
train-02121-orig,train-02121,original,0,licensed vehicles legal to drive licensed weapon legal to kill ?,sarcastic
train-02121-interp1,train-02121,interpretation,1,licensed vehicles legal to drive licensed weapon legal to kill ?,not_sarcastic
train-02121-interp2,train-02121,interpretation,2,licensed vehicles legal to drive but licensed weapon doesn't mean its legal to kill,not_sarcastic
train-02122-orig,train-02122,original,0,let's watch that pitch count don't want to ruin his career,sarcastic
train-02122-interp1,train-02122,interpretation,1,he could pitch some more,not_sarcastic
train-02122-interp2,train-02122,interpretation,2,his career is in the toilet already,not_sarcastic
train-02123-orig,train-02123,original,0,let me tell you something i love being ignored,sarcastic
train-02123-interp1,train-02123,interpretation,1,i hate being ignored,not_sarcastic
train-02123-interp2,train-02123,interpretation,2,let me tell you something i hate being ignored,not_sarcastic
train-02124-orig,train-02124,original,0,let me guess mercedes sabotaged nico's car ?,sarcastic
train-02124-interp1,train-02124,interpretation,1,its obvious mercedes sabotaged nico's car,not_sarcastic
train-02124-interp2,train-02124,interpretation,2,nico will have an excuse to lose but they just lost,not_sarcastic
train-02125-orig,train-02125,original,0,lest we forget duquette gets paid handsomely to put this fine roster together,sarcastic
train-02125-interp1,train-02125,interpretation,1,duquette gets paid a lot to do a bad job,not_sarcastic
train-02125-interp2,train-02125,interpretation,2,duquette put together a dogs team,not_sarcastic
train-02126-orig,train-02126,original,0,leg cramps just before you fall asleep are the best,sarcastic
train-02126-interp1,train-02126,interpretation,1,leg cramps before sleep sucks,not_sarcastic
train-02126-interp2,train-02126,interpretation,2,leg cramps just before you fall asleep are the worst,not_sarcastic
train-02127-orig,train-02127,original,0,lead me on lie to me lie about me put me down conspire such great people,sarcastic
train-02127-interp1,train-02127,interpretation,1,such bad people,not_sarcastic
train-02127-interp2,train-02127,interpretation,2,i know some horrible people that have done me wrong,not_sarcastic
train-02128-orig,train-02128,original,0,laughing my ass off rn,sarcastic
train-02128-interp1,train-02128,interpretation,1,i'm not amused,not_sarcastic
train-02128-interp2,train-02128,interpretation,2,it's not funny,not_sarcastic
train-02129-orig,train-02129,original,0,last 11 holes long putts holed at 8 10 13 14 16 18 close wedges at 1112 a chipin at 17 clearly augusta ruined spieth,sarcastic
train-02129-interp1,train-02129,interpretation,1,augusta did not ruin spieth,not_sarcastic
train-02129-interp2,train-02129,interpretation,2,spieth is great,not_sarcastic
train-02130-orig,train-02130,original,0,koeman wouldn't leave for dutch job said even if barca came he wouldn't go as he has a contract but everton do an he's off lol,sarcastic
train-02130-interp1,train-02130,interpretation,1,koeman wouldn't leave for dutch job said even if barca came he wouldn't go as he has a contract but everton do an he's off lol,not_sarcastic
train-02130-interp2,train-02130,interpretation,2,koeman wouldn't leave for dutch job said even if barca came he wouldn't go as he has a contract but everton do an he's off lol,not_sarcastic
train-02131-orig,train-02131,original,0,kim jongun ' praising ' drumpf only makes me wonder what gaddafi amp saddam would say if they were alive or the idi amin contingent,sarcastic
train-02131-interp1,train-02131,interpretation,1,bad people are ' praising ' drumpf,not_sarcastic
train-02131-interp2,train-02131,interpretation,2,they like trump cause he's as bad as they are,not_sarcastic
train-02132-orig,train-02132,original,0,kid on train extra hot means eeextra hot thanks for clarifying wasn't too sure,sarcastic
train-02132-interp1,train-02132,interpretation,1,i know what hot is,not_sarcastic
train-02132-interp2,train-02132,interpretation,2,i know what extra hot means,not_sarcastic
train-02133-orig,train-02133,original,0,kick blevins out,sarcastic
train-02133-interp1,train-02133,interpretation,1,don't kick blevins out,not_sarcastic
train-02133-interp2,train-02133,interpretation,2,i love blevins,not_sarcastic
train-02134-orig,train-02134,original,0,keyboard warriors out in full force this morning fighting truth justice amp the american way,sarcastic
train-02134-interp1,train-02134,interpretation,1,keyboard warriors are stupid and do not fight truth justice amp the american way,not_sarcastic
train-02134-interp2,train-02134,interpretation,2,keyboard warriors are annoying and i hope they altctrldelete their faces,not_sarcastic
train-02135-orig,train-02135,original,0,kene last seen lagi thanks babe,sarcastic
train-02135-interp1,train-02135,interpretation,1,kene last seen lagi thanks babe,not_sarcastic
train-02135-interp2,train-02135,interpretation,2,kene last seen lagi thanks babe,not_sarcastic
train-02136-orig,train-02136,original,0,kd with the nice help defense there,sarcastic
train-02136-interp1,train-02136,interpretation,1,kd not playing defense,not_sarcastic
train-02136-interp2,train-02136,interpretation,2,horrible defence,not_sarcastic
train-02137-orig,train-02137,original,0,kate just asked if i wanted fish wedges and lettuce for tea you sold me at lettuce darling lettuce wins it lovely lettuce,sarcastic
train-02137-interp1,train-02137,interpretation,1,i don't want lettuce,not_sarcastic
train-02137-interp2,train-02137,interpretation,2,lettuce is not what is desirable out of those food items,not_sarcastic
train-02138-orig,train-02138,original,0,kane taking these corners is working well,sarcastic
train-02138-interp1,train-02138,interpretation,1,kane taking these corners is not working well,not_sarcastic
train-02138-interp2,train-02138,interpretation,2,kane on corners is not working,not_sarcastic
train-02139-orig,train-02139,original,0,kane taking 90 of england s set pieces top management that is roy,sarcastic
train-02139-interp1,train-02139,interpretation,1,poor job roy,not_sarcastic
train-02139-interp2,train-02139,interpretation,2,bad management roy,not_sarcastic
train-02140-orig,train-02140,original,0,k love playing tonight with a concussion sets a really good example,sarcastic
train-02140-interp1,train-02140,interpretation,1,k love playing with a concussion sets a bad example,not_sarcastic
train-02140-interp2,train-02140,interpretation,2,playing with a concussion is a horrible example to set,not_sarcastic
train-02141-orig,train-02141,original,0,just when i thought things couldn't get any better it just did,sarcastic
train-02141-interp1,train-02141,interpretation,1,it got worse,not_sarcastic
train-02141-interp2,train-02141,interpretation,2,things just got a lot worse,not_sarcastic
train-02142-orig,train-02142,original,0,just what we needed an update version of roots what's up with the metu neter movie,sarcastic
train-02142-interp1,train-02142,interpretation,1,we didn't need an update of roots,not_sarcastic
train-02142-interp2,train-02142,interpretation,2,we didn't need this reboot of roots,not_sarcastic
train-02143-orig,train-02143,original,0,just what i needed not sure what it was though,sarcastic
train-02143-interp1,train-02143,interpretation,1,not what i needed,not_sarcastic
train-02143-interp2,train-02143,interpretation,2,just what i needed not sure what it was though,not_sarcastic
train-02144-orig,train-02144,original,0,just scored 10 10 on an fb art history quiz yes i knew that fine art degree would pay off eventually goes back to accounting job,sarcastic
train-02144-interp1,train-02144,interpretation,1,my fine art degree has not paid off,not_sarcastic
train-02144-interp2,train-02144,interpretation,2,a fine art degree has no practical use in real life,not_sarcastic
train-02145-orig,train-02145,original,0,just saw an update that the new espresso martini is a chaitini here in melbourne i can't wait for the matcha martini,sarcastic
train-02145-interp1,train-02145,interpretation,1,just saw an update that the new espresso martini is a chaitini here in melbourne not excited about matcha martini,not_sarcastic
train-02145-interp2,train-02145,interpretation,2,just saw an update that the new espresso martini is a chaitini here in melbourne i don't want matcha martini,not_sarcastic
train-02146-orig,train-02146,original,0,just realised sam has my name in his bio ? 3 years of a relationship and it now feels real because it's twitter official,sarcastic
train-02146-interp1,train-02146,interpretation,1,relationshipt are real even when they're not twitter official,not_sarcastic
train-02146-interp2,train-02146,interpretation,2,it was real before,not_sarcastic
train-02147-orig,train-02147,original,0,just paid for my summer session classes went to the academic calendar out of curiosity amp found out was due monday thanks,sarcastic
train-02147-interp1,train-02147,interpretation,1,i don't appreciate owing money,not_sarcastic
train-02147-interp2,train-02147,interpretation,2,this is information that you could have informed me of earlier,not_sarcastic
train-02148-orig,train-02148,original,0,just ordered some service tax and got a pizza free,sarcastic
train-02148-interp1,train-02148,interpretation,1,the tax on that pizza was high,not_sarcastic
train-02148-interp2,train-02148,interpretation,2,the tax is almost as much as the price of the pizza,not_sarcastic
train-02149-orig,train-02149,original,0,just ordered some service tax and got a pizza for free,sarcastic
train-02149-interp1,train-02149,interpretation,1,the tax on that pizza was high,not_sarcastic
train-02149-interp2,train-02149,interpretation,2,the tax is almost as much as the price of the pizza,not_sarcastic
train-02150-orig,train-02150,original,0,just ordered some service tax amp got a burger absolutely free,sarcastic
train-02150-interp1,train-02150,interpretation,1,the tax on that burger was high,not_sarcastic
train-02150-interp2,train-02150,interpretation,2,the tax is almost as much as the price of the burger,not_sarcastic
train-02151-orig,train-02151,original,0,just ordered some service tax got pizza free,sarcastic
train-02151-interp1,train-02151,interpretation,1,the tax on that pizza was high,not_sarcastic
train-02151-interp2,train-02151,interpretation,2,the service tax on this pizza was almost more than the pizza,not_sarcastic
train-02152-orig,train-02152,original,0,just ordered some service and got a pizza for free,sarcastic
train-02152-interp1,train-02152,interpretation,1,the tax on that pizza was high,not_sarcastic
train-02152-interp2,train-02152,interpretation,2,the tax is almost as much as the price of the pizza,not_sarcastic
train-02153-orig,train-02153,original,0,just ordered service tax and got a pizza free,sarcastic
train-02153-interp1,train-02153,interpretation,1,the tax on that pizza was high,not_sarcastic
train-02153-interp2,train-02153,interpretation,2,the tax is almost as much as the price of the pizza,not_sarcastic
train-02154-orig,train-02154,original,0,just order some service tax and got a pizza free,sarcastic
train-02154-interp1,train-02154,interpretation,1,the tax on that pizza was high,not_sarcastic
train-02154-interp2,train-02154,interpretation,2,the tax is almost as much as the price of the pizza,not_sarcastic
train-02155-orig,train-02155,original,0,just had a lively family debate about indian and global politics that's always fun,sarcastic
train-02155-interp1,train-02155,interpretation,1,just had a lively family debate about indian and global politics that's never fun,not_sarcastic
train-02155-interp2,train-02155,interpretation,2,it's not fun to argue about politics with my family,not_sarcastic
train-02156-orig,train-02156,original,0,just fucking love my life man fucking awesome,sarcastic
train-02156-interp1,train-02156,interpretation,1,i hate my life it sucks,not_sarcastic
train-02156-interp2,train-02156,interpretation,2,i hate my life and it's not fucking awesome,not_sarcastic
train-02157-orig,train-02157,original,0,just called that pitching change seconds before the asu coach pulled martinez see i can talk the sports,sarcastic
train-02157-interp1,train-02157,interpretation,1,just called that pitching change seconds before the asu coach pulled martinez see i can talk the sports,not_sarcastic
train-02157-interp2,train-02157,interpretation,2,i too can make obvious sport calls like everyone else,not_sarcastic
train-02158-orig,train-02158,original,0,just ate mcdonalds i have mcfallen in love i feel great,sarcastic
train-02158-interp1,train-02158,interpretation,1,i don't feel well after eating mcdonalds,not_sarcastic
train-02158-interp2,train-02158,interpretation,2,i hate myself for my food choices,not_sarcastic
train-02159-orig,train-02159,original,0,just a perfect ending to a great day,sarcastic
train-02159-interp1,train-02159,interpretation,1,bad ending to a bad day,not_sarcastic
train-02159-interp2,train-02159,interpretation,2,a horrible ending to a crap day,not_sarcastic
train-02160-orig,train-02160,original,0,joy a parking ticket just what i needed so tired i forgot to put my permit in the window,sarcastic
train-02160-interp1,train-02160,interpretation,1,i didn't want a ticket,not_sarcastic
train-02160-interp2,train-02160,interpretation,2,i'm not happy with the parking ticket i got for parking where i shouldn't have,not_sarcastic
train-02161-orig,train-02161,original,0,joey logano penalty ? i'm totally devastated by that,sarcastic
train-02161-interp1,train-02161,interpretation,1,yay joey lagano penalty,not_sarcastic
train-02161-interp2,train-02161,interpretation,2,i'm not devastated by that penalty he deserves it,not_sarcastic
train-02162-orig,train-02162,original,0,jet lag is cool wide awake at 4 15 may be the best feeling,sarcastic
train-02162-interp1,train-02162,interpretation,1,i hate jet lag,not_sarcastic
train-02162-interp2,train-02162,interpretation,2,jet lag sucks and i don't want to be awake,not_sarcastic
train-02163-orig,train-02163,original,0,jesus pro's boxing at the olympics that's a good idea,sarcastic
train-02163-interp1,train-02163,interpretation,1,pros boxing at the olympics is a bad idea,not_sarcastic
train-02163-interp2,train-02163,interpretation,2,the pros are going to kill everyone this was a bad idea,not_sarcastic
train-02164-orig,train-02164,original,0,ive been very productive today,sarcastic
train-02164-interp1,train-02164,interpretation,1,i have not been productive today,not_sarcastic
train-02164-interp2,train-02164,interpretation,2,i have no been productive at all today,not_sarcastic
train-02165-orig,train-02165,original,0,its very annoying when people use big words just to make themselves look perspicacious,sarcastic
train-02165-interp1,train-02165,interpretation,1,its very annoying when people use big words just to make themselves look perspicacious,not_sarcastic
train-02165-interp2,train-02165,interpretation,2,using big words is fun,not_sarcastic
train-02166-orig,train-02166,original,0,its real awsome that we get to play an extra inning game on a day our starter goes 2 innings,sarcastic
train-02166-interp1,train-02166,interpretation,1,it sucks going in to extra innings when your starter only pitched 2,not_sarcastic
train-02166-interp2,train-02166,interpretation,2,its sucks that we get to play an extra inning game on a day our starter goes 2 innings,not_sarcastic
train-02167-orig,train-02167,original,0,italian ultras are the worst in the world,sarcastic
train-02167-interp1,train-02167,interpretation,1,italian ultras are the worst in the world,not_sarcastic
train-02167-interp2,train-02167,interpretation,2,italian ultras are the best in the world,not_sarcastic
train-02168-orig,train-02168,original,0,it's so nice to know when you need help that someone will be there to jump in and help ya out,sarcastic
train-02168-interp1,train-02168,interpretation,1,i needed some help and didn't get it,not_sarcastic
train-02168-interp2,train-02168,interpretation,2,i help others and they don't help me when i need them,not_sarcastic
train-02169-orig,train-02169,original,0,it's so hot in alberta right now went to take a shower and the hot water tap just laughed at me,sarcastic
train-02169-interp1,train-02169,interpretation,1,it is not hot in alberta,not_sarcastic
train-02169-interp2,train-02169,interpretation,2,so hot showers not going to be cold enough,not_sarcastic
train-02170-orig,train-02170,original,0,it's probably my most favorite thing when friends change with you just because you choose to grow up and stop the hate sarcasm,sarcastic
train-02170-interp1,train-02170,interpretation,1,i hate that as you grow as a person your friends change,not_sarcastic
train-02170-interp2,train-02170,interpretation,2,i hate it when my supposed friends are immature,not_sarcastic
train-02171-orig,train-02171,original,0,it's ok no need to be sad over pjanic to juve for 30 m just think of the steal we're getting with mario rui from empoli,sarcastic
train-02171-interp1,train-02171,interpretation,1,we are not getting a good deal on mario,not_sarcastic
train-02171-interp2,train-02171,interpretation,2,we did not get an even trade for talent,not_sarcastic
train-02172-orig,train-02172,original,0,it's odd that the media didn't criticize matt harvey for failing to throw at lawrie,sarcastic
train-02172-interp1,train-02172,interpretation,1,the media doesn't criticize matt harvey,not_sarcastic
train-02172-interp2,train-02172,interpretation,2,the media has been all over it,not_sarcastic
train-02173-orig,train-02173,original,0,it's leg day yay,sarcastic
train-02173-interp1,train-02173,interpretation,1,i'm not excited that it's leg day,not_sarcastic
train-02173-interp2,train-02173,interpretation,2,i am not happy that it is leg day today,not_sarcastic
train-02174-orig,train-02174,original,0,it's hard to be insane right ? well you should know,sarcastic
train-02174-interp1,train-02174,interpretation,1,you're insane,not_sarcastic
train-02174-interp2,train-02174,interpretation,2,you have no experience in being insane,not_sarcastic
train-02175-orig,train-02175,original,0,it's funny when metadata for songs gets mixed up yep the neptunia anime op is by fall out boy definitely,sarcastic
train-02175-interp1,train-02175,interpretation,1,it's funny when metadata for songs gets mixed up the neptunia anime op is not by fall out boy,not_sarcastic
train-02175-interp2,train-02175,interpretation,2,fall out boy did not make that song,not_sarcastic
train-02176-orig,train-02176,original,0,it's called,sarcastic
train-02176-interp1,train-02176,interpretation,1,it's called,not_sarcastic
train-02176-interp2,train-02176,interpretation,2,it's called,not_sarcastic
train-02177-orig,train-02177,original,0,it's called it confuses stupid people,sarcastic
train-02177-interp1,train-02177,interpretation,1,it's called it confuses stupid people,not_sarcastic
train-02177-interp2,train-02177,interpretation,2,it's called it confuses stupid people,not_sarcastic
train-02178-orig,train-02178,original,0,it's been so awesome getting up early on my day off every day,sarcastic
train-02178-interp1,train-02178,interpretation,1,i don't like getting up early on my days off,not_sarcastic
train-02178-interp2,train-02178,interpretation,2,why couldn't i have slept in,not_sarcastic
train-02179-orig,train-02179,original,0,it's been another long day of spreading my awesomeness so good night and sweet dreams,sarcastic
train-02179-interp1,train-02179,interpretation,1,it's been another long day of spreading my boringness,not_sarcastic
train-02179-interp2,train-02179,interpretation,2,it's been another long day of me sucking,not_sarcastic
train-02180-orig,train-02180,original,0,it's always disappointing when you think you have a funny tweet and it doesn't get a retweet or favorite lol,sarcastic
train-02180-interp1,train-02180,interpretation,1,i don't care if my tweets get retweeted or favorited,not_sarcastic
train-02180-interp2,train-02180,interpretation,2,i don't care if you retweet or favourite my tweet i thought it was funny,not_sarcastic
train-02181-orig,train-02181,original,0,it's always a fun time when your fianc leaves you stranded at his house without a car,sarcastic
train-02181-interp1,train-02181,interpretation,1,it's not fun being stranded without a car,not_sarcastic
train-02181-interp2,train-02181,interpretation,2,it is not enjoyable to be left without a mode of transport by ones fianc,not_sarcastic
train-02182-orig,train-02182,original,0,it's almost fall,sarcastic
train-02182-interp1,train-02182,interpretation,1,it's not almost fall,not_sarcastic
train-02182-interp2,train-02182,interpretation,2,it's not even close to fall,not_sarcastic
train-02183-orig,train-02183,original,0,it's a great monday,sarcastic
train-02183-interp1,train-02183,interpretation,1,it is not a great monday,not_sarcastic
train-02183-interp2,train-02183,interpretation,2,this monday blows,not_sarcastic
train-02184-orig,train-02184,original,0,it's a great day when your car breaks down on interstate,sarcastic
train-02184-interp1,train-02184,interpretation,1,not cool when your car breaks down,not_sarcastic
train-02184-interp2,train-02184,interpretation,2,it's a horrible day when your car breaks down,not_sarcastic
train-02185-orig,train-02185,original,0,it's a good thing barney took off the euro tour qualifiers yesterday so he would be fresh today,sarcastic
train-02185-interp1,train-02185,interpretation,1,barney's rest did him no good,not_sarcastic
train-02185-interp2,train-02185,interpretation,2,barney is not doing well,not_sarcastic
train-02186-orig,train-02186,original,0,it's a good job americans have all those guns so that they can keep themselves safe,sarcastic
train-02186-interp1,train-02186,interpretation,1,those guns aren't keeping americans safe,not_sarcastic
train-02186-interp2,train-02186,interpretation,2,americans keep shooting themselves guns don't make you safe,not_sarcastic
train-02187-orig,train-02187,original,0,it's a fabulous feeling being ignored,sarcastic
train-02187-interp1,train-02187,interpretation,1,i don't like being ignored,not_sarcastic
train-02187-interp2,train-02187,interpretation,2,it's a horrible feeling being ignored,not_sarcastic
train-02188-orig,train-02188,original,0,it's 140 at night and people are still doing shit,sarcastic
train-02188-interp1,train-02188,interpretation,1,it's 140 at night and people are still doing shit,not_sarcastic
train-02188-interp2,train-02188,interpretation,2,it's 1 40 am and no one is doing anything,not_sarcastic
train-02189-orig,train-02189,original,0,it warms my heart the record number of participants in my latest poll thank you all so much,sarcastic
train-02189-interp1,train-02189,interpretation,1,no one participated in my latest poll,not_sarcastic
train-02189-interp2,train-02189,interpretation,2,no one took my latest poll and i'm not happy about it,not_sarcastic
train-02190-orig,train-02190,original,0,it makes me feel so good read sick when ppl compare transgendered ppl to sex offenders and pedophiles they totally get it,sarcastic
train-02190-interp1,train-02190,interpretation,1,it makes me feel so bad when ppl compare transgendered ppl to sex offenders and pedophiles they don't get it,not_sarcastic
train-02190-interp2,train-02190,interpretation,2,they don't get it at all and it's offensive,not_sarcastic
train-02191-orig,train-02191,original,0,it is not painful at all to see that someone cropped you out of a group picture before they post in on facebook,sarcastic
train-02191-interp1,train-02191,interpretation,1,it is painful to see yourself get cropped out of a group photo,not_sarcastic
train-02191-interp2,train-02191,interpretation,2,it is painful to be cropped out of a photo,not_sarcastic
train-02192-orig,train-02192,original,0,it got moved,sarcastic
train-02192-interp1,train-02192,interpretation,1,it didn't get moved,not_sarcastic
train-02192-interp2,train-02192,interpretation,2,it didn't move,not_sarcastic
train-02193-orig,train-02193,original,0,it feels awesome having my mom out my dad first before me she's the best mom ever,sarcastic
train-02193-interp1,train-02193,interpretation,1,not cool that my mom outted me to my dad before i had a chance to,not_sarcastic
train-02193-interp2,train-02193,interpretation,2,she is a horrible mother,not_sarcastic
train-02194-orig,train-02194,original,0,it appears to be thunderstorming and my internet connection has died oh good yay totes what i needed,sarcastic
train-02194-interp1,train-02194,interpretation,1,i didn't need the internet to go out today,not_sarcastic
train-02194-interp2,train-02194,interpretation,2,i did not need nor am i happy about a storm or my internet dropping out,not_sarcastic
train-02195-orig,train-02195,original,0,isn't it lovely when someone just barges in front of you whilst getting on to the bus how lovely and polite of them,sarcastic
train-02195-interp1,train-02195,interpretation,1,it's rude when people barge in front of you on the bus,not_sarcastic
train-02195-interp2,train-02195,interpretation,2,it is horrible and not polite for people to barge in,not_sarcastic
train-02196-orig,train-02196,original,0,isn't it fucking awesome when people ignore your tweets ?,sarcastic
train-02196-interp1,train-02196,interpretation,1,it's not cool when people ignore your tweets,not_sarcastic
train-02196-interp2,train-02196,interpretation,2,it's not fucking awesome when people ignore your tweets,not_sarcastic
train-02197-orig,train-02197,original,0,isn't drama just the best ?,sarcastic
train-02197-interp1,train-02197,interpretation,1,drama sucks,not_sarcastic
train-02197-interp2,train-02197,interpretation,2,drama is the worst,not_sarcastic
train-02198-orig,train-02198,original,0,is there a sarcasm emoji ? or do i have to put in order for people to get it ? geez,sarcastic
train-02198-interp1,train-02198,interpretation,1,is there a sarcasm emoji ? or do i have to put in order for people to get it ? geez,not_sarcastic
train-02198-interp2,train-02198,interpretation,2,can't detect sarcasm from just words,not_sarcastic
train-02199-orig,train-02199,original,0,ios 10 amp new emojis ? it's about to be lit,sarcastic
train-02199-interp1,train-02199,interpretation,1,ios 10 amp new emojis ? it's about to be lit,not_sarcastic
train-02199-interp2,train-02199,interpretation,2,who cares about new emojis ?,not_sarcastic
train-02200-orig,train-02200,original,0,interviewer ur cv says u r quick at math tell me 17 x19me 36 interviewer that was not even closeme yeah but i was quick,sarcastic
train-02200-interp1,train-02200,interpretation,1,i'm bad at math,not_sarcastic
train-02200-interp2,train-02200,interpretation,2,i didn't do well in the interview,not_sarcastic
train-02201-orig,train-02201,original,0,instagram group chats are so funny ha ha ha ha ha,sarcastic
train-02201-interp1,train-02201,interpretation,1,instagram group chats are not funny,not_sarcastic
train-02201-interp2,train-02201,interpretation,2,instagram group chats are horrible,not_sarcastic
train-02202-orig,train-02202,original,0,indian family loves and care each other in every moment bimar ek hota hain aur khichdi pura khandan khata hain,sarcastic
train-02202-interp1,train-02202,interpretation,1,indian family does not love and care each other in every moment,not_sarcastic
train-02202-interp2,train-02202,interpretation,2,indian family doesn't care or love each other all the time,not_sarcastic
train-02203-orig,train-02203,original,0,in v stressy morning at work a weirdo randomly asked me if i was happy i said at that moment i couldn't possibly be any happier,sarcastic
train-02203-interp1,train-02203,interpretation,1,i'm not happy,not_sarcastic
train-02203-interp2,train-02203,interpretation,2,i was lying to him i was miserable at work,not_sarcastic
train-02204-orig,train-02204,original,0,in the supermarket maam do you need a bag ? me no i plan to carry all these groceries on my bare hands,sarcastic
train-02204-interp1,train-02204,interpretation,1,in the supermarket maam do you need a bag ? me yes,not_sarcastic
train-02204-interp2,train-02204,interpretation,2,yes i would like a bag please and thank you,not_sarcastic
train-02205-orig,train-02205,original,0,in the end you'll see who's fake who's true and who will risk it all for you,sarcastic
train-02205-interp1,train-02205,interpretation,1,in the end you'll see who's fake who's true and who will risk it all for you,not_sarcastic
train-02205-interp2,train-02205,interpretation,2,in the end there is no one there for you,not_sarcastic
train-02206-orig,train-02206,original,0,in related news i'm totally on my mom game tonight a work,sarcastic
train-02206-interp1,train-02206,interpretation,1,my parenting skills are lacking today,not_sarcastic
train-02206-interp2,train-02206,interpretation,2,i'm failing as a parent tonight,not_sarcastic
train-02207-orig,train-02207,original,0,im having a hangover and its so great so far,sarcastic
train-02207-interp1,train-02207,interpretation,1,this hangover sucks,not_sarcastic
train-02207-interp2,train-02207,interpretation,2,i'm dying from this hangover,not_sarcastic
train-02208-orig,train-02208,original,0,i love how they really treat me soo out of place all the time,sarcastic
train-02208-interp1,train-02208,interpretation,1,i don't like how they treat me,not_sarcastic
train-02208-interp2,train-02208,interpretation,2,i hate how they treat me,not_sarcastic
train-02209-orig,train-02209,original,0,iit advance results out many of students who attended qualified are thinking bhai bohot hogaya iit agli janam nai ana science me,sarcastic
train-02209-interp1,train-02209,interpretation,1,iit advance results out many of students who attended qualified are thinking bhai bohot hogaya iit agli janam nai ana science me,not_sarcastic
train-02209-interp2,train-02209,interpretation,2,iit advance results out many of students who attended qualified are thinking bhai bohot hogaya iit agli janam nai ana science me,not_sarcastic
train-02210-orig,train-02210,original,0,if your heart is really broken you'd be dead so shut up,sarcastic
train-02210-interp1,train-02210,interpretation,1,you're heart is not broken,not_sarcastic
train-02210-interp2,train-02210,interpretation,2,if your heart is really broken you'd be dead so shut up,not_sarcastic
train-02211-orig,train-02211,original,0,if you wear a white dress out to the bars you obviously are a bridetobe,sarcastic
train-02211-interp1,train-02211,interpretation,1,wearing a white dress doesn't mean you are getting married,not_sarcastic
train-02211-interp2,train-02211,interpretation,2,a white dress means nothing at the bar,not_sarcastic
train-02212-orig,train-02212,original,0,if you wear a juice land shirt in austin you obviously work there,sarcastic
train-02212-interp1,train-02212,interpretation,1,you can wear a shirt of a business without working there,not_sarcastic
train-02212-interp2,train-02212,interpretation,2,you probably don't work there,not_sarcastic
train-02213-orig,train-02213,original,0,if you want to check your progress visit mother inlaw,sarcastic
train-02213-interp1,train-02213,interpretation,1,if you want to check your progress visit mother inlaw,not_sarcastic
train-02213-interp2,train-02213,interpretation,2,if you want to check your progress visit mother inlaw,not_sarcastic
train-02214-orig,train-02214,original,0,if you want to change the world do it while you are single once you are married you can't even change the tv channel,sarcastic
train-02214-interp1,train-02214,interpretation,1,things are more difficult to do on your own when you are married,not_sarcastic
train-02214-interp2,train-02214,interpretation,2,i just had a fight with my spouse,not_sarcastic
train-02215-orig,train-02215,original,0,if you keep hurting the people who love you you'll find yourself surrounded by amazing people,sarcastic
train-02215-interp1,train-02215,interpretation,1,if you hurt the people around you they will leave,not_sarcastic
train-02215-interp2,train-02215,interpretation,2,if you hurt people you'll be alone or surrounded by horrible people,not_sarcastic
train-02216-orig,train-02216,original,0,if you don't have someone post a video of you feeding a homeless person did you really feed a homeless person ?,sarcastic
train-02216-interp1,train-02216,interpretation,1,you don't have to post videos of what you do,not_sarcastic
train-02216-interp2,train-02216,interpretation,2,if you don't have someone post a video of you feeding a homeless person did you really feed a homeless person ?,not_sarcastic
train-02217-orig,train-02217,original,0,if you a champion show me you're a champion such deep lyrics do we have to hear that lameness all series ?,sarcastic
train-02217-interp1,train-02217,interpretation,1,if you a champion show me you're a champion not very deep lyrics do we have to hear that lameness all series ?,not_sarcastic
train-02217-interp2,train-02217,interpretation,2,these lyrics are obvious as hell,not_sarcastic
train-02218-orig,train-02218,original,0,if twitter crashes one more time it's gonna be some dread head potter stone boys in its lobby,sarcastic
train-02218-interp1,train-02218,interpretation,1,if twitter crashes one more time it's gonna be some dread head potter stone boys in its lobby,not_sarcastic
train-02218-interp2,train-02218,interpretation,2,if twitter crashes one more time it's gonna be some dread head potter stone boys in its lobby,not_sarcastic
train-02219-orig,train-02219,original,0,if this is what throwing my life away is like then i could totally do this forever,sarcastic
train-02219-interp1,train-02219,interpretation,1,i don't want to do this forever,not_sarcastic
train-02219-interp2,train-02219,interpretation,2,i need some help,not_sarcastic
train-02220-orig,train-02220,original,0,if taylor and calvin and now gigi and zayne can't work it out is there hope for the rest of us ?,sarcastic
train-02220-interp1,train-02220,interpretation,1,if taylor and calvin and now gigi and zayne can't work it out who cares ?,not_sarcastic
train-02220-interp2,train-02220,interpretation,2,i don't care about celebrity relationships,not_sarcastic
train-02221-orig,train-02221,original,0,if ppl actually sent the thoughts and prayers they claim to on facebook twitter in real life the world would be a better place,sarcastic
train-02221-interp1,train-02221,interpretation,1,ppl only sent the thoughts and prayers they claim to on facebook twitter in real life the world would be a better place,not_sarcastic
train-02221-interp2,train-02221,interpretation,2,no one will do anything that they can't like or share,not_sarcastic
train-02222-orig,train-02222,original,0,if i've learned anything from this finals series it's that steph curry is clearly the player who is most valuable to his team,sarcastic
train-02222-interp1,train-02222,interpretation,1,if i've learned anything from this finals series it's that steph curry is clearly the player who is least valuable to his team,not_sarcastic
train-02222-interp2,train-02222,interpretation,2,curry didn't do much in the final series,not_sarcastic
train-02223-orig,train-02223,original,0,if americans are ordered to turn their guns in i bet criminals amp terrorists will rush to be the 1 st to do so,sarcastic
train-02223-interp1,train-02223,interpretation,1,laws will not curb gun usage,not_sarcastic
train-02223-interp2,train-02223,interpretation,2,gun laws won't stop killers and criminals,not_sarcastic
train-02224-orig,train-02224,original,0,if a woman tells you that you're right that's called,sarcastic
train-02224-interp1,train-02224,interpretation,1,if a woman tells you that you're right that's called,not_sarcastic
train-02224-interp2,train-02224,interpretation,2,women telling you that you're right means you're wrong,not_sarcastic
train-02225-orig,train-02225,original,0,if a cute girl sends you friend request regect him,sarcastic
train-02225-interp1,train-02225,interpretation,1,if a cute girl sends you friend request regect him,not_sarcastic
train-02225-interp2,train-02225,interpretation,2,if a cute girl sends you friend request regect him,not_sarcastic
train-02226-orig,train-02226,original,0,if yhoo core biz were a prize on the price is right would vz or someone else bid 1 ?,sarcastic
train-02226-interp1,train-02226,interpretation,1,if yhoo core biz were a prize on the price is right would vz or someone else bid 1 ?,not_sarcastic
train-02226-interp2,train-02226,interpretation,2,if yhoo core biz were a prize on the price is right would vz or someone else bid 1 ?,not_sarcastic
train-02227-orig,train-02227,original,0,idk where all these angry tenants came from but it's gonna be a great day keep them coming it's our favorite thing to deal with,sarcastic
train-02227-interp1,train-02227,interpretation,1,we don't like dealing with angry tenants,not_sarcastic
train-02227-interp2,train-02227,interpretation,2,angry tennants is the worse thing to deal with this is a horrible time,not_sarcastic
train-02228-orig,train-02228,original,0,i've been coaching college track and field for the last two years on oneyear deals so i totally know what ken hitchcock feels like,sarcastic
train-02228-interp1,train-02228,interpretation,1,i've been coaching college track and field for the last two years on oneyear deals so i don t know what ken hitchcock feels like,not_sarcastic
train-02228-interp2,train-02228,interpretation,2,i don't know what he feels like at all,not_sarcastic
train-02229-orig,train-02229,original,0,i'm writing right now and i remembered the lyrics to a song i wrote when i was 8 hahaha so would've been a hit,sarcastic
train-02229-interp1,train-02229,interpretation,1,i'm writing right now and i remembered the lyrics to a song i wrote when i was 8 it would not have been a hit,not_sarcastic
train-02229-interp2,train-02229,interpretation,2,i couldn't write very well as a kid,not_sarcastic
train-02230-orig,train-02230,original,0,i'm trying this new thing where i queue up a bunch of music and let it play without skipping but yeah,sarcastic
train-02230-interp1,train-02230,interpretation,1,i keep skipping music,not_sarcastic
train-02230-interp2,train-02230,interpretation,2,i don't like any of the music i have today,not_sarcastic
train-02231-orig,train-02231,original,0,i'm totally fine with being used as a means to an end you know like i don't have any feelings or anything,sarcastic
train-02231-interp1,train-02231,interpretation,1,don't use me i have feelings,not_sarcastic
train-02231-interp2,train-02231,interpretation,2,i have feelings and i'm not fine with this treatment,not_sarcastic
train-02232-orig,train-02232,original,0,i'm sure the reopening of voter registration was in no way related to the recent opinion poll results,sarcastic
train-02232-interp1,train-02232,interpretation,1,the reopening of voter registration was due to opinion polls,not_sarcastic
train-02232-interp2,train-02232,interpretation,2,reopening voter registration was related to recent opinion polls,not_sarcastic
train-02233-orig,train-02233,original,0,i'm sure that the higher prevalence rates of anxiety among women as compared to men has nothing to do with patriarchy,sarcastic
train-02233-interp1,train-02233,interpretation,1,anxiety in women is due to patriarchy,not_sarcastic
train-02233-interp2,train-02233,interpretation,2,i believe that the anxiety felt by women has to do with the male patriarchy,not_sarcastic
train-02234-orig,train-02234,original,0,i'm sure all those american players grew up dreaming about this day,sarcastic
train-02234-interp1,train-02234,interpretation,1,i doubt the american players care,not_sarcastic
train-02234-interp2,train-02234,interpretation,2,they didn't dream about this day at all,not_sarcastic
train-02235-orig,train-02235,original,0,i'm super stoked to go grocery shopping,sarcastic
train-02235-interp1,train-02235,interpretation,1,i'm not excited to go grocery shopping,not_sarcastic
train-02235-interp2,train-02235,interpretation,2,i am not that excited to go grocery shopping,not_sarcastic
train-02236-orig,train-02236,original,0,i'm super glad that i am working today and doing absolutely nothing,sarcastic
train-02236-interp1,train-02236,interpretation,1,i'm not glad to be working today,not_sarcastic
train-02236-interp2,train-02236,interpretation,2,i'm bored and wish i wasn't working,not_sarcastic
train-02237-orig,train-02237,original,0,i'm such a sleeping beauty that even my dreams are filled with sleep,sarcastic
train-02237-interp1,train-02237,interpretation,1,i'm such a sleeping beauty that even my dreams are filled with sleep,not_sarcastic
train-02237-interp2,train-02237,interpretation,2,i'm awake probably been awake for days,not_sarcastic
train-02238-orig,train-02238,original,0,i'm such a ray of sunshine this past couple of days but fuck it i'm annoyed,sarcastic
train-02238-interp1,train-02238,interpretation,1,i haven't been pleasant to be around,not_sarcastic
train-02238-interp2,train-02238,interpretation,2,i'm having a bad time,not_sarcastic
train-02239-orig,train-02239,original,0,i'm so responsible,sarcastic
train-02239-interp1,train-02239,interpretation,1,i'm not responsible,not_sarcastic
train-02239-interp2,train-02239,interpretation,2,i'm not responsible at all,not_sarcastic
train-02240-orig,train-02240,original,0,i'm so happy to see when people tweet pictures of their food because i would never know what food looks like,sarcastic
train-02240-interp1,train-02240,interpretation,1,i don't like food pictures,not_sarcastic
train-02240-interp2,train-02240,interpretation,2,i'm really hating all the pictures of food,not_sarcastic
train-02241-orig,train-02241,original,0,i'm so happy i'm a feminist that doesn't care about those silly things or i would be having a break down,sarcastic
train-02241-interp1,train-02241,interpretation,1,i'm a feminist and i care about those things,not_sarcastic
train-02241-interp2,train-02241,interpretation,2,i'm not happy because i do care about those things and i think i'm having a breakdown,not_sarcastic
train-02242-orig,train-02242,original,0,i'm so good at practicing what i preach,sarcastic
train-02242-interp1,train-02242,interpretation,1,i don't practice what i preach,not_sarcastic
train-02242-interp2,train-02242,interpretation,2,i do not actively do what i tell others to do,not_sarcastic
train-02243-orig,train-02243,original,0,i'm so glad i'm engaged now i don't have to worry about my charming personality attracting boys,sarcastic
train-02243-interp1,train-02243,interpretation,1,i don't have a charming personality,not_sarcastic
train-02243-interp2,train-02243,interpretation,2,i still have to worry about charming the boys cause i'm amazing,not_sarcastic
train-02244-orig,train-02244,original,0,i'm so glad i live in a world where everyone is a parenting and gorilla expert,sarcastic
train-02244-interp1,train-02244,interpretation,1,people are not parenting or gorilla experts,not_sarcastic
train-02244-interp2,train-02244,interpretation,2,people love to talk about things they don't know anything about,not_sarcastic
train-02245-orig,train-02245,original,0,i'm so glad i have work tomorrow,sarcastic
train-02245-interp1,train-02245,interpretation,1,i'm not excited about work tomorrow,not_sarcastic
train-02245-interp2,train-02245,interpretation,2,i'm not happy about working tomorrow,not_sarcastic
train-02246-orig,train-02246,original,0,i'm so glad blake shelton took the time to dress up for this,sarcastic
train-02246-interp1,train-02246,interpretation,1,blake shelton did not dress up for this,not_sarcastic
train-02246-interp2,train-02246,interpretation,2,blake is very underdressed for this event,not_sarcastic
train-02247-orig,train-02247,original,0,i'm so glad all my snapchat friends posted pictures of the ks sunset tonight or i might not have seen it,sarcastic
train-02247-interp1,train-02247,interpretation,1,i can see the sunset without you posting pictures of it,not_sarcastic
train-02247-interp2,train-02247,interpretation,2,enough with the sunset photos we all know what one looks like,not_sarcastic
train-02248-orig,train-02248,original,0,i'm so excited to be doing my number 1 favorite activity cleaning up and packing,sarcastic
train-02248-interp1,train-02248,interpretation,1,i don't like cleaning and packing,not_sarcastic
train-02248-interp2,train-02248,interpretation,2,i hate cleaning up and packing my least favourite thing,not_sarcastic
train-02249-orig,train-02249,original,0,i'm shocked upton stuck out with the based loaded,sarcastic
train-02249-interp1,train-02249,interpretation,1,i'm not shocked upton stuck out with the based loaded,not_sarcastic
train-02249-interp2,train-02249,interpretation,2,i'm not shocked upton struck out i expected it,not_sarcastic
train-02250-orig,train-02250,original,0,i'm shocked that there are continuing problems with the hartford yard goats stadium,sarcastic
train-02250-interp1,train-02250,interpretation,1,i am not shocked there are problems with the stadium,not_sarcastic
train-02250-interp2,train-02250,interpretation,2,i'm not shocked by the problems at all,not_sarcastic
train-02251-orig,train-02251,original,0,i'm really looking forward to being at work at 7 am tomorrow,sarcastic
train-02251-interp1,train-02251,interpretation,1,im not looking forward to going to work early tomorrow,not_sarcastic
train-02251-interp2,train-02251,interpretation,2,not looking forward to work at all,not_sarcastic
train-02252-orig,train-02252,original,0,i'm ready for football weightlifting tomorrow,sarcastic
train-02252-interp1,train-02252,interpretation,1,i am not ready for football weightlifting tomorrow,not_sarcastic
train-02252-interp2,train-02252,interpretation,2,i am not looking forward to working out tomorrow,not_sarcastic
train-02253-orig,train-02253,original,0,i'm pissed this series ain't looking like it'll make it to 7 smh i'm tired of cleveland letting me down,sarcastic
train-02253-interp1,train-02253,interpretation,1,cleveland is not bringing me down,not_sarcastic
train-02253-interp2,train-02253,interpretation,2,i'm loving this series cleveland is making me proud,not_sarcastic
train-02254-orig,train-02254,original,0,i'm loving the ceasefire in syria,sarcastic
train-02254-interp1,train-02254,interpretation,1,there is not cease fire in syria,not_sarcastic
train-02254-interp2,train-02254,interpretation,2,there is no ceasefire in syria,not_sarcastic
train-02255-orig,train-02255,original,0,i'm listening to slayer before bedtime yeah that will get me to go to sleep quickly,sarcastic
train-02255-interp1,train-02255,interpretation,1,listening to slayer before bed will not help me get to sleep,not_sarcastic
train-02255-interp2,train-02255,interpretation,2,loud metal music will make it hard to sleep,not_sarcastic
train-02256-orig,train-02256,original,0,i'm just as upset about women having an abortion as i am about old ppl dying we need to stop this now xp,sarcastic
train-02256-interp1,train-02256,interpretation,1,i am not upset by abortion,not_sarcastic
train-02256-interp2,train-02256,interpretation,2,we don't need to stop it and i don't care,not_sarcastic
train-02257-orig,train-02257,original,0,i'm just a heaux ass nigga,sarcastic
train-02257-interp1,train-02257,interpretation,1,i'm just a heaux ass nigga,not_sarcastic
train-02257-interp2,train-02257,interpretation,2,i'm just a heaux ass nigga,not_sarcastic
train-02258-orig,train-02258,original,0,i'm hungover i haven't ate all day amp i just got to work it's gunna be a great day,sarcastic
train-02258-interp1,train-02258,interpretation,1,i'm hungover i haven't ate all day amp i just got to work it's not gunna be a great day,not_sarcastic
train-02258-interp2,train-02258,interpretation,2,i'm hungover i haven't ate all day amp i just got to work it's gunna be a bad day,not_sarcastic
train-02259-orig,train-02259,original,0,i'm going to a stranger's 1 st birthday party now yay,sarcastic
train-02259-interp1,train-02259,interpretation,1,not excited about attending a stranger's 1 st birthday party,not_sarcastic
train-02259-interp2,train-02259,interpretation,2,i'm not looking forward to going to this party,not_sarcastic
train-02260-orig,train-02260,original,0,i'm glad these rabbits are enjoying the fresh cut lawn i mowed,sarcastic
train-02260-interp1,train-02260,interpretation,1,i don't like rabbits on my lawn,not_sarcastic
train-02260-interp2,train-02260,interpretation,2,i'm thinking of running over the rabbits with the lawn mower i used to cut the grass,not_sarcastic
train-02261-orig,train-02261,original,0,i'm glad rose mcgowan was around to tell us that in the context of society women are weaker than men regardless of mutant gene,sarcastic
train-02261-interp1,train-02261,interpretation,1,i'm not excited that rose mcgowan said women are inferior to men,not_sarcastic
train-02261-interp2,train-02261,interpretation,2,i think rose mcgowan is an idiot,not_sarcastic
train-02262-orig,train-02262,original,0,i'm glad my dad can manage money so well,sarcastic
train-02262-interp1,train-02262,interpretation,1,my dad doesn't manage money well,not_sarcastic
train-02262-interp2,train-02262,interpretation,2,dad's broke,not_sarcastic
train-02263-orig,train-02263,original,0,i'm glad joel diaz has helped provodnikov with his defense,sarcastic
train-02263-interp1,train-02263,interpretation,1,joel diaz has not helped provodnikov with his defense,not_sarcastic
train-02263-interp2,train-02263,interpretation,2,joel diaz has done nothing to help provodnikov not be terrible,not_sarcastic
train-02264-orig,train-02264,original,0,i'm glad i'm still on,sarcastic
train-02264-interp1,train-02264,interpretation,1,i'm not glad i'm still on,not_sarcastic
train-02264-interp2,train-02264,interpretation,2,i'm not glad to still be on,not_sarcastic
train-02265-orig,train-02265,original,0,i'm glad i got to vote for bernie while there was still a chance,sarcastic
train-02265-interp1,train-02265,interpretation,1,not glad i voted for bernie,not_sarcastic
train-02265-interp2,train-02265,interpretation,2,bernie was never going to win,not_sarcastic
train-02266-orig,train-02266,original,0,i'm glad everyone only cares about partying on memorial day,sarcastic
train-02266-interp1,train-02266,interpretation,1,i wish people thought of more than partying,not_sarcastic
train-02266-interp2,train-02266,interpretation,2,memorial day is about more than partying show some respect,not_sarcastic
train-02267-orig,train-02267,original,0,i'm always happy to work all three shifts in the same week out of order jklol,sarcastic
train-02267-interp1,train-02267,interpretation,1,i don't like working all 3 shifts out of order at work,not_sarcastic
train-02267-interp2,train-02267,interpretation,2,this is not how i like my work schedule at all,not_sarcastic
train-02268-orig,train-02268,original,0,i would just like to take this time to congratulate my fellow seniors on the coolest and funniest senior prank of all time,sarcastic
train-02268-interp1,train-02268,interpretation,1,my fellow seniors this was the stupidest senior prank of all time,not_sarcastic
train-02268-interp2,train-02268,interpretation,2,it was a lame and horrible prank be ashamed,not_sarcastic
train-02269-orig,train-02269,original,0,i would just like to say that this annoying dry cough i have is amazing,sarcastic
train-02269-interp1,train-02269,interpretation,1,i would just like to say that this annoying dry cough i have is not amazing,not_sarcastic
train-02269-interp2,train-02269,interpretation,2,this cough is fucking horrible,not_sarcastic
train-02270-orig,train-02270,original,0,i wonder who will win best musical,sarcastic
train-02270-interp1,train-02270,interpretation,1,i'm sure of who will win best musical,not_sarcastic
train-02270-interp2,train-02270,interpretation,2,i know who will win,not_sarcastic
train-02271-orig,train-02271,original,0,i wonder what position the braves will draft with their next pick ?,sarcastic
train-02271-interp1,train-02271,interpretation,1,i know what position the braves will draft next,not_sarcastic
train-02271-interp2,train-02271,interpretation,2,i know that they are going to pick,not_sarcastic
train-02272-orig,train-02272,original,0,i wonder if anyone will blame vince mcmahon for kimbo slice dying young vince seems to get blamed for that stuff,sarcastic
train-02272-interp1,train-02272,interpretation,1,everyone will blame vince mcmahon for kimbo slice dying young why does vince seems to get blamed for that stuff ?,not_sarcastic
train-02272-interp2,train-02272,interpretation,2,i wonder if anyone will blame vince mcmahon for kimbo slice dying young vince seems to get blamed for that stuff,not_sarcastic
train-02273-orig,train-02273,original,0,i watched this movie amp i'm pretty sure this actress didn't really have a f amp ing migraine that really pisses me off,sarcastic
train-02273-interp1,train-02273,interpretation,1,i watched this movie amp i'm pretty sure this actress didn't really have a f amp ing migraine that really pisses me off,not_sarcastic
train-02273-interp2,train-02273,interpretation,2,this movie sucks,not_sarcastic
train-02274-orig,train-02274,original,0,i was shocked to hear that caller jim from finebaum doesn't respect women and believes white males are due for a lift up shocked,sarcastic
train-02274-interp1,train-02274,interpretation,1,i was not shocked to hear that caller jim from finebaum doesn't respect women and believes white males are due for a lift up,not_sarcastic
train-02274-interp2,train-02274,interpretation,2,i knew that guy was going to be a piece of shit from the start,not_sarcastic
train-02275-orig,train-02275,original,0,i was lucky enough to be the winner of the raffle,sarcastic
train-02275-interp1,train-02275,interpretation,1,i did not win the raffle,not_sarcastic
train-02275-interp2,train-02275,interpretation,2,i didn't win the raffle or didn't want to,not_sarcastic
train-02276-orig,train-02276,original,0,i was back bencher of the class now i'm prowd of it,sarcastic
train-02276-interp1,train-02276,interpretation,1,i was back bencher of the class now i'm prowd of it,not_sarcastic
train-02276-interp2,train-02276,interpretation,2,i'm not proud of it,not_sarcastic
train-02277-orig,train-02277,original,0,i want to take excederin for my migraine but i'm a drug addict so i probably shouldn't go down that road again huh itsfine,sarcastic
train-02277-interp1,train-02277,interpretation,1,excedrin is not addicting,not_sarcastic
train-02277-interp2,train-02277,interpretation,2,i've had issues but i also need pain relief,not_sarcastic
train-02278-orig,train-02278,original,0,i vote travis wood to the all star game after today,sarcastic
train-02278-interp1,train-02278,interpretation,1,travis wood did not play well,not_sarcastic
train-02278-interp2,train-02278,interpretation,2,travis wood had a horrible game,not_sarcastic
train-02279-orig,train-02279,original,0,i totally didn't just buy a book about the founding fathers not at all ? ? ?,sarcastic
train-02279-interp1,train-02279,interpretation,1,i just bought a book about the founding fathers,not_sarcastic
train-02279-interp2,train-02279,interpretation,2,i did buy a book about the founding fathers and i want everyone to know how cultured i am,not_sarcastic
train-02280-orig,train-02280,original,0,i think rob has been out more times in the last month than actual new yorkers,sarcastic
train-02280-interp1,train-02280,interpretation,1,rob does not go out much,not_sarcastic
train-02280-interp2,train-02280,interpretation,2,rob gets out a lot,not_sarcastic
train-02281-orig,train-02281,original,0,i think my ears are gone bad bcoz every time i ask a girl for a relationship i hear no,sarcastic
train-02281-interp1,train-02281,interpretation,1,girls don't want to have a relationship with me,not_sarcastic
train-02281-interp2,train-02281,interpretation,2,my ears are fine but girls are bad,not_sarcastic
train-02282-orig,train-02282,original,0,i technically tweet about myself being sarcastic like always,sarcastic
train-02282-interp1,train-02282,interpretation,1,i don't tweet about myself,not_sarcastic
train-02282-interp2,train-02282,interpretation,2,i technically tweet about myself being sarcastic like always,not_sarcastic
train-02283-orig,train-02283,original,0,i take back what i said earlier gsw just made a layup i stand corrected,sarcastic
train-02283-interp1,train-02283,interpretation,1,i take back what i said earlier gsw just made a layup i stand corrected,not_sarcastic
train-02283-interp2,train-02283,interpretation,2,i stand by my previous statement,not_sarcastic
train-02284-orig,train-02284,original,0,i swear i just keep making great decision after great decision,sarcastic
train-02284-interp1,train-02284,interpretation,1,i keep making terrible decisions,not_sarcastic
train-02284-interp2,train-02284,interpretation,2,i've made some bad decisions,not_sarcastic
train-02285-orig,train-02285,original,0,i sure know how to pick em,sarcastic
train-02285-interp1,train-02285,interpretation,1,i don't know how to pick them,not_sarcastic
train-02285-interp2,train-02285,interpretation,2,i can't pick em,not_sarcastic
train-02286-orig,train-02286,original,0,i suppose there comes a time in everyone's life when they have to delete their facebook because it keeps getting hacked into,sarcastic
train-02286-interp1,train-02286,interpretation,1,people don't shut down their facebook accounts because of hacking,not_sarcastic
train-02286-interp2,train-02286,interpretation,2,my facebook got hacked so i deleted it,not_sarcastic
train-02287-orig,train-02287,original,0,i sit at the corner of the room pretending texting msgs infact i get out of the circus gng n,sarcastic
train-02287-interp1,train-02287,interpretation,1,i sit at the corner of the room pretending texting msgs infact i get out of the circus gng n,not_sarcastic
train-02287-interp2,train-02287,interpretation,2,i sit at the corner of the room pretending texting msgs infact i get out of the circus gng n,not_sarcastic
train-02288-orig,train-02288,original,0,i should have said,sarcastic
train-02288-interp1,train-02288,interpretation,1,i should have said sarcasm,not_sarcastic
train-02288-interp2,train-02288,interpretation,2,i should have said,not_sarcastic
train-02289-orig,train-02289,original,0,i see the amityville horror house is for sale i mean that will be great investment why not,sarcastic
train-02289-interp1,train-02289,interpretation,1,the amityville horror house is not a good investment,not_sarcastic
train-02289-interp2,train-02289,interpretation,2,not a great investment people were murdered there,not_sarcastic
train-02290-orig,train-02290,original,0,i remember the 8 th grade,sarcastic
train-02290-interp1,train-02290,interpretation,1,i don't remember 8 th grade,not_sarcastic
train-02290-interp2,train-02290,interpretation,2,i don't remember 8 th grade at all,not_sarcastic
train-02291-orig,train-02291,original,0,i really love it when someone drinks the last of the coffee and doesn't make another pot,sarcastic
train-02291-interp1,train-02291,interpretation,1,i don't like when people drink all the coffee and don't make more,not_sarcastic
train-02291-interp2,train-02291,interpretation,2,i really wish people that drank the last of the coffee would be be considerate towards others and make more,not_sarcastic
train-02292-orig,train-02292,original,0,i really love it when i am not listened to even more so when it's proven in writing,sarcastic
train-02292-interp1,train-02292,interpretation,1,i don't like being ignored,not_sarcastic
train-02292-interp2,train-02292,interpretation,2,i really wish i wasn't being ignored,not_sarcastic
